day,complaint_type,n
2024-01-01T00:00:00.000,Blocked Driveway,573
2024-01-01T00:00:00.000,Damaged Tree,11
2024-01-01T00:00:00.000,Dead/Dying Tree,3
2024-01-01T00:00:00.000,Dirty Condition,99
2024-01-01T00:00:00.000,HEAT/HOT WATER,850
2024-01-01T00:00:00.000,Illegal Fireworks,144
2024-01-01T00:00:00.000,Illegal Parking,1167
2024-01-01T00:00:00.000,Noise - Residential,1481
2024-01-01T00:00:00.000,Noise - Street/Sidewalk,294
2024-01-01T00:00:00.000,Rodent,78
2024-01-01T00:00:00.000,Street Condition,67
2024-01-02T00:00:00.000,Blocked Driveway,500
2024-01-02T00:00:00.000,Damaged Tree,39
2024-01-02T00:00:00.000,Dead/Dying Tree,9
2024-01-02T00:00:00.000,Dirty Condition,172
2024-01-02T00:00:00.000,HEAT/HOT WATER,1496
2024-01-02T00:00:00.000,Illegal Fireworks,11
2024-01-02T00:00:00.000,Illegal Parking,1410
2024-01-02T00:00:00.000,Noise - Residential,605
2024-01-02T00:00:00.000,Noise - Street/Sidewalk,86
2024-01-02T00:00:00.000,Rodent,112
2024-01-02T00:00:00.000,Snow or Ice,5
2024-01-02T00:00:00.000,Street Condition,198
2024-01-03T00:00:00.000,Blocked Driveway,485
2024-01-03T00:00:00.000,Damaged Tree,39
2024-01-03T00:00:00.000,Dead/Dying Tree,21
2024-01-03T00:00:00.000,Dirty Condition,223
2024-01-03T00:00:00.000,HEAT/HOT WATER,1327
2024-01-03T00:00:00.000,Illegal Fireworks,4
2024-01-03T00:00:00.000,Illegal Parking,1468
2024-01-03T00:00:00.000,Noise - Residential,657
2024-01-03T00:00:00.000,Noise - Street/Sidewalk,90
2024-01-03T00:00:00.000,Rodent,91
2024-01-03T00:00:00.000,Snow or Ice,6
2024-01-03T00:00:00.000,Street Condition,200
2024-01-04T00:00:00.000,Blocked Driveway,509
2024-01-04T00:00:00.000,Damaged Tree,40
2024-01-04T00:00:00.000,Dead/Dying Tree,23
2024-01-04T00:00:00.000,Dirty Condition,201
2024-01-04T00:00:00.000,HEAT/HOT WATER,1495
2024-01-04T00:00:00.000,Illegal Fireworks,15
2024-01-04T00:00:00.000,Illegal Parking,1519
2024-01-04T00:00:00.000,Noise - Residential,562
2024-01-04T00:00:00.000,Noise - Street/Sidewalk,121
2024-01-04T00:00:00.000,Rodent,96
2024-01-04T00:00:00.000,Snow or Ice,3
2024-01-04T00:00:00.000,Street Condition,210
2024-01-05T00:00:00.000,Blocked Driveway,534
2024-01-05T00:00:00.000,Damaged Tree,51
2024-01-05T00:00:00.000,Dead/Dying Tree,16
2024-01-05T00:00:00.000,Dirty Condition,136
2024-01-05T00:00:00.000,HEAT/HOT WATER,1934
2024-01-05T00:00:00.000,Illegal Parking,1497
2024-01-05T00:00:00.000,Noise - Residential,605
2024-01-05T00:00:00.000,Noise - Street/Sidewalk,110
2024-01-05T00:00:00.000,Rodent,84
2024-01-05T00:00:00.000,Snow or Ice,17
2024-01-05T00:00:00.000,Street Condition,146
2024-01-06T00:00:00.000,Blocked Driveway,511
2024-01-06T00:00:00.000,Damaged Tree,19
2024-01-06T00:00:00.000,Dead/Dying Tree,10
2024-01-06T00:00:00.000,Dirty Condition,102
2024-01-06T00:00:00.000,HEAT/HOT WATER,1638
2024-01-06T00:00:00.000,Illegal Fireworks,1
2024-01-06T00:00:00.000,Illegal Parking,1276
2024-01-06T00:00:00.000,Noise - Residential,882
2024-01-06T00:00:00.000,Noise - Street/Sidewalk,115
2024-01-06T00:00:00.000,Rodent,62
2024-01-06T00:00:00.000,Snow or Ice,3
2024-01-06T00:00:00.000,Street Condition,53
2024-01-07T00:00:00.000,Blocked Driveway,448
2024-01-07T00:00:00.000,Damaged Tree,30
2024-01-07T00:00:00.000,Dead/Dying Tree,3
2024-01-07T00:00:00.000,Dirty Condition,81
2024-01-07T00:00:00.000,HEAT/HOT WATER,1286
2024-01-07T00:00:00.000,Illegal Parking,1163
2024-01-07T00:00:00.000,Noise - Residential,873
2024-01-07T00:00:00.000,Noise - Street/Sidewalk,86
2024-01-07T00:00:00.000,Rodent,73
2024-01-07T00:00:00.000,Snow or Ice,14
2024-01-07T00:00:00.000,Street Condition,67
2024-01-08T00:00:00.000,Blocked Driveway,478
2024-01-08T00:00:00.000,Damaged Tree,47
2024-01-08T00:00:00.000,Dead/Dying Tree,20
2024-01-08T00:00:00.000,Dirty Condition,146
2024-01-08T00:00:00.000,HEAT/HOT WATER,1336
2024-01-08T00:00:00.000,Illegal Fireworks,4
2024-01-08T00:00:00.000,Illegal Parking,1530
2024-01-08T00:00:00.000,Noise - Residential,586
2024-01-08T00:00:00.000,Noise - Street/Sidewalk,121
2024-01-08T00:00:00.000,Rodent,127
2024-01-08T00:00:00.000,Snow or Ice,1
2024-01-08T00:00:00.000,Street Condition,160
2024-01-09T00:00:00.000,Blocked Driveway,453
2024-01-09T00:00:00.000,Damaged Tree,86
2024-01-09T00:00:00.000,Dead/Dying Tree,22
2024-01-09T00:00:00.000,Dirty Condition,128
2024-01-09T00:00:00.000,HEAT/HOT WATER,1251
2024-01-09T00:00:00.000,Illegal Fireworks,1
2024-01-09T00:00:00.000,Illegal Parking,1313
2024-01-09T00:00:00.000,Noise - Residential,477
2024-01-09T00:00:00.000,Noise - Street/Sidewalk,58
2024-01-09T00:00:00.000,Rodent,101
2024-01-09T00:00:00.000,Snow or Ice,1
2024-01-09T00:00:00.000,Street Condition,179
2024-01-10T00:00:00.000,Blocked Driveway,514
2024-01-10T00:00:00.000,Damaged Tree,345
2024-01-10T00:00:00.000,Dead/Dying Tree,55
2024-01-10T00:00:00.000,Dirty Condition,139
2024-01-10T00:00:00.000,HEAT/HOT WATER,1118
2024-01-10T00:00:00.000,Illegal Fireworks,2
2024-01-10T00:00:00.000,Illegal Parking,1452
2024-01-10T00:00:00.000,Noise - Residential,508
2024-01-10T00:00:00.000,Noise - Street/Sidewalk,153
2024-01-10T00:00:00.000,Rodent,126
2024-01-10T00:00:00.000,Snow or Ice,1
2024-01-10T00:00:00.000,Street Condition,221
2024-01-11T00:00:00.000,Blocked Driveway,487
2024-01-11T00:00:00.000,Damaged Tree,97
2024-01-11T00:00:00.000,Dead/Dying Tree,23
2024-01-11T00:00:00.000,Dirty Condition,126
2024-01-11T00:00:00.000,HEAT/HOT WATER,1090
2024-01-11T00:00:00.000,Illegal Fireworks,1
2024-01-11T00:00:00.000,Illegal Parking,1662
2024-01-11T00:00:00.000,Noise - Residential,555
2024-01-11T00:00:00.000,Noise - Street/Sidewalk,171
2024-01-11T00:00:00.000,Rodent,111
2024-01-11T00:00:00.000,Street Condition,167
2024-01-12T00:00:00.000,Blocked Driveway,479
2024-01-12T00:00:00.000,Damaged Tree,59
2024-01-12T00:00:00.000,Dead/Dying Tree,28
2024-01-12T00:00:00.000,Dirty Condition,123
2024-01-12T00:00:00.000,HEAT/HOT WATER,947
2024-01-12T00:00:00.000,Illegal Fireworks,2
2024-01-12T00:00:00.000,Illegal Parking,1531
2024-01-12T00:00:00.000,Noise - Residential,640
2024-01-12T00:00:00.000,Noise - Street/Sidewalk,169
2024-01-12T00:00:00.000,Rodent,101
2024-01-12T00:00:00.000,Snow or Ice,1
2024-01-12T00:00:00.000,Street Condition,158
2024-01-13T00:00:00.000,Blocked Driveway,471
2024-01-13T00:00:00.000,Damaged Tree,121
2024-01-13T00:00:00.000,Dead/Dying Tree,11
2024-01-13T00:00:00.000,Dirty Condition,71
2024-01-13T00:00:00.000,HEAT/HOT WATER,946
2024-01-13T00:00:00.000,Illegal Fireworks,2
2024-01-13T00:00:00.000,Illegal Parking,1187
2024-01-13T00:00:00.000,Noise - Residential,843
2024-01-13T00:00:00.000,Noise - Street/Sidewalk,139
2024-01-13T00:00:00.000,Rodent,68
2024-01-13T00:00:00.000,Street Condition,73
2024-01-14T00:00:00.000,Blocked Driveway,489
2024-01-14T00:00:00.000,Damaged Tree,118
2024-01-14T00:00:00.000,Dead/Dying Tree,13
2024-01-14T00:00:00.000,Dirty Condition,110
2024-01-14T00:00:00.000,HEAT/HOT WATER,1708
2024-01-14T00:00:00.000,Illegal Fireworks,1
2024-01-14T00:00:00.000,Illegal Parking,1288
2024-01-14T00:00:00.000,Noise - Residential,902
2024-01-14T00:00:00.000,Noise - Street/Sidewalk,123
2024-01-14T00:00:00.000,Rodent,68
2024-01-14T00:00:00.000,Snow or Ice,15
2024-01-14T00:00:00.000,Street Condition,84
2024-01-15T00:00:00.000,Blocked Driveway,513
2024-01-15T00:00:00.000,Damaged Tree,73
2024-01-15T00:00:00.000,Dead/Dying Tree,15
2024-01-15T00:00:00.000,Dirty Condition,99
2024-01-15T00:00:00.000,HEAT/HOT WATER,2704
2024-01-15T00:00:00.000,Illegal Parking,1133
2024-01-15T00:00:00.000,Noise - Residential,649
2024-01-15T00:00:00.000,Noise - Street/Sidewalk,86
2024-01-15T00:00:00.000,Rodent,112
2024-01-15T00:00:00.000,Snow or Ice,41
2024-01-15T00:00:00.000,Street Condition,110
2024-01-16T00:00:00.000,Blocked Driveway,480
2024-01-16T00:00:00.000,Damaged Tree,60
2024-01-16T00:00:00.000,Dead/Dying Tree,29
2024-01-16T00:00:00.000,Dirty Condition,65
2024-01-16T00:00:00.000,HEAT/HOT WATER,2669
2024-01-16T00:00:00.000,Illegal Parking,870
2024-01-16T00:00:00.000,Noise - Residential,545
2024-01-16T00:00:00.000,Noise - Street/Sidewalk,60
2024-01-16T00:00:00.000,Rodent,81
2024-01-16T00:00:00.000,Snow or Ice,159
2024-01-16T00:00:00.000,Street Condition,164
2024-01-17T00:00:00.000,Blocked Driveway,493
2024-01-17T00:00:00.000,Damaged Tree,45
2024-01-17T00:00:00.000,Dead/Dying Tree,13
2024-01-17T00:00:00.000,Dirty Condition,89
2024-01-17T00:00:00.000,HEAT/HOT WATER,3298
2024-01-17T00:00:00.000,Illegal Parking,1052
2024-01-17T00:00:00.000,Noise - Residential,501
2024-01-17T00:00:00.000,Noise - Street/Sidewalk,43
2024-01-17T00:00:00.000,Rodent,61
2024-01-17T00:00:00.000,Snow or Ice,1266
2024-01-17T00:00:00.000,Street Condition,175
2024-01-18T00:00:00.000,Blocked Driveway,444
2024-01-18T00:00:00.000,Damaged Tree,33
2024-01-18T00:00:00.000,Dead/Dying Tree,6
2024-01-18T00:00:00.000,Dirty Condition,78
2024-01-18T00:00:00.000,HEAT/HOT WATER,3784
2024-01-18T00:00:00.000,Illegal Parking,1300
2024-01-18T00:00:00.000,Noise - Residential,552
2024-01-18T00:00:00.000,Noise - Street/Sidewalk,61
2024-01-18T00:00:00.000,Rodent,80
2024-01-18T00:00:00.000,Snow or Ice,935
2024-01-18T00:00:00.000,Street Condition,180
2024-01-19T00:00:00.000,Blocked Driveway,475
2024-01-19T00:00:00.000,Damaged Tree,42
2024-01-19T00:00:00.000,Dead/Dying Tree,4
2024-01-19T00:00:00.000,Dirty Condition,65
2024-01-19T00:00:00.000,HEAT/HOT WATER,2244
2024-01-19T00:00:00.000,Illegal Fireworks,2
2024-01-19T00:00:00.000,Illegal Parking,1116
2024-01-19T00:00:00.000,Noise - Residential,718
2024-01-19T00:00:00.000,Noise - Street/Sidewalk,76
2024-01-19T00:00:00.000,Rodent,78
2024-01-19T00:00:00.000,Snow or Ice,246
2024-01-19T00:00:00.000,Street Condition,108
2024-01-20T00:00:00.000,Blocked Driveway,418
2024-01-20T00:00:00.000,Damaged Tree,11
2024-01-20T00:00:00.000,Dead/Dying Tree,6
2024-01-20T00:00:00.000,Dirty Condition,43
2024-01-20T00:00:00.000,HEAT/HOT WATER,2901
2024-01-20T00:00:00.000,Illegal Parking,925
2024-01-20T00:00:00.000,Noise - Residential,779
2024-01-20T00:00:00.000,Noise - Street/Sidewalk,80
2024-01-20T00:00:00.000,Rodent,42
2024-01-20T00:00:00.000,Snow or Ice,210
2024-01-20T00:00:00.000,Street Condition,73
2024-01-21T00:00:00.000,Blocked Driveway,426
2024-01-21T00:00:00.000,Damaged Tree,17
2024-01-21T00:00:00.000,Dead/Dying Tree,6
2024-01-21T00:00:00.000,Dirty Condition,61
2024-01-21T00:00:00.000,HEAT/HOT WATER,2993
2024-01-21T00:00:00.000,Illegal Fireworks,2
2024-01-21T00:00:00.000,Illegal Parking,955
2024-01-21T00:00:00.000,Noise - Residential,838
2024-01-21T00:00:00.000,Noise - Street/Sidewalk,88
2024-01-21T00:00:00.000,Rodent,77
2024-01-21T00:00:00.000,Snow or Ice,118
2024-01-21T00:00:00.000,Street Condition,78
2024-01-22T00:00:00.000,Blocked Driveway,485
2024-01-22T00:00:00.000,Damaged Tree,28
2024-01-22T00:00:00.000,Dead/Dying Tree,6
2024-01-22T00:00:00.000,Dirty Condition,106
2024-01-22T00:00:00.000,HEAT/HOT WATER,2218
2024-01-22T00:00:00.000,Illegal Fireworks,1
2024-01-22T00:00:00.000,Illegal Parking,1354
2024-01-22T00:00:00.000,Noise - Residential,642
2024-01-22T00:00:00.000,Noise - Street/Sidewalk,89
2024-01-22T00:00:00.000,Rodent,94
2024-01-22T00:00:00.000,Snow or Ice,154
2024-01-22T00:00:00.000,Street Condition,175
2024-01-23T00:00:00.000,Blocked Driveway,477
2024-01-23T00:00:00.000,Damaged Tree,42
2024-01-23T00:00:00.000,Dead/Dying Tree,8
2024-01-23T00:00:00.000,Dirty Condition,123
2024-01-23T00:00:00.000,HEAT/HOT WATER,1471
2024-01-23T00:00:00.000,Illegal Parking,1368
2024-01-23T00:00:00.000,Noise - Residential,637
2024-01-23T00:00:00.000,Noise - Street/Sidewalk,91
2024-01-23T00:00:00.000,Rodent,88
2024-01-23T00:00:00.000,Snow or Ice,40
2024-01-23T00:00:00.000,Street Condition,217
2024-01-24T00:00:00.000,Blocked Driveway,454
2024-01-24T00:00:00.000,Damaged Tree,37
2024-01-24T00:00:00.000,Dead/Dying Tree,5
2024-01-24T00:00:00.000,Dirty Condition,163
2024-01-24T00:00:00.000,HEAT/HOT WATER,1179
2024-01-24T00:00:00.000,Illegal Fireworks,1
2024-01-24T00:00:00.000,Illegal Parking,1350
2024-01-24T00:00:00.000,Noise - Residential,677
2024-01-24T00:00:00.000,Noise - Street/Sidewalk,104
2024-01-24T00:00:00.000,Rodent,105
2024-01-24T00:00:00.000,Snow or Ice,2
2024-01-24T00:00:00.000,Street Condition,237
2024-01-25T00:00:00.000,Blocked Driveway,456
2024-01-25T00:00:00.000,Damaged Tree,38
2024-01-25T00:00:00.000,Dead/Dying Tree,9
2024-01-25T00:00:00.000,Dirty Condition,175
2024-01-25T00:00:00.000,HEAT/HOT WATER,855
2024-01-25T00:00:00.000,Illegal Fireworks,2
2024-01-25T00:00:00.000,Illegal Parking,1538
2024-01-25T00:00:00.000,Noise - Residential,623
2024-01-25T00:00:00.000,Noise - Street/Sidewalk,156
2024-01-25T00:00:00.000,Rodent,123
2024-01-25T00:00:00.000,Snow or Ice,1
2024-01-25T00:00:00.000,Street Condition,206
2024-01-26T00:00:00.000,Blocked Driveway,464
2024-01-26T00:00:00.000,Damaged Tree,37
2024-01-26T00:00:00.000,Dead/Dying Tree,12
2024-01-26T00:00:00.000,Dirty Condition,190
2024-01-26T00:00:00.000,HEAT/HOT WATER,860
2024-01-26T00:00:00.000,Illegal Fireworks,1
2024-01-26T00:00:00.000,Illegal Parking,1544
2024-01-26T00:00:00.000,Noise - Residential,720
2024-01-26T00:00:00.000,Noise - Street/Sidewalk,159
2024-01-26T00:00:00.000,Rodent,98
2024-01-26T00:00:00.000,Street Condition,178
2024-01-27T00:00:00.000,Blocked Driveway,471
2024-01-27T00:00:00.000,Damaged Tree,25
2024-01-27T00:00:00.000,Dead/Dying Tree,11
2024-01-27T00:00:00.000,Dirty Condition,140
2024-01-27T00:00:00.000,HEAT/HOT WATER,798
2024-01-27T00:00:00.000,Illegal Parking,1383
2024-01-27T00:00:00.000,Noise - Residential,1189
2024-01-27T00:00:00.000,Noise - Street/Sidewalk,289
2024-01-27T00:00:00.000,Rodent,100
2024-01-27T00:00:00.000,Street Condition,120
2024-01-28T00:00:00.000,Blocked Driveway,504
2024-01-28T00:00:00.000,Damaged Tree,16
2024-01-28T00:00:00.000,Dead/Dying Tree,1
2024-01-28T00:00:00.000,Dirty Condition,94
2024-01-28T00:00:00.000,HEAT/HOT WATER,1026
2024-01-28T00:00:00.000,Illegal Parking,1215
2024-01-28T00:00:00.000,Noise - Residential,1000
2024-01-28T00:00:00.000,Noise - Street/Sidewalk,124
2024-01-28T00:00:00.000,Rodent,88
2024-01-28T00:00:00.000,Street Condition,126
2024-01-29T00:00:00.000,Blocked Driveway,470
2024-01-29T00:00:00.000,Damaged Tree,31
2024-01-29T00:00:00.000,Dead/Dying Tree,19
2024-01-29T00:00:00.000,Dirty Condition,173
2024-01-29T00:00:00.000,HEAT/HOT WATER,1232
2024-01-29T00:00:00.000,Illegal Fireworks,1
2024-01-29T00:00:00.000,Illegal Parking,1515
2024-01-29T00:00:00.000,Noise - Residential,606
2024-01-29T00:00:00.000,Noise - Street/Sidewalk,97
2024-01-29T00:00:00.000,Rodent,134
2024-01-29T00:00:00.000,Street Condition,294
2024-01-30T00:00:00.000,Blocked Driveway,527
2024-01-30T00:00:00.000,Damaged Tree,29
2024-01-30T00:00:00.000,Dead/Dying Tree,11
2024-01-30T00:00:00.000,Dirty Condition,163
2024-01-30T00:00:00.000,HEAT/HOT WATER,1365
2024-01-30T00:00:00.000,Illegal Parking,1558
2024-01-30T00:00:00.000,Noise - Residential,632
2024-01-30T00:00:00.000,Noise - Street/Sidewalk,104
2024-01-30T00:00:00.000,Rodent,106
2024-01-30T00:00:00.000,Street Condition,321
2024-01-31T00:00:00.000,Blocked Driveway,478
2024-01-31T00:00:00.000,Damaged Tree,46
2024-01-31T00:00:00.000,Dead/Dying Tree,7
2024-01-31T00:00:00.000,Dirty Condition,145
2024-01-31T00:00:00.000,HEAT/HOT WATER,1306
2024-01-31T00:00:00.000,Illegal Fireworks,1
2024-01-31T00:00:00.000,Illegal Parking,1485
2024-01-31T00:00:00.000,Noise - Residential,607
2024-01-31T00:00:00.000,Noise - Street/Sidewalk,104
2024-01-31T00:00:00.000,Rodent,105
2024-01-31T00:00:00.000,Street Condition,235
2024-02-01T00:00:00.000,Blocked Driveway,466
2024-02-01T00:00:00.000,Damaged Tree,46
2024-02-01T00:00:00.000,Dead/Dying Tree,15
2024-02-01T00:00:00.000,Dirty Condition,171
2024-02-01T00:00:00.000,HEAT/HOT WATER,1061
2024-02-01T00:00:00.000,Illegal Parking,1772
2024-02-01T00:00:00.000,Noise - Residential,536
2024-02-01T00:00:00.000,Noise - Street/Sidewalk,134
2024-02-01T00:00:00.000,Rodent,154
2024-02-01T00:00:00.000,Street Condition,287
2024-02-02T00:00:00.000,Blocked Driveway,514
2024-02-02T00:00:00.000,Damaged Tree,32
2024-02-02T00:00:00.000,Dead/Dying Tree,10
2024-02-02T00:00:00.000,Dirty Condition,135
2024-02-02T00:00:00.000,HEAT/HOT WATER,833
2024-02-02T00:00:00.000,Illegal Parking,1503
2024-02-02T00:00:00.000,Noise - Residential,662
2024-02-02T00:00:00.000,Noise - Street/Sidewalk,119
2024-02-02T00:00:00.000,Rodent,118
2024-02-02T00:00:00.000,Street Condition,177
2024-02-03T00:00:00.000,Blocked Driveway,487
2024-02-03T00:00:00.000,Damaged Tree,19
2024-02-03T00:00:00.000,Dead/Dying Tree,7
2024-02-03T00:00:00.000,Dirty Condition,98
2024-02-03T00:00:00.000,HEAT/HOT WATER,962
2024-02-03T00:00:00.000,Illegal Fireworks,1
2024-02-03T00:00:00.000,Illegal Parking,1266
2024-02-03T00:00:00.000,Noise - Residential,1025
2024-02-03T00:00:00.000,Noise - Street/Sidewalk,201
2024-02-03T00:00:00.000,Rodent,89
2024-02-03T00:00:00.000,Street Condition,130
2024-02-04T00:00:00.000,Blocked Driveway,491
2024-02-04T00:00:00.000,Damaged Tree,12
2024-02-04T00:00:00.000,Dead/Dying Tree,6
2024-02-04T00:00:00.000,Dirty Condition,103
2024-02-04T00:00:00.000,HEAT/HOT WATER,967
2024-02-04T00:00:00.000,Illegal Fireworks,3
2024-02-04T00:00:00.000,Illegal Parking,1315
2024-02-04T00:00:00.000,Noise - Residential,986
2024-02-04T00:00:00.000,Noise - Street/Sidewalk,210
2024-02-04T00:00:00.000,Rodent,79
2024-02-04T00:00:00.000,Snow or Ice,3
2024-02-04T00:00:00.000,Street Condition,93
2024-02-05T00:00:00.000,Blocked Driveway,522
2024-02-05T00:00:00.000,Damaged Tree,36
2024-02-05T00:00:00.000,Dead/Dying Tree,16
2024-02-05T00:00:00.000,Dirty Condition,185
2024-02-05T00:00:00.000,HEAT/HOT WATER,1283
2024-02-05T00:00:00.000,Illegal Fireworks,1
2024-02-05T00:00:00.000,Illegal Parking,1526
2024-02-05T00:00:00.000,Noise - Residential,565
2024-02-05T00:00:00.000,Noise - Street/Sidewalk,99
2024-02-05T00:00:00.000,Rodent,110
2024-02-05T00:00:00.000,Snow or Ice,7
2024-02-05T00:00:00.000,Street Condition,272
2024-02-06T00:00:00.000,Blocked Driveway,475
2024-02-06T00:00:00.000,Damaged Tree,37
2024-02-06T00:00:00.000,Dead/Dying Tree,11
2024-02-06T00:00:00.000,Dirty Condition,171
2024-02-06T00:00:00.000,HEAT/HOT WATER,1460
2024-02-06T00:00:00.000,Illegal Parking,1536
2024-02-06T00:00:00.000,Noise - Residential,557
2024-02-06T00:00:00.000,Noise - Street/Sidewalk,98
2024-02-06T00:00:00.000,Rodent,113
2024-02-06T00:00:00.000,Snow or Ice,5
2024-02-06T00:00:00.000,Street Condition,280
2024-02-07T00:00:00.000,Blocked Driveway,495
2024-02-07T00:00:00.000,Damaged Tree,26
2024-02-07T00:00:00.000,Dead/Dying Tree,9
2024-02-07T00:00:00.000,Dirty Condition,158
2024-02-07T00:00:00.000,HEAT/HOT WATER,1061
2024-02-07T00:00:00.000,Illegal Parking,1468
2024-02-07T00:00:00.000,Noise - Residential,556
2024-02-07T00:00:00.000,Noise - Street/Sidewalk,185
2024-02-07T00:00:00.000,Rodent,120
2024-02-07T00:00:00.000,Snow or Ice,2
2024-02-07T00:00:00.000,Street Condition,261
2024-02-08T00:00:00.000,Blocked Driveway,504
2024-02-08T00:00:00.000,Damaged Tree,23
2024-02-08T00:00:00.000,Dead/Dying Tree,13
2024-02-08T00:00:00.000,Dirty Condition,142
2024-02-08T00:00:00.000,HEAT/HOT WATER,858
2024-02-08T00:00:00.000,Illegal Fireworks,2
2024-02-08T00:00:00.000,Illegal Parking,1672
2024-02-08T00:00:00.000,Noise - Residential,586
2024-02-08T00:00:00.000,Noise - Street/Sidewalk,149
2024-02-08T00:00:00.000,Rodent,96
2024-02-08T00:00:00.000,Street Condition,239
2024-02-09T00:00:00.000,Blocked Driveway,448
2024-02-09T00:00:00.000,Damaged Tree,18
2024-02-09T00:00:00.000,Dead/Dying Tree,9
2024-02-09T00:00:00.000,Dirty Condition,152
2024-02-09T00:00:00.000,HEAT/HOT WATER,671
2024-02-09T00:00:00.000,Illegal Fireworks,67
2024-02-09T00:00:00.000,Illegal Parking,1450
2024-02-09T00:00:00.000,Noise - Residential,772
2024-02-09T00:00:00.000,Noise - Street/Sidewalk,321
2024-02-09T00:00:00.000,Rodent,95
2024-02-09T00:00:00.000,Street Condition,189
2024-02-10T00:00:00.000,Blocked Driveway,443
2024-02-10T00:00:00.000,Damaged Tree,26
2024-02-10T00:00:00.000,Dead/Dying Tree,9
2024-02-10T00:00:00.000,Dirty Condition,154
2024-02-10T00:00:00.000,HEAT/HOT WATER,551
2024-02-10T00:00:00.000,Illegal Fireworks,101
2024-02-10T00:00:00.000,Illegal Parking,1383
2024-02-10T00:00:00.000,Noise - Residential,1052
2024-02-10T00:00:00.000,Noise - Street/Sidewalk,401
2024-02-10T00:00:00.000,Rodent,106
2024-02-10T00:00:00.000,Street Condition,113
2024-02-11T00:00:00.000,Blocked Driveway,475
2024-02-11T00:00:00.000,Damaged Tree,17
2024-02-11T00:00:00.000,Dead/Dying Tree,4
2024-02-11T00:00:00.000,Dirty Condition,151
2024-02-11T00:00:00.000,HEAT/HOT WATER,694
2024-02-11T00:00:00.000,Illegal Fireworks,87
2024-02-11T00:00:00.000,Illegal Parking,1417
2024-02-11T00:00:00.000,Noise - Residential,1108
2024-02-11T00:00:00.000,Noise - Street/Sidewalk,298
2024-02-11T00:00:00.000,Rodent,81
2024-02-11T00:00:00.000,Street Condition,90
2024-02-12T00:00:00.000,Blocked Driveway,517
2024-02-12T00:00:00.000,Damaged Tree,25
2024-02-12T00:00:00.000,Dead/Dying Tree,12
2024-02-12T00:00:00.000,Dirty Condition,160
2024-02-12T00:00:00.000,HEAT/HOT WATER,1013
2024-02-12T00:00:00.000,Illegal Fireworks,11
2024-02-12T00:00:00.000,Illegal Parking,1361
2024-02-12T00:00:00.000,Noise - Residential,656
2024-02-12T00:00:00.000,Noise - Street/Sidewalk,157
2024-02-12T00:00:00.000,Rodent,155
2024-02-12T00:00:00.000,Snow or Ice,2
2024-02-12T00:00:00.000,Street Condition,185
2024-02-13T00:00:00.000,Blocked Driveway,406
2024-02-13T00:00:00.000,Damaged Tree,150
2024-02-13T00:00:00.000,Dead/Dying Tree,15
2024-02-13T00:00:00.000,Dirty Condition,53
2024-02-13T00:00:00.000,HEAT/HOT WATER,1319
2024-02-13T00:00:00.000,Illegal Fireworks,6
2024-02-13T00:00:00.000,Illegal Parking,830
2024-02-13T00:00:00.000,Noise - Residential,605
2024-02-13T00:00:00.000,Noise - Street/Sidewalk,62
2024-02-13T00:00:00.000,Rodent,86
2024-02-13T00:00:00.000,Snow or Ice,184
2024-02-13T00:00:00.000,Street Condition,151
2024-02-14T00:00:00.000,Blocked Driveway,433
2024-02-14T00:00:00.000,Damaged Tree,62
2024-02-14T00:00:00.000,Dead/Dying Tree,9
2024-02-14T00:00:00.000,Dirty Condition,83
2024-02-14T00:00:00.000,HEAT/HOT WATER,1353
2024-02-14T00:00:00.000,Illegal Fireworks,3
2024-02-14T00:00:00.000,Illegal Parking,1249
2024-02-14T00:00:00.000,Noise - Residential,539
2024-02-14T00:00:00.000,Noise - Street/Sidewalk,93
2024-02-14T00:00:00.000,Rodent,85
2024-02-14T00:00:00.000,Snow or Ice,383
2024-02-14T00:00:00.000,Street Condition,236
2024-02-15T00:00:00.000,Blocked Driveway,447
2024-02-15T00:00:00.000,Damaged Tree,36
2024-02-15T00:00:00.000,Dead/Dying Tree,17
2024-02-15T00:00:00.000,Dirty Condition,96
2024-02-15T00:00:00.000,HEAT/HOT WATER,1289
2024-02-15T00:00:00.000,Illegal Fireworks,3
2024-02-15T00:00:00.000,Illegal Parking,1304
2024-02-15T00:00:00.000,Noise - Residential,611
2024-02-15T00:00:00.000,Noise - Street/Sidewalk,72
2024-02-15T00:00:00.000,Rodent,100
2024-02-15T00:00:00.000,Snow or Ice,104
2024-02-15T00:00:00.000,Street Condition,247
2024-02-16T00:00:00.000,Blocked Driveway,473
2024-02-16T00:00:00.000,Damaged Tree,57
2024-02-16T00:00:00.000,Dead/Dying Tree,11
2024-02-16T00:00:00.000,Dirty Condition,118
2024-02-16T00:00:00.000,HEAT/HOT WATER,1059
2024-02-16T00:00:00.000,Illegal Fireworks,1
2024-02-16T00:00:00.000,Illegal Parking,1373
2024-02-16T00:00:00.000,Noise - Residential,660
2024-02-16T00:00:00.000,Noise - Street/Sidewalk,117
2024-02-16T00:00:00.000,Rodent,95
2024-02-16T00:00:00.000,Snow or Ice,14
2024-02-16T00:00:00.000,Street Condition,189
2024-02-17T00:00:00.000,Blocked Driveway,521
2024-02-17T00:00:00.000,Damaged Tree,32
2024-02-17T00:00:00.000,Dead/Dying Tree,2
2024-02-17T00:00:00.000,Dirty Condition,37
2024-02-17T00:00:00.000,HEAT/HOT WATER,1084
2024-02-17T00:00:00.000,Illegal Fireworks,1
2024-02-17T00:00:00.000,Illegal Parking,939
2024-02-17T00:00:00.000,Noise - Residential,1008
2024-02-17T00:00:00.000,Noise - Street/Sidewalk,111
2024-02-17T00:00:00.000,Rodent,49
2024-02-17T00:00:00.000,Snow or Ice,72
2024-02-17T00:00:00.000,Street Condition,71
2024-02-18T00:00:00.000,Blocked Driveway,505
2024-02-18T00:00:00.000,Damaged Tree,23
2024-02-18T00:00:00.000,Dead/Dying Tree,2
2024-02-18T00:00:00.000,Dirty Condition,48
2024-02-18T00:00:00.000,HEAT/HOT WATER,1348
2024-02-18T00:00:00.000,Illegal Parking,1061
2024-02-18T00:00:00.000,Noise - Residential,1029
2024-02-18T00:00:00.000,Noise - Street/Sidewalk,155
2024-02-18T00:00:00.000,Rodent,53
2024-02-18T00:00:00.000,Snow or Ice,216
2024-02-18T00:00:00.000,Street Condition,100
2024-02-19T00:00:00.000,Blocked Driveway,446
2024-02-19T00:00:00.000,Damaged Tree,19
2024-02-19T00:00:00.000,Dead/Dying Tree,5
2024-02-19T00:00:00.000,Dirty Condition,99
2024-02-19T00:00:00.000,HEAT/HOT WATER,1277
2024-02-19T00:00:00.000,Illegal Parking,1082
2024-02-19T00:00:00.000,Noise - Residential,785
2024-02-19T00:00:00.000,Noise - Street/Sidewalk,98
2024-02-19T00:00:00.000,Rodent,79
2024-02-19T00:00:00.000,Snow or Ice,117
2024-02-19T00:00:00.000,Street Condition,165
2024-02-20T00:00:00.000,Blocked Driveway,438
2024-02-20T00:00:00.000,Damaged Tree,32
2024-02-20T00:00:00.000,Dead/Dying Tree,9
2024-02-20T00:00:00.000,Dirty Condition,97
2024-02-20T00:00:00.000,HEAT/HOT WATER,1540
2024-02-20T00:00:00.000,Illegal Parking,1133
2024-02-20T00:00:00.000,Noise - Residential,612
2024-02-20T00:00:00.000,Noise - Street/Sidewalk,111
2024-02-20T00:00:00.000,Rodent,81
2024-02-20T00:00:00.000,Snow or Ice,23
2024-02-20T00:00:00.000,Street Condition,229
2024-02-21T00:00:00.000,Blocked Driveway,424
2024-02-21T00:00:00.000,Damaged Tree,30
2024-02-21T00:00:00.000,Dead/Dying Tree,10
2024-02-21T00:00:00.000,Dirty Condition,119
2024-02-21T00:00:00.000,HEAT/HOT WATER,1358
2024-02-21T00:00:00.000,Illegal Fireworks,22
2024-02-21T00:00:00.000,Illegal Parking,1332
2024-02-21T00:00:00.000,Noise - Residential,661
2024-02-21T00:00:00.000,Noise - Street/Sidewalk,113
2024-02-21T00:00:00.000,Rodent,96
2024-02-21T00:00:00.000,Street Condition,255
2024-02-22T00:00:00.000,Blocked Driveway,449
2024-02-22T00:00:00.000,Damaged Tree,33
2024-02-22T00:00:00.000,Dead/Dying Tree,14
2024-02-22T00:00:00.000,Dirty Condition,149
2024-02-22T00:00:00.000,HEAT/HOT WATER,998
2024-02-22T00:00:00.000,Illegal Fireworks,1
2024-02-22T00:00:00.000,Illegal Parking,1323
2024-02-22T00:00:00.000,Noise - Residential,695
2024-02-22T00:00:00.000,Noise - Street/Sidewalk,115
2024-02-22T00:00:00.000,Rodent,108
2024-02-22T00:00:00.000,Street Condition,267
2024-02-23T00:00:00.000,Blocked Driveway,439
2024-02-23T00:00:00.000,Damaged Tree,26
2024-02-23T00:00:00.000,Dead/Dying Tree,12
2024-02-23T00:00:00.000,Dirty Condition,163
2024-02-23T00:00:00.000,HEAT/HOT WATER,750
2024-02-23T00:00:00.000,Illegal Parking,1315
2024-02-23T00:00:00.000,Noise - Residential,741
2024-02-23T00:00:00.000,Noise - Street/Sidewalk,209
2024-02-23T00:00:00.000,Rodent,132
2024-02-23T00:00:00.000,Street Condition,209
2024-02-24T00:00:00.000,Blocked Driveway,469
2024-02-24T00:00:00.000,Damaged Tree,16
2024-02-24T00:00:00.000,Dead/Dying Tree,5
2024-02-24T00:00:00.000,Dirty Condition,141
2024-02-24T00:00:00.000,HEAT/HOT WATER,851
2024-02-24T00:00:00.000,Illegal Fireworks,6
2024-02-24T00:00:00.000,Illegal Parking,1212
2024-02-24T00:00:00.000,Noise - Residential,1022
2024-02-24T00:00:00.000,Noise - Street/Sidewalk,208
2024-02-24T00:00:00.000,Rodent,60
2024-02-24T00:00:00.000,Street Condition,103
2024-02-25T00:00:00.000,Blocked Driveway,474
2024-02-25T00:00:00.000,Damaged Tree,14
2024-02-25T00:00:00.000,Dead/Dying Tree,5
2024-02-25T00:00:00.000,Dirty Condition,105
2024-02-25T00:00:00.000,HEAT/HOT WATER,1199
2024-02-25T00:00:00.000,Illegal Parking,1321
2024-02-25T00:00:00.000,Noise - Residential,991
2024-02-25T00:00:00.000,Noise - Street/Sidewalk,145
2024-02-25T00:00:00.000,Rodent,82
2024-02-25T00:00:00.000,Snow or Ice,4
2024-02-25T00:00:00.000,Street Condition,133
2024-02-26T00:00:00.000,Blocked Driveway,471
2024-02-26T00:00:00.000,Damaged Tree,39
2024-02-26T00:00:00.000,Dead/Dying Tree,10
2024-02-26T00:00:00.000,Dirty Condition,179
2024-02-26T00:00:00.000,HEAT/HOT WATER,805
2024-02-26T00:00:00.000,Illegal Fireworks,2
2024-02-26T00:00:00.000,Illegal Parking,1451
2024-02-26T00:00:00.000,Noise - Residential,645
2024-02-26T00:00:00.000,Noise - Street/Sidewalk,134
2024-02-26T00:00:00.000,Rodent,112
2024-02-26T00:00:00.000,Street Condition,281
2024-02-27T00:00:00.000,Blocked Driveway,499
2024-02-27T00:00:00.000,Damaged Tree,37
2024-02-27T00:00:00.000,Dead/Dying Tree,18
2024-02-27T00:00:00.000,Dirty Condition,176
2024-02-27T00:00:00.000,HEAT/HOT WATER,690
2024-02-27T00:00:00.000,Illegal Parking,1469
2024-02-27T00:00:00.000,Noise - Residential,651
2024-02-27T00:00:00.000,Noise - Street/Sidewalk,124
2024-02-27T00:00:00.000,Rodent,120
2024-02-27T00:00:00.000,Street Condition,284
2024-02-28T00:00:00.000,Blocked Driveway,450
2024-02-28T00:00:00.000,Damaged Tree,71
2024-02-28T00:00:00.000,Dead/Dying Tree,14
2024-02-28T00:00:00.000,Dirty Condition,139
2024-02-28T00:00:00.000,HEAT/HOT WATER,756
2024-02-28T00:00:00.000,Illegal Fireworks,4
2024-02-28T00:00:00.000,Illegal Parking,1405
2024-02-28T00:00:00.000,Noise - Residential,576
2024-02-28T00:00:00.000,Noise - Street/Sidewalk,104
2024-02-28T00:00:00.000,Rodent,118
2024-02-28T00:00:00.000,Street Condition,302
2024-02-29T00:00:00.000,Blocked Driveway,461
2024-02-29T00:00:00.000,Damaged Tree,229
2024-02-29T00:00:00.000,Dead/Dying Tree,40
2024-02-29T00:00:00.000,Dirty Condition,156
2024-02-29T00:00:00.000,HEAT/HOT WATER,1226
2024-02-29T00:00:00.000,Illegal Fireworks,1
2024-02-29T00:00:00.000,Illegal Parking,1324
2024-02-29T00:00:00.000,Noise - Residential,619
2024-02-29T00:00:00.000,Noise - Street/Sidewalk,123
2024-02-29T00:00:00.000,Rodent,94
2024-02-29T00:00:00.000,Snow or Ice,3
2024-02-29T00:00:00.000,Street Condition,301
2024-03-01T00:00:00.000,Blocked Driveway,465
2024-03-01T00:00:00.000,Damaged Tree,46
2024-03-01T00:00:00.000,Dead/Dying Tree,19
2024-03-01T00:00:00.000,Dirty Condition,132
2024-03-01T00:00:00.000,HEAT/HOT WATER,1030
2024-03-01T00:00:00.000,Illegal Fireworks,1
2024-03-01T00:00:00.000,Illegal Parking,1438
2024-03-01T00:00:00.000,Noise - Residential,776
2024-03-01T00:00:00.000,Noise - Street/Sidewalk,177
2024-03-01T00:00:00.000,Rodent,100
2024-03-01T00:00:00.000,Snow or Ice,3
2024-03-01T00:00:00.000,Street Condition,209
2024-03-02T00:00:00.000,Blocked Driveway,474
2024-03-02T00:00:00.000,Damaged Tree,27
2024-03-02T00:00:00.000,Dead/Dying Tree,5
2024-03-02T00:00:00.000,Dirty Condition,75
2024-03-02T00:00:00.000,HEAT/HOT WATER,785
2024-03-02T00:00:00.000,Illegal Fireworks,1
2024-03-02T00:00:00.000,Illegal Parking,1121
2024-03-02T00:00:00.000,Noise - Residential,1026
2024-03-02T00:00:00.000,Noise - Street/Sidewalk,198
2024-03-02T00:00:00.000,Rodent,73
2024-03-02T00:00:00.000,Street Condition,126
2024-03-03T00:00:00.000,Blocked Driveway,441
2024-03-03T00:00:00.000,Damaged Tree,47
2024-03-03T00:00:00.000,Dead/Dying Tree,14
2024-03-03T00:00:00.000,Dirty Condition,117
2024-03-03T00:00:00.000,HEAT/HOT WATER,422
2024-03-03T00:00:00.000,Illegal Fireworks,4
2024-03-03T00:00:00.000,Illegal Parking,1477
2024-03-03T00:00:00.000,Noise - Residential,1252
2024-03-03T00:00:00.000,Noise - Street/Sidewalk,632
2024-03-03T00:00:00.000,Rodent,88
2024-03-03T00:00:00.000,Street Condition,203
2024-03-04T00:00:00.000,Blocked Driveway,496
2024-03-04T00:00:00.000,Damaged Tree,55
2024-03-04T00:00:00.000,Dead/Dying Tree,26
2024-03-04T00:00:00.000,Dirty Condition,205
2024-03-04T00:00:00.000,HEAT/HOT WATER,651
2024-03-04T00:00:00.000,Illegal Fireworks,1
2024-03-04T00:00:00.000,Illegal Parking,1484
2024-03-04T00:00:00.000,Noise - Residential,628
2024-03-04T00:00:00.000,Noise - Street/Sidewalk,186
2024-03-04T00:00:00.000,Rodent,142
2024-03-04T00:00:00.000,Street Condition,304
2024-03-05T00:00:00.000,Blocked Driveway,475
2024-03-05T00:00:00.000,Damaged Tree,36
2024-03-05T00:00:00.000,Dead/Dying Tree,13
2024-03-05T00:00:00.000,Dirty Condition,104
2024-03-05T00:00:00.000,HEAT/HOT WATER,881
2024-03-05T00:00:00.000,Illegal Parking,1277
2024-03-05T00:00:00.000,Noise - Residential,541
2024-03-05T00:00:00.000,Noise - Street/Sidewalk,92
2024-03-05T00:00:00.000,Rodent,113
2024-03-05T00:00:00.000,Street Condition,305
2024-03-06T00:00:00.000,Blocked Driveway,492
2024-03-06T00:00:00.000,Damaged Tree,35
2024-03-06T00:00:00.000,Dead/Dying Tree,13
2024-03-06T00:00:00.000,Dirty Condition,153
2024-03-06T00:00:00.000,HEAT/HOT WATER,786
2024-03-06T00:00:00.000,Illegal Fireworks,8
2024-03-06T00:00:00.000,Illegal Parking,1229
2024-03-06T00:00:00.000,Noise - Residential,541
2024-03-06T00:00:00.000,Noise - Street/Sidewalk,99
2024-03-06T00:00:00.000,Rodent,121
2024-03-06T00:00:00.000,Street Condition,289
2024-03-07T00:00:00.000,Blocked Driveway,466
2024-03-07T00:00:00.000,Damaged Tree,49
2024-03-07T00:00:00.000,Dead/Dying Tree,17
2024-03-07T00:00:00.000,Dirty Condition,155
2024-03-07T00:00:00.000,HEAT/HOT WATER,717
2024-03-07T00:00:00.000,Illegal Parking,1488
2024-03-07T00:00:00.000,Noise - Residential,663
2024-03-07T00:00:00.000,Noise - Street/Sidewalk,106
2024-03-07T00:00:00.000,Rodent,132
2024-03-07T00:00:00.000,Street Condition,390
2024-03-08T00:00:00.000,Blocked Driveway,499
2024-03-08T00:00:00.000,Damaged Tree,41
2024-03-08T00:00:00.000,Dead/Dying Tree,15
2024-03-08T00:00:00.000,Dirty Condition,135
2024-03-08T00:00:00.000,HEAT/HOT WATER,681
2024-03-08T00:00:00.000,Illegal Parking,1339
2024-03-08T00:00:00.000,Noise - Residential,724
2024-03-08T00:00:00.000,Noise - Street/Sidewalk,240
2024-03-08T00:00:00.000,Rodent,116
2024-03-08T00:00:00.000,Street Condition,328
2024-03-09T00:00:00.000,Blocked Driveway,481
2024-03-09T00:00:00.000,Damaged Tree,24
2024-03-09T00:00:00.000,Dead/Dying Tree,9
2024-03-09T00:00:00.000,Dirty Condition,88
2024-03-09T00:00:00.000,HEAT/HOT WATER,938
2024-03-09T00:00:00.000,Illegal Fireworks,2
2024-03-09T00:00:00.000,Illegal Parking,1163
2024-03-09T00:00:00.000,Noise - Residential,978
2024-03-09T00:00:00.000,Noise - Street/Sidewalk,166
2024-03-09T00:00:00.000,Rodent,75
2024-03-09T00:00:00.000,Street Condition,186
2024-03-10T00:00:00.000,Blocked Driveway,516
2024-03-10T00:00:00.000,Damaged Tree,42
2024-03-10T00:00:00.000,Dead/Dying Tree,10
2024-03-10T00:00:00.000,Dirty Condition,99
2024-03-10T00:00:00.000,HEAT/HOT WATER,783
2024-03-10T00:00:00.000,Illegal Fireworks,1
2024-03-10T00:00:00.000,Illegal Parking,1390
2024-03-10T00:00:00.000,Noise - Residential,964
2024-03-10T00:00:00.000,Noise - Street/Sidewalk,179
2024-03-10T00:00:00.000,Rodent,62
2024-03-10T00:00:00.000,Street Condition,276
2024-03-11T00:00:00.000,Blocked Driveway,531
2024-03-11T00:00:00.000,Damaged Tree,254
2024-03-11T00:00:00.000,Dead/Dying Tree,47
2024-03-11T00:00:00.000,Dirty Condition,140
2024-03-11T00:00:00.000,HEAT/HOT WATER,1052
2024-03-11T00:00:00.000,Illegal Parking,1367
2024-03-11T00:00:00.000,Noise - Residential,564
2024-03-11T00:00:00.000,Noise - Street/Sidewalk,108
2024-03-11T00:00:00.000,Rodent,101
2024-03-11T00:00:00.000,Street Condition,316
2024-03-12T00:00:00.000,Blocked Driveway,499
2024-03-12T00:00:00.000,Damaged Tree,92
2024-03-12T00:00:00.000,Dead/Dying Tree,21
2024-03-12T00:00:00.000,Dirty Condition,151
2024-03-12T00:00:00.000,HEAT/HOT WATER,663
2024-03-12T00:00:00.000,Illegal Parking,1474
2024-03-12T00:00:00.000,Noise - Residential,670
2024-03-12T00:00:00.000,Noise - Street/Sidewalk,338
2024-03-12T00:00:00.000,Rodent,102
2024-03-12T00:00:00.000,Street Condition,384
2024-03-13T00:00:00.000,Blocked Driveway,477
2024-03-13T00:00:00.000,Damaged Tree,68
2024-03-13T00:00:00.000,Dead/Dying Tree,30
2024-03-13T00:00:00.000,Dirty Condition,151
2024-03-13T00:00:00.000,HEAT/HOT WATER,561
2024-03-13T00:00:00.000,Illegal Parking,1530
2024-03-13T00:00:00.000,Noise - Residential,674
2024-03-13T00:00:00.000,Noise - Street/Sidewalk,266
2024-03-13T00:00:00.000,Rodent,112
2024-03-13T00:00:00.000,Street Condition,383
2024-03-14T00:00:00.000,Blocked Driveway,445
2024-03-14T00:00:00.000,Damaged Tree,54
2024-03-14T00:00:00.000,Dead/Dying Tree,26
2024-03-14T00:00:00.000,Dirty Condition,133
2024-03-14T00:00:00.000,HEAT/HOT WATER,476
2024-03-14T00:00:00.000,Illegal Fireworks,3
2024-03-14T00:00:00.000,Illegal Parking,1617
2024-03-14T00:00:00.000,Noise - Residential,677
2024-03-14T00:00:00.000,Noise - Street/Sidewalk,460
2024-03-14T00:00:00.000,Rodent,115
2024-03-14T00:00:00.000,Street Condition,369
2024-03-15T00:00:00.000,Blocked Driveway,479
2024-03-15T00:00:00.000,Damaged Tree,42
2024-03-15T00:00:00.000,Dead/Dying Tree,16
2024-03-15T00:00:00.000,Dirty Condition,135
2024-03-15T00:00:00.000,HEAT/HOT WATER,323
2024-03-15T00:00:00.000,Illegal Fireworks,1
2024-03-15T00:00:00.000,Illegal Parking,1537
2024-03-15T00:00:00.000,Noise - Residential,801
2024-03-15T00:00:00.000,Noise - Street/Sidewalk,446
2024-03-15T00:00:00.000,Rodent,123
2024-03-15T00:00:00.000,Street Condition,270
2024-03-16T00:00:00.000,Blocked Driveway,486
2024-03-16T00:00:00.000,Damaged Tree,29
2024-03-16T00:00:00.000,Dead/Dying Tree,12
2024-03-16T00:00:00.000,Dirty Condition,117
2024-03-16T00:00:00.000,HEAT/HOT WATER,233
2024-03-16T00:00:00.000,Illegal Fireworks,9
2024-03-16T00:00:00.000,Illegal Parking,1343
2024-03-16T00:00:00.000,Noise - Residential,1227
2024-03-16T00:00:00.000,Noise - Street/Sidewalk,549
2024-03-16T00:00:00.000,Rodent,85
2024-03-16T00:00:00.000,Street Condition,163
2024-03-17T00:00:00.000,Blocked Driveway,425
2024-03-17T00:00:00.000,Damaged Tree,28
2024-03-17T00:00:00.000,Dead/Dying Tree,16
2024-03-17T00:00:00.000,Dirty Condition,125
2024-03-17T00:00:00.000,HEAT/HOT WATER,289
2024-03-17T00:00:00.000,Illegal Fireworks,3
2024-03-17T00:00:00.000,Illegal Parking,1482
2024-03-17T00:00:00.000,Noise - Residential,1172
2024-03-17T00:00:00.000,Noise - Street/Sidewalk,676
2024-03-17T00:00:00.000,Rodent,71
2024-03-17T00:00:00.000,Street Condition,150
2024-03-18T00:00:00.000,Blocked Driveway,482
2024-03-18T00:00:00.000,Damaged Tree,50
2024-03-18T00:00:00.000,Dead/Dying Tree,18
2024-03-18T00:00:00.000,Dirty Condition,136
2024-03-18T00:00:00.000,HEAT/HOT WATER,638
2024-03-18T00:00:00.000,Illegal Fireworks,1
2024-03-18T00:00:00.000,Illegal Parking,1446
2024-03-18T00:00:00.000,Noise - Residential,662
2024-03-18T00:00:00.000,Noise - Street/Sidewalk,166
2024-03-18T00:00:00.000,Rodent,92
2024-03-18T00:00:00.000,Street Condition,314
2024-03-19T00:00:00.000,Blocked Driveway,493
2024-03-19T00:00:00.000,Damaged Tree,45
2024-03-19T00:00:00.000,Dead/Dying Tree,13
2024-03-19T00:00:00.000,Dirty Condition,136
2024-03-19T00:00:00.000,HEAT/HOT WATER,2290
2024-03-19T00:00:00.000,Illegal Fireworks,1
2024-03-19T00:00:00.000,Illegal Parking,1367
2024-03-19T00:00:00.000,Noise - Residential,600
2024-03-19T00:00:00.000,Noise - Street/Sidewalk,102
2024-03-19T00:00:00.000,Rodent,100
2024-03-19T00:00:00.000,Street Condition,251
2024-03-20T00:00:00.000,Blocked Driveway,447
2024-03-20T00:00:00.000,Damaged Tree,48
2024-03-20T00:00:00.000,Dead/Dying Tree,24
2024-03-20T00:00:00.000,Dirty Condition,133
2024-03-20T00:00:00.000,HEAT/HOT WATER,904
2024-03-20T00:00:00.000,Illegal Fireworks,1
2024-03-20T00:00:00.000,Illegal Parking,1472
2024-03-20T00:00:00.000,Noise - Residential,640
2024-03-20T00:00:00.000,Noise - Street/Sidewalk,92
2024-03-20T00:00:00.000,Rodent,110
2024-03-20T00:00:00.000,Street Condition,305
2024-03-21T00:00:00.000,Blocked Driveway,453
2024-03-21T00:00:00.000,Damaged Tree,43
2024-03-21T00:00:00.000,Dead/Dying Tree,22
2024-03-21T00:00:00.000,Dirty Condition,109
2024-03-21T00:00:00.000,HEAT/HOT WATER,1465
2024-03-21T00:00:00.000,Illegal Fireworks,3
2024-03-21T00:00:00.000,Illegal Parking,1446
2024-03-21T00:00:00.000,Noise - Residential,608
2024-03-21T00:00:00.000,Noise - Street/Sidewalk,95
2024-03-21T00:00:00.000,Rodent,74
2024-03-21T00:00:00.000,Snow or Ice,3
2024-03-21T00:00:00.000,Street Condition,317
2024-03-22T00:00:00.000,Blocked Driveway,466
2024-03-22T00:00:00.000,Damaged Tree,48
2024-03-22T00:00:00.000,Dead/Dying Tree,16
2024-03-22T00:00:00.000,Dirty Condition,103
2024-03-22T00:00:00.000,HEAT/HOT WATER,1102
2024-03-22T00:00:00.000,Illegal Fireworks,2
2024-03-22T00:00:00.000,Illegal Parking,1452
2024-03-22T00:00:00.000,Noise - Residential,747
2024-03-22T00:00:00.000,Noise - Street/Sidewalk,151
2024-03-22T00:00:00.000,Rodent,90
2024-03-22T00:00:00.000,Snow or Ice,1
2024-03-22T00:00:00.000,Street Condition,213
2024-03-23T00:00:00.000,Blocked Driveway,440
2024-03-23T00:00:00.000,Damaged Tree,49
2024-03-23T00:00:00.000,Dead/Dying Tree,9
2024-03-23T00:00:00.000,Dirty Condition,45
2024-03-23T00:00:00.000,HEAT/HOT WATER,936
2024-03-23T00:00:00.000,Illegal Fireworks,4
2024-03-23T00:00:00.000,Illegal Parking,990
2024-03-23T00:00:00.000,Noise - Residential,968
2024-03-23T00:00:00.000,Noise - Street/Sidewalk,147
2024-03-23T00:00:00.000,Rodent,42
2024-03-23T00:00:00.000,Street Condition,131
2024-03-24T00:00:00.000,Blocked Driveway,438
2024-03-24T00:00:00.000,Damaged Tree,53
2024-03-24T00:00:00.000,Dead/Dying Tree,10
2024-03-24T00:00:00.000,Dirty Condition,94
2024-03-24T00:00:00.000,HEAT/HOT WATER,1113
2024-03-24T00:00:00.000,Illegal Fireworks,9
2024-03-24T00:00:00.000,Illegal Parking,1408
2024-03-24T00:00:00.000,Noise - Residential,1083
2024-03-24T00:00:00.000,Noise - Street/Sidewalk,322
2024-03-24T00:00:00.000,Rodent,61
2024-03-24T00:00:00.000,Snow or Ice,3
2024-03-24T00:00:00.000,Street Condition,190
2024-03-25T00:00:00.000,Blocked Driveway,481
2024-03-25T00:00:00.000,Damaged Tree,51
2024-03-25T00:00:00.000,Dead/Dying Tree,22
2024-03-25T00:00:00.000,Dirty Condition,149
2024-03-25T00:00:00.000,HEAT/HOT WATER,1002
2024-03-25T00:00:00.000,Illegal Fireworks,4
2024-03-25T00:00:00.000,Illegal Parking,1536
2024-03-25T00:00:00.000,Noise - Residential,663
2024-03-25T00:00:00.000,Noise - Street/Sidewalk,200
2024-03-25T00:00:00.000,Rodent,90
2024-03-25T00:00:00.000,Street Condition,242
2024-03-26T00:00:00.000,Blocked Driveway,456
2024-03-26T00:00:00.000,Damaged Tree,34
2024-03-26T00:00:00.000,Dead/Dying Tree,26
2024-03-26T00:00:00.000,Dirty Condition,155
2024-03-26T00:00:00.000,HEAT/HOT WATER,906
2024-03-26T00:00:00.000,Illegal Fireworks,1
2024-03-26T00:00:00.000,Illegal Parking,1569
2024-03-26T00:00:00.000,Noise - Residential,553
2024-03-26T00:00:00.000,Noise - Street/Sidewalk,144
2024-03-26T00:00:00.000,Rodent,108
2024-03-26T00:00:00.000,Street Condition,286
2024-03-27T00:00:00.000,Blocked Driveway,422
2024-03-27T00:00:00.000,Damaged Tree,39
2024-03-27T00:00:00.000,Dead/Dying Tree,17
2024-03-27T00:00:00.000,Dirty Condition,140
2024-03-27T00:00:00.000,HEAT/HOT WATER,793
2024-03-27T00:00:00.000,Illegal Fireworks,3
2024-03-27T00:00:00.000,Illegal Parking,1459
2024-03-27T00:00:00.000,Noise - Residential,652
2024-03-27T00:00:00.000,Noise - Street/Sidewalk,162
2024-03-27T00:00:00.000,Rodent,82
2024-03-27T00:00:00.000,Street Condition,353
2024-03-28T00:00:00.000,Blocked Driveway,404
2024-03-28T00:00:00.000,Damaged Tree,28
2024-03-28T00:00:00.000,Dead/Dying Tree,20
2024-03-28T00:00:00.000,Dirty Condition,94
2024-03-28T00:00:00.000,HEAT/HOT WATER,628
2024-03-28T00:00:00.000,Illegal Fireworks,11
2024-03-28T00:00:00.000,Illegal Parking,1179
2024-03-28T00:00:00.000,Noise - Residential,627
2024-03-28T00:00:00.000,Noise - Street/Sidewalk,119
2024-03-28T00:00:00.000,Rodent,95
2024-03-28T00:00:00.000,Street Condition,268
2024-03-29T00:00:00.000,Blocked Driveway,432
2024-03-29T00:00:00.000,Damaged Tree,43
2024-03-29T00:00:00.000,Dead/Dying Tree,13
2024-03-29T00:00:00.000,Dirty Condition,97
2024-03-29T00:00:00.000,HEAT/HOT WATER,716
2024-03-29T00:00:00.000,Illegal Parking,1407
2024-03-29T00:00:00.000,Noise - Residential,722
2024-03-29T00:00:00.000,Noise - Street/Sidewalk,156
2024-03-29T00:00:00.000,Rodent,83
2024-03-29T00:00:00.000,Street Condition,250
2024-03-30T00:00:00.000,Blocked Driveway,444
2024-03-30T00:00:00.000,Damaged Tree,31
2024-03-30T00:00:00.000,Dead/Dying Tree,14
2024-03-30T00:00:00.000,Dirty Condition,101
2024-03-30T00:00:00.000,HEAT/HOT WATER,606
2024-03-30T00:00:00.000,Illegal Fireworks,1
2024-03-30T00:00:00.000,Illegal Parking,1265
2024-03-30T00:00:00.000,Noise - Residential,1224
2024-03-30T00:00:00.000,Noise - Street/Sidewalk,309
2024-03-30T00:00:00.000,Rodent,56
2024-03-30T00:00:00.000,Street Condition,167
2024-03-31T00:00:00.000,Blocked Driveway,454
2024-03-31T00:00:00.000,Damaged Tree,20
2024-03-31T00:00:00.000,Dead/Dying Tree,11
2024-03-31T00:00:00.000,Dirty Condition,83
2024-03-31T00:00:00.000,HEAT/HOT WATER,435
2024-03-31T00:00:00.000,Illegal Fireworks,3
2024-03-31T00:00:00.000,Illegal Parking,1415
2024-03-31T00:00:00.000,Noise - Residential,1269
2024-03-31T00:00:00.000,Noise - Street/Sidewalk,526
2024-03-31T00:00:00.000,Rodent,79
2024-03-31T00:00:00.000,Street Condition,164
2024-04-01T00:00:00.000,Blocked Driveway,458
2024-04-01T00:00:00.000,Damaged Tree,36
2024-04-01T00:00:00.000,Dead/Dying Tree,20
2024-04-01T00:00:00.000,Dirty Condition,154
2024-04-01T00:00:00.000,HEAT/HOT WATER,735
2024-04-01T00:00:00.000,Illegal Fireworks,6
2024-04-01T00:00:00.000,Illegal Parking,1548
2024-04-01T00:00:00.000,Noise - Residential,759
2024-04-01T00:00:00.000,Noise - Street/Sidewalk,248
2024-04-01T00:00:00.000,Rodent,158
2024-04-01T00:00:00.000,Street Condition,350
2024-04-02T00:00:00.000,Blocked Driveway,441
2024-04-02T00:00:00.000,Damaged Tree,34
2024-04-02T00:00:00.000,Dead/Dying Tree,17
2024-04-02T00:00:00.000,Dirty Condition,126
2024-04-02T00:00:00.000,HEAT/HOT WATER,741
2024-04-02T00:00:00.000,Illegal Fireworks,1
2024-04-02T00:00:00.000,Illegal Parking,1257
2024-04-02T00:00:00.000,Noise - Residential,583
2024-04-02T00:00:00.000,Noise - Street/Sidewalk,109
2024-04-02T00:00:00.000,Rodent,87
2024-04-02T00:00:00.000,Street Condition,294
2024-04-03T00:00:00.000,Blocked Driveway,449
2024-04-03T00:00:00.000,Damaged Tree,196
2024-04-03T00:00:00.000,Dead/Dying Tree,24
2024-04-03T00:00:00.000,Dirty Condition,77
2024-04-03T00:00:00.000,HEAT/HOT WATER,1112
2024-04-03T00:00:00.000,Illegal Fireworks,1
2024-04-03T00:00:00.000,Illegal Parking,1133
2024-04-03T00:00:00.000,Noise - Residential,599
2024-04-03T00:00:00.000,Noise - Street/Sidewalk,76
2024-04-03T00:00:00.000,Rodent,84
2024-04-03T00:00:00.000,Street Condition,270
2024-04-04T00:00:00.000,Blocked Driveway,469
2024-04-04T00:00:00.000,Damaged Tree,281
2024-04-04T00:00:00.000,Dead/Dying Tree,39
2024-04-04T00:00:00.000,Dirty Condition,154
2024-04-04T00:00:00.000,HEAT/HOT WATER,793
2024-04-04T00:00:00.000,Illegal Parking,1543
2024-04-04T00:00:00.000,Noise - Residential,627
2024-04-04T00:00:00.000,Noise - Street/Sidewalk,169
2024-04-04T00:00:00.000,Rodent,110
2024-04-04T00:00:00.000,Street Condition,379
2024-04-05T00:00:00.000,Blocked Driveway,480
2024-04-05T00:00:00.000,Damaged Tree,89
2024-04-05T00:00:00.000,Dead/Dying Tree,25
2024-04-05T00:00:00.000,Dirty Condition,133
2024-04-05T00:00:00.000,HEAT/HOT WATER,673
2024-04-05T00:00:00.000,Illegal Parking,1449
2024-04-05T00:00:00.000,Noise - Residential,846
2024-04-05T00:00:00.000,Noise - Street/Sidewalk,177
2024-04-05T00:00:00.000,Rodent,96
2024-04-05T00:00:00.000,Street Condition,383
2024-04-06T00:00:00.000,Blocked Driveway,441
2024-04-06T00:00:00.000,Damaged Tree,46
2024-04-06T00:00:00.000,Dead/Dying Tree,12
2024-04-06T00:00:00.000,Dirty Condition,123
2024-04-06T00:00:00.000,HEAT/HOT WATER,521
2024-04-06T00:00:00.000,Illegal Fireworks,3
2024-04-06T00:00:00.000,Illegal Parking,1299
2024-04-06T00:00:00.000,Noise - Residential,1055
2024-04-06T00:00:00.000,Noise - Street/Sidewalk,277
2024-04-06T00:00:00.000,Rodent,60
2024-04-06T00:00:00.000,Street Condition,216
2024-04-07T00:00:00.000,Blocked Driveway,474
2024-04-07T00:00:00.000,Damaged Tree,36
2024-04-07T00:00:00.000,Dead/Dying Tree,13
2024-04-07T00:00:00.000,Dirty Condition,118
2024-04-07T00:00:00.000,HEAT/HOT WATER,462
2024-04-07T00:00:00.000,Illegal Fireworks,4
2024-04-07T00:00:00.000,Illegal Parking,1382
2024-04-07T00:00:00.000,Noise - Residential,1170
2024-04-07T00:00:00.000,Noise - Street/Sidewalk,422
2024-04-07T00:00:00.000,Rodent,67
2024-04-07T00:00:00.000,Street Condition,242
2024-04-08T00:00:00.000,Blocked Driveway,497
2024-04-08T00:00:00.000,Damaged Tree,65
2024-04-08T00:00:00.000,Dead/Dying Tree,33
2024-04-08T00:00:00.000,Dirty Condition,160
2024-04-08T00:00:00.000,HEAT/HOT WATER,443
2024-04-08T00:00:00.000,Illegal Fireworks,6
2024-04-08T00:00:00.000,Illegal Parking,1405
2024-04-08T00:00:00.000,Noise - Residential,678
2024-04-08T00:00:00.000,Noise - Street/Sidewalk,291
2024-04-08T00:00:00.000,Rodent,134
2024-04-08T00:00:00.000,Street Condition,339
2024-04-09T00:00:00.000,Blocked Driveway,489
2024-04-09T00:00:00.000,Damaged Tree,61
2024-04-09T00:00:00.000,Dead/Dying Tree,26
2024-04-09T00:00:00.000,Dirty Condition,164
2024-04-09T00:00:00.000,HEAT/HOT WATER,347
2024-04-09T00:00:00.000,Illegal Fireworks,56
2024-04-09T00:00:00.000,Illegal Parking,1468
2024-04-09T00:00:00.000,Noise - Residential,702
2024-04-09T00:00:00.000,Noise - Street/Sidewalk,507
2024-04-09T00:00:00.000,Rodent,123
2024-04-09T00:00:00.000,Street Condition,400
2024-04-10T00:00:00.000,Blocked Driveway,477
2024-04-10T00:00:00.000,Damaged Tree,51
2024-04-10T00:00:00.000,Dead/Dying Tree,34
2024-04-10T00:00:00.000,Dirty Condition,164
2024-04-10T00:00:00.000,HEAT/HOT WATER,371
2024-04-10T00:00:00.000,Illegal Fireworks,49
2024-04-10T00:00:00.000,Illegal Parking,1486
2024-04-10T00:00:00.000,Noise - Residential,681
2024-04-10T00:00:00.000,Noise - Street/Sidewalk,316
2024-04-10T00:00:00.000,Rodent,125
2024-04-10T00:00:00.000,Street Condition,368
2024-04-11T00:00:00.000,Blocked Driveway,466
2024-04-11T00:00:00.000,Damaged Tree,51
2024-04-11T00:00:00.000,Dead/Dying Tree,22
2024-04-11T00:00:00.000,Dirty Condition,138
2024-04-11T00:00:00.000,Illegal Parking,1488
2024-04-11T00:00:00.000,Noise - Residential,571
2024-04-11T00:00:00.000,Noise - Street/Sidewalk,140
2024-04-11T00:00:00.000,Rodent,115
2024-04-11T00:00:00.000,Street Condition,293
2024-04-12T00:00:00.000,Blocked Driveway,505
2024-04-12T00:00:00.000,Damaged Tree,154
2024-04-12T00:00:00.000,Dead/Dying Tree,38
2024-04-12T00:00:00.000,Dirty Condition,118
2024-04-12T00:00:00.000,Illegal Fireworks,13
2024-04-12T00:00:00.000,Illegal Parking,1415
2024-04-12T00:00:00.000,Noise - Residential,646
2024-04-12T00:00:00.000,Noise - Street/Sidewalk,277
2024-04-12T00:00:00.000,Rodent,101
2024-04-12T00:00:00.000,Street Condition,316
2024-04-13T00:00:00.000,Blocked Driveway,441
2024-04-13T00:00:00.000,Damaged Tree,130
2024-04-13T00:00:00.000,Dead/Dying Tree,15
2024-04-13T00:00:00.000,Dirty Condition,103
2024-04-13T00:00:00.000,Illegal Fireworks,9
2024-04-13T00:00:00.000,Illegal Parking,1323
2024-04-13T00:00:00.000,Noise - Residential,1057
2024-04-13T00:00:00.000,Noise - Street/Sidewalk,300
2024-04-13T00:00:00.000,Rodent,88
2024-04-13T00:00:00.000,Street Condition,205
2024-04-14T00:00:00.000,Blocked Driveway,529
2024-04-14T00:00:00.000,Damaged Tree,63
2024-04-14T00:00:00.000,Dead/Dying Tree,18
2024-04-14T00:00:00.000,Dirty Condition,117
2024-04-14T00:00:00.000,Illegal Fireworks,8
2024-04-14T00:00:00.000,Illegal Parking,1471
2024-04-14T00:00:00.000,Noise - Residential,1256
2024-04-14T00:00:00.000,Noise - Street/Sidewalk,601
2024-04-14T00:00:00.000,Rodent,100
2024-04-14T00:00:00.000,Street Condition,169
2024-04-15T00:00:00.000,Blocked Driveway,467
2024-04-15T00:00:00.000,Damaged Tree,80
2024-04-15T00:00:00.000,Dead/Dying Tree,48
2024-04-15T00:00:00.000,Dirty Condition,165
2024-04-15T00:00:00.000,HEAT/HOT WATER,2386
2024-04-15T00:00:00.000,Illegal Fireworks,1
2024-04-15T00:00:00.000,Illegal Parking,1643
2024-04-15T00:00:00.000,Noise - Residential,706
2024-04-15T00:00:00.000,Noise - Street/Sidewalk,564
2024-04-15T00:00:00.000,Rodent,153
2024-04-15T00:00:00.000,Street Condition,383
2024-04-16T00:00:00.000,Blocked Driveway,439
2024-04-16T00:00:00.000,Damaged Tree,74
2024-04-16T00:00:00.000,Dead/Dying Tree,41
2024-04-16T00:00:00.000,Dirty Condition,156
2024-04-16T00:00:00.000,HEAT/HOT WATER,368
2024-04-16T00:00:00.000,Illegal Fireworks,2
2024-04-16T00:00:00.000,Illegal Parking,1569
2024-04-16T00:00:00.000,Noise - Residential,685
2024-04-16T00:00:00.000,Noise - Street/Sidewalk,418
2024-04-16T00:00:00.000,Rodent,146
2024-04-16T00:00:00.000,Street Condition,389
2024-04-17T00:00:00.000,Blocked Driveway,433
2024-04-17T00:00:00.000,Damaged Tree,51
2024-04-17T00:00:00.000,Dead/Dying Tree,43
2024-04-17T00:00:00.000,Dirty Condition,114
2024-04-17T00:00:00.000,HEAT/HOT WATER,447
2024-04-17T00:00:00.000,Illegal Fireworks,3
2024-04-17T00:00:00.000,Illegal Parking,1463
2024-04-17T00:00:00.000,Noise - Residential,619
2024-04-17T00:00:00.000,Noise - Street/Sidewalk,237
2024-04-17T00:00:00.000,Rodent,143
2024-04-17T00:00:00.000,Street Condition,344
2024-04-18T00:00:00.000,Blocked Driveway,438
2024-04-18T00:00:00.000,Damaged Tree,42
2024-04-18T00:00:00.000,Dead/Dying Tree,45
2024-04-18T00:00:00.000,Dirty Condition,122
2024-04-18T00:00:00.000,HEAT/HOT WATER,947
2024-04-18T00:00:00.000,Illegal Fireworks,3
2024-04-18T00:00:00.000,Illegal Parking,1371
2024-04-18T00:00:00.000,Noise - Residential,613
2024-04-18T00:00:00.000,Noise - Street/Sidewalk,179
2024-04-18T00:00:00.000,Rodent,135
2024-04-18T00:00:00.000,Street Condition,366
2024-04-19T00:00:00.000,Blocked Driveway,427
2024-04-19T00:00:00.000,Damaged Tree,43
2024-04-19T00:00:00.000,Dead/Dying Tree,29
2024-04-19T00:00:00.000,Dirty Condition,144
2024-04-19T00:00:00.000,HEAT/HOT WATER,604
2024-04-19T00:00:00.000,Illegal Fireworks,4
2024-04-19T00:00:00.000,Illegal Parking,1671
2024-04-19T00:00:00.000,Noise - Residential,749
2024-04-19T00:00:00.000,Noise - Street/Sidewalk,262
2024-04-19T00:00:00.000,Rodent,166
2024-04-19T00:00:00.000,Street Condition,265
2024-04-20T00:00:00.000,Blocked Driveway,392
2024-04-20T00:00:00.000,Damaged Tree,30
2024-04-20T00:00:00.000,Dead/Dying Tree,21
2024-04-20T00:00:00.000,Dirty Condition,103
2024-04-20T00:00:00.000,HEAT/HOT WATER,400
2024-04-20T00:00:00.000,Illegal Fireworks,1
2024-04-20T00:00:00.000,Illegal Parking,1246
2024-04-20T00:00:00.000,Noise - Residential,1319
2024-04-20T00:00:00.000,Noise - Street/Sidewalk,455
2024-04-20T00:00:00.000,Rodent,76
2024-04-20T00:00:00.000,Street Condition,179
2024-04-21T00:00:00.000,Blocked Driveway,402
2024-04-21T00:00:00.000,Damaged Tree,23
2024-04-21T00:00:00.000,Dead/Dying Tree,10
2024-04-21T00:00:00.000,Dirty Condition,98
2024-04-21T00:00:00.000,HEAT/HOT WATER,687
2024-04-21T00:00:00.000,Illegal Fireworks,1
2024-04-21T00:00:00.000,Illegal Parking,1438
2024-04-21T00:00:00.000,Noise - Residential,1239
2024-04-21T00:00:00.000,Noise - Street/Sidewalk,342
2024-04-21T00:00:00.000,Rodent,84
2024-04-21T00:00:00.000,Street Condition,191
2024-04-22T00:00:00.000,Blocked Driveway,390
2024-04-22T00:00:00.000,Damaged Tree,47
2024-04-22T00:00:00.000,Dead/Dying Tree,36
2024-04-22T00:00:00.000,Dirty Condition,151
2024-04-22T00:00:00.000,HEAT/HOT WATER,635
2024-04-22T00:00:00.000,Illegal Parking,1471
2024-04-22T00:00:00.000,Noise - Residential,721
2024-04-22T00:00:00.000,Noise - Street/Sidewalk,331
2024-04-22T00:00:00.000,Rodent,132
2024-04-22T00:00:00.000,Street Condition,268
2024-04-23T00:00:00.000,Blocked Driveway,375
2024-04-23T00:00:00.000,Damaged Tree,48
2024-04-23T00:00:00.000,Dead/Dying Tree,39
2024-04-23T00:00:00.000,Dirty Condition,136
2024-04-23T00:00:00.000,HEAT/HOT WATER,552
2024-04-23T00:00:00.000,Illegal Fireworks,1
2024-04-23T00:00:00.000,Illegal Parking,1369
2024-04-23T00:00:00.000,Noise - Residential,662
2024-04-23T00:00:00.000,Noise - Street/Sidewalk,220
2024-04-23T00:00:00.000,Rodent,133
2024-04-23T00:00:00.000,Street Condition,294
2024-04-24T00:00:00.000,Blocked Driveway,349
2024-04-24T00:00:00.000,Damaged Tree,57
2024-04-24T00:00:00.000,Dead/Dying Tree,37
2024-04-24T00:00:00.000,Dirty Condition,119
2024-04-24T00:00:00.000,HEAT/HOT WATER,399
2024-04-24T00:00:00.000,Illegal Fireworks,1
2024-04-24T00:00:00.000,Illegal Parking,1510
2024-04-24T00:00:00.000,Noise - Residential,670
2024-04-24T00:00:00.000,Noise - Street/Sidewalk,228
2024-04-24T00:00:00.000,Rodent,111
2024-04-24T00:00:00.000,Street Condition,253
2024-04-25T00:00:00.000,Blocked Driveway,363
2024-04-25T00:00:00.000,Damaged Tree,54
2024-04-25T00:00:00.000,Dead/Dying Tree,36
2024-04-25T00:00:00.000,Dirty Condition,142
2024-04-25T00:00:00.000,HEAT/HOT WATER,732
2024-04-25T00:00:00.000,Illegal Parking,1503
2024-04-25T00:00:00.000,Noise - Residential,737
2024-04-25T00:00:00.000,Noise - Street/Sidewalk,215
2024-04-25T00:00:00.000,Rodent,120
2024-04-25T00:00:00.000,Street Condition,247
2024-04-26T00:00:00.000,Blocked Driveway,365
2024-04-26T00:00:00.000,Damaged Tree,39
2024-04-26T00:00:00.000,Dead/Dying Tree,31
2024-04-26T00:00:00.000,Dirty Condition,121
2024-04-26T00:00:00.000,HEAT/HOT WATER,562
2024-04-26T00:00:00.000,Illegal Fireworks,1
2024-04-26T00:00:00.000,Illegal Parking,1304
2024-04-26T00:00:00.000,Noise - Residential,922
2024-04-26T00:00:00.000,Noise - Street/Sidewalk,279
2024-04-26T00:00:00.000,Rodent,119
2024-04-26T00:00:00.000,Street Condition,230
2024-04-27T00:00:00.000,Blocked Driveway,416
2024-04-27T00:00:00.000,Damaged Tree,24
2024-04-27T00:00:00.000,Dead/Dying Tree,16
2024-04-27T00:00:00.000,Dirty Condition,76
2024-04-27T00:00:00.000,HEAT/HOT WATER,439
2024-04-27T00:00:00.000,Illegal Fireworks,6
2024-04-27T00:00:00.000,Illegal Parking,1227
2024-04-27T00:00:00.000,Noise - Residential,1212
2024-04-27T00:00:00.000,Noise - Street/Sidewalk,346
2024-04-27T00:00:00.000,Rodent,98
2024-04-27T00:00:00.000,Street Condition,110
2024-04-28T00:00:00.000,Blocked Driveway,396
2024-04-28T00:00:00.000,Damaged Tree,33
2024-04-28T00:00:00.000,Dead/Dying Tree,19
2024-04-28T00:00:00.000,Dirty Condition,122
2024-04-28T00:00:00.000,HEAT/HOT WATER,270
2024-04-28T00:00:00.000,Illegal Fireworks,14
2024-04-28T00:00:00.000,Illegal Parking,1535
2024-04-28T00:00:00.000,Noise - Residential,1460
2024-04-28T00:00:00.000,Noise - Street/Sidewalk,972
2024-04-28T00:00:00.000,Rodent,114
2024-04-28T00:00:00.000,Street Condition,122
2024-04-29T00:00:00.000,Blocked Driveway,380
2024-04-29T00:00:00.000,Damaged Tree,64
2024-04-29T00:00:00.000,Dead/Dying Tree,41
2024-04-29T00:00:00.000,Dirty Condition,178
2024-04-29T00:00:00.000,HEAT/HOT WATER,317
2024-04-29T00:00:00.000,Illegal Fireworks,12
2024-04-29T00:00:00.000,Illegal Parking,1336
2024-04-29T00:00:00.000,Noise - Residential,988
2024-04-29T00:00:00.000,Noise - Street/Sidewalk,614
2024-04-29T00:00:00.000,Rodent,149
2024-04-29T00:00:00.000,Street Condition,271
2024-04-30T00:00:00.000,Blocked Driveway,397
2024-04-30T00:00:00.000,Damaged Tree,59
2024-04-30T00:00:00.000,Dead/Dying Tree,46
2024-04-30T00:00:00.000,Dirty Condition,165
2024-04-30T00:00:00.000,HEAT/HOT WATER,256
2024-04-30T00:00:00.000,Illegal Fireworks,11
2024-04-30T00:00:00.000,Illegal Parking,1394
2024-04-30T00:00:00.000,Noise - Residential,729
2024-04-30T00:00:00.000,Noise - Street/Sidewalk,248
2024-04-30T00:00:00.000,Rodent,139
2024-04-30T00:00:00.000,Street Condition,292
2024-05-01T00:00:00.000,Blocked Driveway,413
2024-05-01T00:00:00.000,Damaged Tree,56
2024-05-01T00:00:00.000,Dead/Dying Tree,32
2024-05-01T00:00:00.000,Dirty Condition,148
2024-05-01T00:00:00.000,HEAT/HOT WATER,253
2024-05-01T00:00:00.000,Illegal Fireworks,7
2024-05-01T00:00:00.000,Illegal Parking,1572
2024-05-01T00:00:00.000,Noise - Residential,758
2024-05-01T00:00:00.000,Noise - Street/Sidewalk,330
2024-05-01T00:00:00.000,Rodent,128
2024-05-01T00:00:00.000,Street Condition,310
2024-05-02T00:00:00.000,Blocked Driveway,416
2024-05-02T00:00:00.000,Damaged Tree,40
2024-05-02T00:00:00.000,Dead/Dying Tree,35
2024-05-02T00:00:00.000,Dirty Condition,153
2024-05-02T00:00:00.000,HEAT/HOT WATER,206
2024-05-02T00:00:00.000,Illegal Fireworks,9
2024-05-02T00:00:00.000,Illegal Parking,1545
2024-05-02T00:00:00.000,Noise - Residential,746
2024-05-02T00:00:00.000,Noise - Street/Sidewalk,514
2024-05-02T00:00:00.000,Rodent,145
2024-05-02T00:00:00.000,Street Condition,290
2024-05-03T00:00:00.000,Blocked Driveway,400
2024-05-03T00:00:00.000,Damaged Tree,53
2024-05-03T00:00:00.000,Dead/Dying Tree,49
2024-05-03T00:00:00.000,Dirty Condition,142
2024-05-03T00:00:00.000,HEAT/HOT WATER,254
2024-05-03T00:00:00.000,Illegal Fireworks,6
2024-05-03T00:00:00.000,Illegal Parking,1498
2024-05-03T00:00:00.000,Noise - Residential,915
2024-05-03T00:00:00.000,Noise - Street/Sidewalk,387
2024-05-03T00:00:00.000,Rodent,148
2024-05-03T00:00:00.000,Street Condition,254
2024-05-04T00:00:00.000,Blocked Driveway,442
2024-05-04T00:00:00.000,Damaged Tree,27
2024-05-04T00:00:00.000,Dead/Dying Tree,17
2024-05-04T00:00:00.000,Dirty Condition,110
2024-05-04T00:00:00.000,HEAT/HOT WATER,360
2024-05-04T00:00:00.000,Illegal Fireworks,1
2024-05-04T00:00:00.000,Illegal Parking,1349
2024-05-04T00:00:00.000,Noise - Residential,1490
2024-05-04T00:00:00.000,Noise - Street/Sidewalk,429
2024-05-04T00:00:00.000,Rodent,118
2024-05-04T00:00:00.000,Street Condition,105
2024-05-05T00:00:00.000,Blocked Driveway,476
2024-05-05T00:00:00.000,Damaged Tree,25
2024-05-05T00:00:00.000,Dead/Dying Tree,9
2024-05-05T00:00:00.000,Dirty Condition,102
2024-05-05T00:00:00.000,HEAT/HOT WATER,650
2024-05-05T00:00:00.000,Illegal Fireworks,17
2024-05-05T00:00:00.000,Illegal Parking,1280
2024-05-05T00:00:00.000,Noise - Residential,1266
2024-05-05T00:00:00.000,Noise - Street/Sidewalk,250
2024-05-05T00:00:00.000,Rodent,107
2024-05-05T00:00:00.000,Street Condition,116
2024-05-06T00:00:00.000,Blocked Driveway,481
2024-05-06T00:00:00.000,Damaged Tree,65
2024-05-06T00:00:00.000,Dead/Dying Tree,39
2024-05-06T00:00:00.000,Dirty Condition,188
2024-05-06T00:00:00.000,HEAT/HOT WATER,317
2024-05-06T00:00:00.000,Illegal Parking,1751
2024-05-06T00:00:00.000,Noise - Residential,753
2024-05-06T00:00:00.000,Noise - Street/Sidewalk,349
2024-05-06T00:00:00.000,Rodent,164
2024-05-06T00:00:00.000,Street Condition,305
2024-05-07T00:00:00.000,Blocked Driveway,447
2024-05-07T00:00:00.000,Damaged Tree,73
2024-05-07T00:00:00.000,Dead/Dying Tree,38
2024-05-07T00:00:00.000,Dirty Condition,184
2024-05-07T00:00:00.000,HEAT/HOT WATER,225
2024-05-07T00:00:00.000,Illegal Fireworks,2
2024-05-07T00:00:00.000,Illegal Parking,1679
2024-05-07T00:00:00.000,Noise - Residential,881
2024-05-07T00:00:00.000,Noise - Street/Sidewalk,670
2024-05-07T00:00:00.000,Rodent,149
2024-05-07T00:00:00.000,Street Condition,274
2024-05-08T00:00:00.000,Blocked Driveway,478
2024-05-08T00:00:00.000,Damaged Tree,84
2024-05-08T00:00:00.000,Dead/Dying Tree,35
2024-05-08T00:00:00.000,Dirty Condition,182
2024-05-08T00:00:00.000,HEAT/HOT WATER,192
2024-05-08T00:00:00.000,Illegal Parking,1567
2024-05-08T00:00:00.000,Noise - Residential,800
2024-05-08T00:00:00.000,Noise - Street/Sidewalk,564
2024-05-08T00:00:00.000,Rodent,125
2024-05-08T00:00:00.000,Street Condition,285
2024-05-09T00:00:00.000,Blocked Driveway,460
2024-05-09T00:00:00.000,Damaged Tree,43
2024-05-09T00:00:00.000,Dead/Dying Tree,68
2024-05-09T00:00:00.000,Dirty Condition,159
2024-05-09T00:00:00.000,HEAT/HOT WATER,158
2024-05-09T00:00:00.000,Illegal Fireworks,2
2024-05-09T00:00:00.000,Illegal Parking,1588
2024-05-09T00:00:00.000,Noise - Residential,711
2024-05-09T00:00:00.000,Noise - Street/Sidewalk,400
2024-05-09T00:00:00.000,Rodent,159
2024-05-09T00:00:00.000,Street Condition,262
2024-05-10T00:00:00.000,Blocked Driveway,494
2024-05-10T00:00:00.000,Damaged Tree,88
2024-05-10T00:00:00.000,Dead/Dying Tree,23
2024-05-10T00:00:00.000,Dirty Condition,97
2024-05-10T00:00:00.000,HEAT/HOT WATER,392
2024-05-10T00:00:00.000,Illegal Fireworks,2
2024-05-10T00:00:00.000,Illegal Parking,1379
2024-05-10T00:00:00.000,Noise - Residential,800
2024-05-10T00:00:00.000,Noise - Street/Sidewalk,162
2024-05-10T00:00:00.000,Rodent,125
2024-05-10T00:00:00.000,Street Condition,197
2024-05-11T00:00:00.000,Blocked Driveway,442
2024-05-11T00:00:00.000,Damaged Tree,32
2024-05-11T00:00:00.000,Dead/Dying Tree,12
2024-05-11T00:00:00.000,Dirty Condition,95
2024-05-11T00:00:00.000,HEAT/HOT WATER,326
2024-05-11T00:00:00.000,Illegal Fireworks,9
2024-05-11T00:00:00.000,Illegal Parking,1287
2024-05-11T00:00:00.000,Noise - Residential,1530
2024-05-11T00:00:00.000,Noise - Street/Sidewalk,480
2024-05-11T00:00:00.000,Rodent,110
2024-05-11T00:00:00.000,Street Condition,127
2024-05-12T00:00:00.000,Blocked Driveway,461
2024-05-12T00:00:00.000,Damaged Tree,38
2024-05-12T00:00:00.000,Dead/Dying Tree,7
2024-05-12T00:00:00.000,Dirty Condition,95
2024-05-12T00:00:00.000,HEAT/HOT WATER,531
2024-05-12T00:00:00.000,Illegal Fireworks,10
2024-05-12T00:00:00.000,Illegal Parking,1320
2024-05-12T00:00:00.000,Noise - Residential,1420
2024-05-12T00:00:00.000,Noise - Street/Sidewalk,411
2024-05-12T00:00:00.000,Rodent,70
2024-05-12T00:00:00.000,Street Condition,123
2024-05-13T00:00:00.000,Blocked Driveway,488
2024-05-13T00:00:00.000,Damaged Tree,66
2024-05-13T00:00:00.000,Dead/Dying Tree,45
2024-05-13T00:00:00.000,Dirty Condition,202
2024-05-13T00:00:00.000,HEAT/HOT WATER,361
2024-05-13T00:00:00.000,Illegal Fireworks,7
2024-05-13T00:00:00.000,Illegal Parking,1660
2024-05-13T00:00:00.000,Noise - Residential,827
2024-05-13T00:00:00.000,Noise - Street/Sidewalk,339
2024-05-13T00:00:00.000,Rodent,131
2024-05-13T00:00:00.000,Street Condition,304
2024-05-14T00:00:00.000,Blocked Driveway,437
2024-05-14T00:00:00.000,Damaged Tree,67
2024-05-14T00:00:00.000,Dead/Dying Tree,41
2024-05-14T00:00:00.000,Dirty Condition,196
2024-05-14T00:00:00.000,HEAT/HOT WATER,201
2024-05-14T00:00:00.000,Illegal Parking,1678
2024-05-14T00:00:00.000,Noise - Residential,638
2024-05-14T00:00:00.000,Noise - Street/Sidewalk,339
2024-05-14T00:00:00.000,Rodent,183
2024-05-14T00:00:00.000,Street Condition,293
2024-05-15T00:00:00.000,Blocked Driveway,487
2024-05-15T00:00:00.000,Damaged Tree,70
2024-05-15T00:00:00.000,Dead/Dying Tree,19
2024-05-15T00:00:00.000,Dirty Condition,131
2024-05-15T00:00:00.000,HEAT/HOT WATER,180
2024-05-15T00:00:00.000,Illegal Parking,1269
2024-05-15T00:00:00.000,Noise - Residential,631
2024-05-15T00:00:00.000,Noise - Street/Sidewalk,152
2024-05-15T00:00:00.000,Rodent,145
2024-05-15T00:00:00.000,Street Condition,294
2024-05-16T00:00:00.000,Blocked Driveway,485
2024-05-16T00:00:00.000,Damaged Tree,201
2024-05-16T00:00:00.000,Dead/Dying Tree,33
2024-05-16T00:00:00.000,Dirty Condition,153
2024-05-16T00:00:00.000,HEAT/HOT WATER,219
2024-05-16T00:00:00.000,Illegal Parking,1540
2024-05-16T00:00:00.000,Noise - Residential,756
2024-05-16T00:00:00.000,Noise - Street/Sidewalk,271
2024-05-16T00:00:00.000,Rodent,164
2024-05-16T00:00:00.000,Street Condition,265
2024-05-17T00:00:00.000,Blocked Driveway,462
2024-05-17T00:00:00.000,Damaged Tree,130
2024-05-17T00:00:00.000,Dead/Dying Tree,43
2024-05-17T00:00:00.000,Dirty Condition,174
2024-05-17T00:00:00.000,HEAT/HOT WATER,157
2024-05-17T00:00:00.000,Illegal Fireworks,7
2024-05-17T00:00:00.000,Illegal Parking,1773
2024-05-17T00:00:00.000,Noise - Residential,1024
2024-05-17T00:00:00.000,Noise - Street/Sidewalk,612
2024-05-17T00:00:00.000,Rodent,161
2024-05-17T00:00:00.000,Street Condition,241
2024-05-18T00:00:00.000,Blocked Driveway,403
2024-05-18T00:00:00.000,Damaged Tree,49
2024-05-18T00:00:00.000,Dead/Dying Tree,19
2024-05-18T00:00:00.000,Dirty Condition,143
2024-05-18T00:00:00.000,HEAT/HOT WATER,116
2024-05-18T00:00:00.000,Illegal Fireworks,7
2024-05-18T00:00:00.000,Illegal Parking,1243
2024-05-18T00:00:00.000,Noise - Residential,1502
2024-05-18T00:00:00.000,Noise - Street/Sidewalk,655
2024-05-18T00:00:00.000,Rodent,91
2024-05-18T00:00:00.000,Street Condition,152
2024-05-19T00:00:00.000,Blocked Driveway,454
2024-05-19T00:00:00.000,Damaged Tree,32
2024-05-19T00:00:00.000,Dead/Dying Tree,29
2024-05-19T00:00:00.000,Dirty Condition,151
2024-05-19T00:00:00.000,HEAT/HOT WATER,139
2024-05-19T00:00:00.000,Illegal Fireworks,16
2024-05-19T00:00:00.000,Illegal Parking,1657
2024-05-19T00:00:00.000,Noise - Residential,1573
2024-05-19T00:00:00.000,Noise - Street/Sidewalk,908
2024-05-19T00:00:00.000,Rodent,117
2024-05-19T00:00:00.000,Street Condition,121
2024-05-20T00:00:00.000,Blocked Driveway,518
2024-05-20T00:00:00.000,Damaged Tree,99
2024-05-20T00:00:00.000,Dead/Dying Tree,51
2024-05-20T00:00:00.000,Dirty Condition,221
2024-05-20T00:00:00.000,HEAT/HOT WATER,174
2024-05-20T00:00:00.000,Illegal Fireworks,7
2024-05-20T00:00:00.000,Illegal Parking,1680
2024-05-20T00:00:00.000,Noise - Residential,747
2024-05-20T00:00:00.000,Noise - Street/Sidewalk,466
2024-05-20T00:00:00.000,Rodent,168
2024-05-20T00:00:00.000,Street Condition,243
2024-05-21T00:00:00.000,Blocked Driveway,442
2024-05-21T00:00:00.000,Damaged Tree,75
2024-05-21T00:00:00.000,Dead/Dying Tree,47
2024-05-21T00:00:00.000,Dirty Condition,197
2024-05-21T00:00:00.000,HEAT/HOT WATER,152
2024-05-21T00:00:00.000,Illegal Fireworks,4
2024-05-21T00:00:00.000,Illegal Parking,1703
2024-05-21T00:00:00.000,Noise - Residential,720
2024-05-21T00:00:00.000,Noise - Street/Sidewalk,471
2024-05-21T00:00:00.000,Rodent,159
2024-05-21T00:00:00.000,Street Condition,267
2024-05-22T00:00:00.000,Blocked Driveway,449
2024-05-22T00:00:00.000,Damaged Tree,92
2024-05-22T00:00:00.000,Dead/Dying Tree,65
2024-05-22T00:00:00.000,Dirty Condition,162
2024-05-22T00:00:00.000,HEAT/HOT WATER,113
2024-05-22T00:00:00.000,Illegal Fireworks,10
2024-05-22T00:00:00.000,Illegal Parking,1583
2024-05-22T00:00:00.000,Noise - Residential,697
2024-05-22T00:00:00.000,Noise - Street/Sidewalk,575
2024-05-22T00:00:00.000,Rodent,176
2024-05-22T00:00:00.000,Street Condition,336
2024-05-23T00:00:00.000,Blocked Driveway,429
2024-05-23T00:00:00.000,Damaged Tree,106
2024-05-23T00:00:00.000,Dead/Dying Tree,56
2024-05-23T00:00:00.000,Dirty Condition,167
2024-05-23T00:00:00.000,HEAT/HOT WATER,80
2024-05-23T00:00:00.000,Illegal Fireworks,5
2024-05-23T00:00:00.000,Illegal Parking,1494
2024-05-23T00:00:00.000,Noise - Residential,598
2024-05-23T00:00:00.000,Noise - Street/Sidewalk,437
2024-05-23T00:00:00.000,Rodent,154
2024-05-23T00:00:00.000,Street Condition,286
2024-05-24T00:00:00.000,Blocked Driveway,466
2024-05-24T00:00:00.000,Damaged Tree,97
2024-05-24T00:00:00.000,Dead/Dying Tree,39
2024-05-24T00:00:00.000,Dirty Condition,172
2024-05-24T00:00:00.000,HEAT/HOT WATER,96
2024-05-24T00:00:00.000,Illegal Fireworks,14
2024-05-24T00:00:00.000,Illegal Parking,1458
2024-05-24T00:00:00.000,Noise - Residential,907
2024-05-24T00:00:00.000,Noise - Street/Sidewalk,813
2024-05-24T00:00:00.000,Rodent,134
2024-05-24T00:00:00.000,Street Condition,239
2024-05-25T00:00:00.000,Blocked Driveway,376
2024-05-25T00:00:00.000,Damaged Tree,67
2024-05-25T00:00:00.000,Dead/Dying Tree,19
2024-05-25T00:00:00.000,Dirty Condition,106
2024-05-25T00:00:00.000,HEAT/HOT WATER,115
2024-05-25T00:00:00.000,Illegal Fireworks,41
2024-05-25T00:00:00.000,Illegal Parking,1253
2024-05-25T00:00:00.000,Noise - Residential,1538
2024-05-25T00:00:00.000,Noise - Street/Sidewalk,942
2024-05-25T00:00:00.000,Rodent,84
2024-05-25T00:00:00.000,Street Condition,118
2024-05-26T00:00:00.000,Blocked Driveway,409
2024-05-26T00:00:00.000,Damaged Tree,66
2024-05-26T00:00:00.000,Dead/Dying Tree,16
2024-05-26T00:00:00.000,Dirty Condition,121
2024-05-26T00:00:00.000,HEAT/HOT WATER,116
2024-05-26T00:00:00.000,Illegal Fireworks,69
2024-05-26T00:00:00.000,Illegal Parking,1159
2024-05-26T00:00:00.000,Noise - Residential,1845
2024-05-26T00:00:00.000,Noise - Street/Sidewalk,1271
2024-05-26T00:00:00.000,Rodent,94
2024-05-26T00:00:00.000,Street Condition,110
2024-05-27T00:00:00.000,Blocked Driveway,394
2024-05-27T00:00:00.000,Damaged Tree,112
2024-05-27T00:00:00.000,Dead/Dying Tree,13
2024-05-27T00:00:00.000,Dirty Condition,149
2024-05-27T00:00:00.000,HEAT/HOT WATER,157
2024-05-27T00:00:00.000,Illegal Fireworks,50
2024-05-27T00:00:00.000,Illegal Parking,1120
2024-05-27T00:00:00.000,Noise - Residential,1067
2024-05-27T00:00:00.000,Noise - Street/Sidewalk,478
2024-05-27T00:00:00.000,Rodent,91
2024-05-27T00:00:00.000,Street Condition,153
2024-05-28T00:00:00.000,Blocked Driveway,509
2024-05-28T00:00:00.000,Damaged Tree,171
2024-05-28T00:00:00.000,Dead/Dying Tree,60
2024-05-28T00:00:00.000,Dirty Condition,247
2024-05-28T00:00:00.000,HEAT/HOT WATER,156
2024-05-28T00:00:00.000,Illegal Fireworks,10
2024-05-28T00:00:00.000,Illegal Parking,1649
2024-05-28T00:00:00.000,Noise - Residential,588
2024-05-28T00:00:00.000,Noise - Street/Sidewalk,383
2024-05-28T00:00:00.000,Rodent,188
2024-05-28T00:00:00.000,Street Condition,298
2024-05-29T00:00:00.000,Blocked Driveway,409
2024-05-29T00:00:00.000,Damaged Tree,131
2024-05-29T00:00:00.000,Dead/Dying Tree,52
2024-05-29T00:00:00.000,Dirty Condition,191
2024-05-29T00:00:00.000,HEAT/HOT WATER,163
2024-05-29T00:00:00.000,Illegal Fireworks,9
2024-05-29T00:00:00.000,Illegal Parking,1562
2024-05-29T00:00:00.000,Noise - Residential,563
2024-05-29T00:00:00.000,Noise - Street/Sidewalk,343
2024-05-29T00:00:00.000,Rodent,144
2024-05-29T00:00:00.000,Street Condition,290
2024-05-30T00:00:00.000,Blocked Driveway,456
2024-05-30T00:00:00.000,Damaged Tree,179
2024-05-30T00:00:00.000,Dead/Dying Tree,65
2024-05-30T00:00:00.000,Dirty Condition,186
2024-05-30T00:00:00.000,HEAT/HOT WATER,103
2024-05-30T00:00:00.000,Illegal Fireworks,5
2024-05-30T00:00:00.000,Illegal Parking,1765
2024-05-30T00:00:00.000,Noise - Residential,650
2024-05-30T00:00:00.000,Noise - Street/Sidewalk,364
2024-05-30T00:00:00.000,Rodent,137
2024-05-30T00:00:00.000,Street Condition,276
2024-05-31T00:00:00.000,Blocked Driveway,519
2024-05-31T00:00:00.000,Damaged Tree,87
2024-05-31T00:00:00.000,Dead/Dying Tree,50
2024-05-31T00:00:00.000,Dirty Condition,151
2024-05-31T00:00:00.000,HEAT/HOT WATER,159
2024-05-31T00:00:00.000,Illegal Fireworks,19
2024-05-31T00:00:00.000,Illegal Parking,1602
2024-05-31T00:00:00.000,Noise - Residential,907
2024-05-31T00:00:00.000,Noise - Street/Sidewalk,692
2024-05-31T00:00:00.000,Rodent,123
2024-05-31T00:00:00.000,Street Condition,213
2024-06-01T00:00:00.000,Blocked Driveway,471
2024-06-01T00:00:00.000,Damaged Tree,61
2024-06-01T00:00:00.000,Dead/Dying Tree,19
2024-06-01T00:00:00.000,Dirty Condition,138
2024-06-01T00:00:00.000,HEAT/HOT WATER,102
2024-06-01T00:00:00.000,Illegal Fireworks,27
2024-06-01T00:00:00.000,Illegal Parking,1447
2024-06-01T00:00:00.000,Noise - Residential,1779
2024-06-01T00:00:00.000,Noise - Street/Sidewalk,1340
2024-06-01T00:00:00.000,Rodent,100
2024-06-01T00:00:00.000,Street Condition,144
2024-06-02T00:00:00.000,Blocked Driveway,464
2024-06-02T00:00:00.000,Damaged Tree,55
2024-06-02T00:00:00.000,Dead/Dying Tree,26
2024-06-02T00:00:00.000,Dirty Condition,225
2024-06-02T00:00:00.000,HEAT/HOT WATER,110
2024-06-02T00:00:00.000,Illegal Fireworks,31
2024-06-02T00:00:00.000,Illegal Parking,1639
2024-06-02T00:00:00.000,Noise - Residential,1642
2024-06-02T00:00:00.000,Noise - Street/Sidewalk,1524
2024-06-02T00:00:00.000,Rodent,122
2024-06-02T00:00:00.000,Street Condition,147
2024-06-03T00:00:00.000,Blocked Driveway,501
2024-06-03T00:00:00.000,Damaged Tree,108
2024-06-03T00:00:00.000,Dead/Dying Tree,64
2024-06-03T00:00:00.000,Dirty Condition,298
2024-06-03T00:00:00.000,HEAT/HOT WATER,131
2024-06-03T00:00:00.000,Illegal Fireworks,5
2024-06-03T00:00:00.000,Illegal Parking,1759
2024-06-03T00:00:00.000,Noise - Residential,661
2024-06-03T00:00:00.000,Noise - Street/Sidewalk,471
2024-06-03T00:00:00.000,Rodent,169
2024-06-03T00:00:00.000,Street Condition,323
2024-06-04T00:00:00.000,Blocked Driveway,513
2024-06-04T00:00:00.000,Damaged Tree,104
2024-06-04T00:00:00.000,Dead/Dying Tree,64
2024-06-04T00:00:00.000,Dirty Condition,231
2024-06-04T00:00:00.000,HEAT/HOT WATER,134
2024-06-04T00:00:00.000,Illegal Fireworks,15
2024-06-04T00:00:00.000,Illegal Parking,1702
2024-06-04T00:00:00.000,Noise - Residential,636
2024-06-04T00:00:00.000,Noise - Street/Sidewalk,497
2024-06-04T00:00:00.000,Rodent,136
2024-06-04T00:00:00.000,Street Condition,354
2024-06-05T00:00:00.000,Blocked Driveway,461
2024-06-05T00:00:00.000,Damaged Tree,85
2024-06-05T00:00:00.000,Dead/Dying Tree,46
2024-06-05T00:00:00.000,Dirty Condition,237
2024-06-05T00:00:00.000,HEAT/HOT WATER,125
2024-06-05T00:00:00.000,Illegal Fireworks,14
2024-06-05T00:00:00.000,Illegal Parking,1589
2024-06-05T00:00:00.000,Noise - Residential,606
2024-06-05T00:00:00.000,Noise - Street/Sidewalk,507
2024-06-05T00:00:00.000,Rodent,167
2024-06-05T00:00:00.000,Street Condition,309
2024-06-06T00:00:00.000,Blocked Driveway,462
2024-06-06T00:00:00.000,Damaged Tree,234
2024-06-06T00:00:00.000,Dead/Dying Tree,55
2024-06-06T00:00:00.000,Dirty Condition,205
2024-06-06T00:00:00.000,HEAT/HOT WATER,99
2024-06-06T00:00:00.000,Illegal Fireworks,12
2024-06-06T00:00:00.000,Illegal Parking,1495
2024-06-06T00:00:00.000,Noise - Residential,588
2024-06-06T00:00:00.000,Noise - Street/Sidewalk,324
2024-06-06T00:00:00.000,Rodent,153
2024-06-06T00:00:00.000,Street Condition,274
2024-06-07T00:00:00.000,Blocked Driveway,473
2024-06-07T00:00:00.000,Damaged Tree,131
2024-06-07T00:00:00.000,Dead/Dying Tree,55
2024-06-07T00:00:00.000,Dirty Condition,190
2024-06-07T00:00:00.000,HEAT/HOT WATER,109
2024-06-07T00:00:00.000,Illegal Fireworks,39
2024-06-07T00:00:00.000,Illegal Parking,1539
2024-06-07T00:00:00.000,Noise - Residential,818
2024-06-07T00:00:00.000,Noise - Street/Sidewalk,759
2024-06-07T00:00:00.000,Rodent,173
2024-06-07T00:00:00.000,Street Condition,250
2024-06-08T00:00:00.000,Blocked Driveway,465
2024-06-08T00:00:00.000,Damaged Tree,106
2024-06-08T00:00:00.000,Dead/Dying Tree,30
2024-06-08T00:00:00.000,Dirty Condition,139
2024-06-08T00:00:00.000,HEAT/HOT WATER,102
2024-06-08T00:00:00.000,Illegal Fireworks,35
2024-06-08T00:00:00.000,Illegal Parking,1498
2024-06-08T00:00:00.000,Noise - Residential,1642
2024-06-08T00:00:00.000,Noise - Street/Sidewalk,1418
2024-06-08T00:00:00.000,Rodent,92
2024-06-08T00:00:00.000,Street Condition,135
2024-06-09T00:00:00.000,Blocked Driveway,507
2024-06-09T00:00:00.000,Damaged Tree,111
2024-06-09T00:00:00.000,Dead/Dying Tree,19
2024-06-09T00:00:00.000,Dirty Condition,166
2024-06-09T00:00:00.000,HEAT/HOT WATER,111
2024-06-09T00:00:00.000,Illegal Fireworks,31
2024-06-09T00:00:00.000,Illegal Parking,1694
2024-06-09T00:00:00.000,Noise - Residential,1717
2024-06-09T00:00:00.000,Noise - Street/Sidewalk,1677
2024-06-09T00:00:00.000,Rodent,106
2024-06-09T00:00:00.000,Street Condition,146
2024-06-10T00:00:00.000,Blocked Driveway,523
2024-06-10T00:00:00.000,Damaged Tree,117
2024-06-10T00:00:00.000,Dead/Dying Tree,70
2024-06-10T00:00:00.000,Dirty Condition,237
2024-06-10T00:00:00.000,HEAT/HOT WATER,121
2024-06-10T00:00:00.000,Illegal Fireworks,24
2024-06-10T00:00:00.000,Illegal Parking,1729
2024-06-10T00:00:00.000,Noise - Residential,733
2024-06-10T00:00:00.000,Noise - Street/Sidewalk,553
2024-06-10T00:00:00.000,Rodent,199
2024-06-10T00:00:00.000,Street Condition,321
2024-06-11T00:00:00.000,Blocked Driveway,429
2024-06-11T00:00:00.000,Damaged Tree,95
2024-06-11T00:00:00.000,Dead/Dying Tree,46
2024-06-11T00:00:00.000,Dirty Condition,233
2024-06-11T00:00:00.000,HEAT/HOT WATER,145
2024-06-11T00:00:00.000,Illegal Fireworks,26
2024-06-11T00:00:00.000,Illegal Parking,1692
2024-06-11T00:00:00.000,Noise - Residential,732
2024-06-11T00:00:00.000,Noise - Street/Sidewalk,426
2024-06-11T00:00:00.000,Rodent,170
2024-06-11T00:00:00.000,Street Condition,310
2024-06-12T00:00:00.000,Blocked Driveway,399
2024-06-12T00:00:00.000,Damaged Tree,70
2024-06-12T00:00:00.000,Dead/Dying Tree,54
2024-06-12T00:00:00.000,Dirty Condition,190
2024-06-12T00:00:00.000,HEAT/HOT WATER,107
2024-06-12T00:00:00.000,Illegal Fireworks,27
2024-06-12T00:00:00.000,Illegal Parking,1529
2024-06-12T00:00:00.000,Noise - Residential,689
2024-06-12T00:00:00.000,Noise - Street/Sidewalk,508
2024-06-12T00:00:00.000,Rodent,141
2024-06-12T00:00:00.000,Street Condition,348
2024-06-13T00:00:00.000,Blocked Driveway,423
2024-06-13T00:00:00.000,Damaged Tree,107
2024-06-13T00:00:00.000,Dead/Dying Tree,53
2024-06-13T00:00:00.000,Dirty Condition,216
2024-06-13T00:00:00.000,HEAT/HOT WATER,101
2024-06-13T00:00:00.000,Illegal Fireworks,45
2024-06-13T00:00:00.000,Illegal Parking,1550
2024-06-13T00:00:00.000,Noise - Residential,706
2024-06-13T00:00:00.000,Noise - Street/Sidewalk,581
2024-06-13T00:00:00.000,Rodent,160
2024-06-13T00:00:00.000,Street Condition,228
2024-06-14T00:00:00.000,Blocked Driveway,420
2024-06-14T00:00:00.000,Damaged Tree,260
2024-06-14T00:00:00.000,Dead/Dying Tree,39
2024-06-14T00:00:00.000,Dirty Condition,189
2024-06-14T00:00:00.000,HEAT/HOT WATER,116
2024-06-14T00:00:00.000,Illegal Fireworks,30
2024-06-14T00:00:00.000,Illegal Parking,1648
2024-06-14T00:00:00.000,Noise - Residential,676
2024-06-14T00:00:00.000,Noise - Street/Sidewalk,539
2024-06-14T00:00:00.000,Rodent,133
2024-06-14T00:00:00.000,Street Condition,238
2024-06-15T00:00:00.000,Blocked Driveway,463
2024-06-15T00:00:00.000,Damaged Tree,174
2024-06-15T00:00:00.000,Dead/Dying Tree,37
2024-06-15T00:00:00.000,Dirty Condition,136
2024-06-15T00:00:00.000,HEAT/HOT WATER,126
2024-06-15T00:00:00.000,Illegal Fireworks,86
2024-06-15T00:00:00.000,Illegal Parking,1394
2024-06-15T00:00:00.000,Noise - Residential,1587
2024-06-15T00:00:00.000,Noise - Street/Sidewalk,1322
2024-06-15T00:00:00.000,Rodent,90
2024-06-15T00:00:00.000,Street Condition,140
2024-06-16T00:00:00.000,Blocked Driveway,475
2024-06-16T00:00:00.000,Damaged Tree,128
2024-06-16T00:00:00.000,Dead/Dying Tree,19
2024-06-16T00:00:00.000,Dirty Condition,116
2024-06-16T00:00:00.000,HEAT/HOT WATER,91
2024-06-16T00:00:00.000,Illegal Fireworks,136
2024-06-16T00:00:00.000,Illegal Parking,1574
2024-06-16T00:00:00.000,Noise - Residential,2217
2024-06-16T00:00:00.000,Noise - Street/Sidewalk,2114
2024-06-16T00:00:00.000,Rodent,98
2024-06-16T00:00:00.000,Street Condition,108
2024-06-17T00:00:00.000,Blocked Driveway,508
2024-06-17T00:00:00.000,Damaged Tree,175
2024-06-17T00:00:00.000,Dead/Dying Tree,45
2024-06-17T00:00:00.000,Dirty Condition,249
2024-06-17T00:00:00.000,HEAT/HOT WATER,140
2024-06-17T00:00:00.000,Illegal Fireworks,37
2024-06-17T00:00:00.000,Illegal Parking,1524
2024-06-17T00:00:00.000,Noise - Residential,875
2024-06-17T00:00:00.000,Noise - Street/Sidewalk,802
2024-06-17T00:00:00.000,Rodent,164
2024-06-17T00:00:00.000,Street Condition,258
2024-06-18T00:00:00.000,Blocked Driveway,468
2024-06-18T00:00:00.000,Damaged Tree,133
2024-06-18T00:00:00.000,Dead/Dying Tree,57
2024-06-18T00:00:00.000,Dirty Condition,203
2024-06-18T00:00:00.000,HEAT/HOT WATER,124
2024-06-18T00:00:00.000,Illegal Fireworks,32
2024-06-18T00:00:00.000,Illegal Parking,1674
2024-06-18T00:00:00.000,Noise - Residential,638
2024-06-18T00:00:00.000,Noise - Street/Sidewalk,514
2024-06-18T00:00:00.000,Rodent,136
2024-06-18T00:00:00.000,Street Condition,235
2024-06-19T00:00:00.000,Blocked Driveway,437
2024-06-19T00:00:00.000,Damaged Tree,100
2024-06-19T00:00:00.000,Dead/Dying Tree,39
2024-06-19T00:00:00.000,Dirty Condition,186
2024-06-19T00:00:00.000,HEAT/HOT WATER,130
2024-06-19T00:00:00.000,Illegal Fireworks,37
2024-06-19T00:00:00.000,Illegal Parking,1644
2024-06-19T00:00:00.000,Noise - Residential,687
2024-06-19T00:00:00.000,Noise - Street/Sidewalk,676
2024-06-19T00:00:00.000,Rodent,134
2024-06-19T00:00:00.000,Street Condition,208
2024-06-20T00:00:00.000,Blocked Driveway,509
2024-06-20T00:00:00.000,Damaged Tree,124
2024-06-20T00:00:00.000,Dead/Dying Tree,47
2024-06-20T00:00:00.000,Dirty Condition,227
2024-06-20T00:00:00.000,HEAT/HOT WATER,126
2024-06-20T00:00:00.000,Illegal Fireworks,35
2024-06-20T00:00:00.000,Illegal Parking,1557
2024-06-20T00:00:00.000,Noise - Residential,622
2024-06-20T00:00:00.000,Noise - Street/Sidewalk,605
2024-06-20T00:00:00.000,Rodent,133
2024-06-20T00:00:00.000,Street Condition,236
2024-06-21T00:00:00.000,Blocked Driveway,477
2024-06-21T00:00:00.000,Damaged Tree,89
2024-06-21T00:00:00.000,Dead/Dying Tree,31
2024-06-21T00:00:00.000,Dirty Condition,185
2024-06-21T00:00:00.000,HEAT/HOT WATER,129
2024-06-21T00:00:00.000,Illegal Fireworks,48
2024-06-21T00:00:00.000,Illegal Parking,1496
2024-06-21T00:00:00.000,Noise - Residential,843
2024-06-21T00:00:00.000,Noise - Street/Sidewalk,809
2024-06-21T00:00:00.000,Rodent,120
2024-06-21T00:00:00.000,Street Condition,219
2024-06-22T00:00:00.000,Blocked Driveway,443
2024-06-22T00:00:00.000,Damaged Tree,150
2024-06-22T00:00:00.000,Dead/Dying Tree,19
2024-06-22T00:00:00.000,Dirty Condition,167
2024-06-22T00:00:00.000,HEAT/HOT WATER,142
2024-06-22T00:00:00.000,Illegal Fireworks,43
2024-06-22T00:00:00.000,Illegal Parking,1291
2024-06-22T00:00:00.000,Noise - Residential,1265
2024-06-22T00:00:00.000,Noise - Street/Sidewalk,1083
2024-06-22T00:00:00.000,Rodent,96
2024-06-22T00:00:00.000,Street Condition,129
2024-06-23T00:00:00.000,Blocked Driveway,458
2024-06-23T00:00:00.000,Damaged Tree,134
2024-06-23T00:00:00.000,Dead/Dying Tree,39
2024-06-23T00:00:00.000,Dirty Condition,180
2024-06-23T00:00:00.000,HEAT/HOT WATER,126
2024-06-23T00:00:00.000,Illegal Fireworks,76
2024-06-23T00:00:00.000,Illegal Parking,1514
2024-06-23T00:00:00.000,Noise - Residential,1283
2024-06-23T00:00:00.000,Noise - Street/Sidewalk,1393
2024-06-23T00:00:00.000,Rodent,93
2024-06-23T00:00:00.000,Street Condition,147
2024-06-24T00:00:00.000,Blocked Driveway,500
2024-06-24T00:00:00.000,Damaged Tree,746
2024-06-24T00:00:00.000,Dead/Dying Tree,120
2024-06-24T00:00:00.000,Dirty Condition,282
2024-06-24T00:00:00.000,HEAT/HOT WATER,132
2024-06-24T00:00:00.000,Illegal Fireworks,41
2024-06-24T00:00:00.000,Illegal Parking,1672
2024-06-24T00:00:00.000,Noise - Residential,589
2024-06-24T00:00:00.000,Noise - Street/Sidewalk,499
2024-06-24T00:00:00.000,Rodent,158
2024-06-24T00:00:00.000,Street Condition,239
2024-06-25T00:00:00.000,Blocked Driveway,516
2024-06-25T00:00:00.000,Damaged Tree,439
2024-06-25T00:00:00.000,Dead/Dying Tree,69
2024-06-25T00:00:00.000,Dirty Condition,244
2024-06-25T00:00:00.000,HEAT/HOT WATER,140
2024-06-25T00:00:00.000,Illegal Fireworks,61
2024-06-25T00:00:00.000,Illegal Parking,1625
2024-06-25T00:00:00.000,Noise - Residential,561
2024-06-25T00:00:00.000,Noise - Street/Sidewalk,417
2024-06-25T00:00:00.000,Rodent,144
2024-06-25T00:00:00.000,Street Condition,274
2024-06-26T00:00:00.000,Blocked Driveway,465
2024-06-26T00:00:00.000,Damaged Tree,509
2024-06-26T00:00:00.000,Dead/Dying Tree,60
2024-06-26T00:00:00.000,Dirty Condition,164
2024-06-26T00:00:00.000,HEAT/HOT WATER,120
2024-06-26T00:00:00.000,Illegal Fireworks,42
2024-06-26T00:00:00.000,Illegal Parking,1603
2024-06-26T00:00:00.000,Noise - Residential,556
2024-06-26T00:00:00.000,Noise - Street/Sidewalk,408
2024-06-26T00:00:00.000,Rodent,129
2024-06-26T00:00:00.000,Street Condition,265
2024-06-27T00:00:00.000,Blocked Driveway,473
2024-06-27T00:00:00.000,Damaged Tree,723
2024-06-27T00:00:00.000,Dead/Dying Tree,94
2024-06-27T00:00:00.000,Dirty Condition,189
2024-06-27T00:00:00.000,HEAT/HOT WATER,111
2024-06-27T00:00:00.000,Illegal Fireworks,83
2024-06-27T00:00:00.000,Illegal Parking,1463
2024-06-27T00:00:00.000,Noise - Residential,631
2024-06-27T00:00:00.000,Noise - Street/Sidewalk,481
2024-06-27T00:00:00.000,Rodent,133
2024-06-27T00:00:00.000,Street Condition,261
2024-06-28T00:00:00.000,Blocked Driveway,461
2024-06-28T00:00:00.000,Damaged Tree,260
2024-06-28T00:00:00.000,Dead/Dying Tree,41
2024-06-28T00:00:00.000,Dirty Condition,137
2024-06-28T00:00:00.000,HEAT/HOT WATER,90
2024-06-28T00:00:00.000,Illegal Fireworks,121
2024-06-28T00:00:00.000,Illegal Parking,1441
2024-06-28T00:00:00.000,Noise - Residential,1873
2024-06-28T00:00:00.000,Noise - Street/Sidewalk,747
2024-06-28T00:00:00.000,Rodent,109
2024-06-28T00:00:00.000,Street Condition,242
2024-06-29T00:00:00.000,Blocked Driveway,433
2024-06-29T00:00:00.000,Damaged Tree,220
2024-06-29T00:00:00.000,Dead/Dying Tree,36
2024-06-29T00:00:00.000,Dirty Condition,166
2024-06-29T00:00:00.000,HEAT/HOT WATER,91
2024-06-29T00:00:00.000,Illegal Fireworks,202
2024-06-29T00:00:00.000,Illegal Parking,1241
2024-06-29T00:00:00.000,Noise - Residential,1830
2024-06-29T00:00:00.000,Noise - Street/Sidewalk,896
2024-06-29T00:00:00.000,Rodent,79
2024-06-29T00:00:00.000,Street Condition,125
2024-06-30T00:00:00.000,Blocked Driveway,479
2024-06-30T00:00:00.000,Damaged Tree,295
2024-06-30T00:00:00.000,Dead/Dying Tree,34
2024-06-30T00:00:00.000,Dirty Condition,149
2024-06-30T00:00:00.000,HEAT/HOT WATER,83
2024-06-30T00:00:00.000,Illegal Fireworks,146
2024-06-30T00:00:00.000,Illegal Parking,1145
2024-06-30T00:00:00.000,Noise - Residential,1375
2024-06-30T00:00:00.000,Noise - Street/Sidewalk,890
2024-06-30T00:00:00.000,Rodent,89
2024-06-30T00:00:00.000,Street Condition,134
2024-07-01T00:00:00.000,Blocked Driveway,455
2024-07-01T00:00:00.000,Damaged Tree,346
2024-07-01T00:00:00.000,Dead/Dying Tree,67
2024-07-01T00:00:00.000,Dirty Condition,195
2024-07-01T00:00:00.000,HEAT/HOT WATER,112
2024-07-01T00:00:00.000,Illegal Fireworks,206
2024-07-01T00:00:00.000,Illegal Parking,1492
2024-07-01T00:00:00.000,Noise - Residential,652
2024-07-01T00:00:00.000,Noise - Street/Sidewalk,588
2024-07-01T00:00:00.000,Rodent,136
2024-07-01T00:00:00.000,Street Condition,241
2024-07-02T00:00:00.000,Blocked Driveway,483
2024-07-02T00:00:00.000,Damaged Tree,206
2024-07-02T00:00:00.000,Dead/Dying Tree,66
2024-07-02T00:00:00.000,Dirty Condition,217
2024-07-02T00:00:00.000,HEAT/HOT WATER,99
2024-07-02T00:00:00.000,Illegal Fireworks,227
2024-07-02T00:00:00.000,Illegal Parking,1430
2024-07-02T00:00:00.000,Noise - Residential,702
2024-07-02T00:00:00.000,Noise - Street/Sidewalk,600
2024-07-02T00:00:00.000,Rodent,141
2024-07-02T00:00:00.000,Street Condition,240
2024-07-03T00:00:00.000,Blocked Driveway,444
2024-07-03T00:00:00.000,Damaged Tree,140
2024-07-03T00:00:00.000,Dead/Dying Tree,38
2024-07-03T00:00:00.000,Dirty Condition,207
2024-07-03T00:00:00.000,HEAT/HOT WATER,78
2024-07-03T00:00:00.000,Illegal Fireworks,585
2024-07-03T00:00:00.000,Illegal Parking,1303
2024-07-03T00:00:00.000,Noise - Residential,746
2024-07-03T00:00:00.000,Noise - Street/Sidewalk,693
2024-07-03T00:00:00.000,Rodent,131
2024-07-03T00:00:00.000,Street Condition,195
2024-07-04T00:00:00.000,Blocked Driveway,394
2024-07-04T00:00:00.000,Damaged Tree,59
2024-07-04T00:00:00.000,Dead/Dying Tree,8
2024-07-04T00:00:00.000,Dirty Condition,146
2024-07-04T00:00:00.000,HEAT/HOT WATER,66
2024-07-04T00:00:00.000,Illegal Fireworks,2747
2024-07-04T00:00:00.000,Illegal Parking,1047
2024-07-04T00:00:00.000,Noise - Residential,1310
2024-07-04T00:00:00.000,Noise - Street/Sidewalk,1454
2024-07-04T00:00:00.000,Rodent,76
2024-07-04T00:00:00.000,Street Condition,92
2024-07-05T00:00:00.000,Blocked Driveway,393
2024-07-05T00:00:00.000,Damaged Tree,138
2024-07-05T00:00:00.000,Dead/Dying Tree,32
2024-07-05T00:00:00.000,Dirty Condition,190
2024-07-05T00:00:00.000,HEAT/HOT WATER,75
2024-07-05T00:00:00.000,Illegal Fireworks,1261
2024-07-05T00:00:00.000,Illegal Parking,1106
2024-07-05T00:00:00.000,Noise - Residential,1011
2024-07-05T00:00:00.000,Noise - Street/Sidewalk,985
2024-07-05T00:00:00.000,Rodent,105
2024-07-05T00:00:00.000,Street Condition,214
2024-07-06T00:00:00.000,Blocked Driveway,412
2024-07-06T00:00:00.000,Damaged Tree,87
2024-07-06T00:00:00.000,Dead/Dying Tree,21
2024-07-06T00:00:00.000,Dirty Condition,151
2024-07-06T00:00:00.000,HEAT/HOT WATER,144
2024-07-06T00:00:00.000,Illegal Fireworks,583
2024-07-06T00:00:00.000,Illegal Parking,1044
2024-07-06T00:00:00.000,Noise - Residential,1099
2024-07-06T00:00:00.000,Noise - Street/Sidewalk,937
2024-07-06T00:00:00.000,Rodent,89
2024-07-06T00:00:00.000,Street Condition,96
2024-07-07T00:00:00.000,Blocked Driveway,369
2024-07-07T00:00:00.000,Damaged Tree,78
2024-07-07T00:00:00.000,Dead/Dying Tree,21
2024-07-07T00:00:00.000,Dirty Condition,194
2024-07-07T00:00:00.000,HEAT/HOT WATER,131
2024-07-07T00:00:00.000,Illegal Fireworks,300
2024-07-07T00:00:00.000,Illegal Parking,1209
2024-07-07T00:00:00.000,Noise - Residential,1141
2024-07-07T00:00:00.000,Noise - Street/Sidewalk,1065
2024-07-07T00:00:00.000,Rodent,96
2024-07-07T00:00:00.000,Street Condition,119
2024-07-08T00:00:00.000,Blocked Driveway,477
2024-07-08T00:00:00.000,Damaged Tree,135
2024-07-08T00:00:00.000,Dead/Dying Tree,49
2024-07-08T00:00:00.000,Dirty Condition,258
2024-07-08T00:00:00.000,HEAT/HOT WATER,194
2024-07-08T00:00:00.000,Illegal Fireworks,102
2024-07-08T00:00:00.000,Illegal Parking,1301
2024-07-08T00:00:00.000,Noise - Residential,516
2024-07-08T00:00:00.000,Noise - Street/Sidewalk,441
2024-07-08T00:00:00.000,Rodent,166
2024-07-08T00:00:00.000,Street Condition,209
2024-07-09T00:00:00.000,Blocked Driveway,432
2024-07-09T00:00:00.000,Damaged Tree,141
2024-07-09T00:00:00.000,Dead/Dying Tree,58
2024-07-09T00:00:00.000,Dirty Condition,279
2024-07-09T00:00:00.000,HEAT/HOT WATER,227
2024-07-09T00:00:00.000,Illegal Fireworks,63
2024-07-09T00:00:00.000,Illegal Parking,1408
2024-07-09T00:00:00.000,Noise - Residential,754
2024-07-09T00:00:00.000,Noise - Street/Sidewalk,366
2024-07-09T00:00:00.000,Rodent,164
2024-07-09T00:00:00.000,Street Condition,304
2024-07-10T00:00:00.000,Blocked Driveway,424
2024-07-10T00:00:00.000,Damaged Tree,274
2024-07-10T00:00:00.000,Dead/Dying Tree,61
2024-07-10T00:00:00.000,Dirty Condition,257
2024-07-10T00:00:00.000,HEAT/HOT WATER,117
2024-07-10T00:00:00.000,Illegal Fireworks,63
2024-07-10T00:00:00.000,Illegal Parking,1326
2024-07-10T00:00:00.000,Noise - Residential,519
2024-07-10T00:00:00.000,Noise - Street/Sidewalk,392
2024-07-10T00:00:00.000,Rodent,148
2024-07-10T00:00:00.000,Street Condition,256
2024-07-11T00:00:00.000,Blocked Driveway,413
2024-07-11T00:00:00.000,Damaged Tree,229
2024-07-11T00:00:00.000,Dead/Dying Tree,39
2024-07-11T00:00:00.000,Dirty Condition,218
2024-07-11T00:00:00.000,HEAT/HOT WATER,65
2024-07-11T00:00:00.000,Illegal Fireworks,59
2024-07-11T00:00:00.000,Illegal Parking,1468
2024-07-11T00:00:00.000,Noise - Residential,606
2024-07-11T00:00:00.000,Noise - Street/Sidewalk,461
2024-07-11T00:00:00.000,Rodent,161
2024-07-11T00:00:00.000,Street Condition,260
2024-07-12T00:00:00.000,Blocked Driveway,388
2024-07-12T00:00:00.000,Damaged Tree,162
2024-07-12T00:00:00.000,Dead/Dying Tree,41
2024-07-12T00:00:00.000,Dirty Condition,174
2024-07-12T00:00:00.000,HEAT/HOT WATER,62
2024-07-12T00:00:00.000,Illegal Fireworks,74
2024-07-12T00:00:00.000,Illegal Parking,1359
2024-07-12T00:00:00.000,Noise - Residential,680
2024-07-12T00:00:00.000,Noise - Street/Sidewalk,517
2024-07-12T00:00:00.000,Rodent,113
2024-07-12T00:00:00.000,Snow or Ice,1
2024-07-12T00:00:00.000,Street Condition,174
2024-07-13T00:00:00.000,Blocked Driveway,426
2024-07-13T00:00:00.000,Damaged Tree,145
2024-07-13T00:00:00.000,Dead/Dying Tree,23
2024-07-13T00:00:00.000,Dirty Condition,142
2024-07-13T00:00:00.000,Illegal Fireworks,116
2024-07-13T00:00:00.000,Illegal Parking,1104
2024-07-13T00:00:00.000,Noise - Residential,1149
2024-07-13T00:00:00.000,Noise - Street/Sidewalk,977
2024-07-13T00:00:00.000,Rodent,86
2024-07-13T00:00:00.000,Street Condition,105
2024-07-14T00:00:00.000,Blocked Driveway,460
2024-07-14T00:00:00.000,Damaged Tree,99
2024-07-14T00:00:00.000,Dead/Dying Tree,27
2024-07-14T00:00:00.000,Dirty Condition,182
2024-07-14T00:00:00.000,HEAT/HOT WATER,333
2024-07-14T00:00:00.000,Illegal Fireworks,100
2024-07-14T00:00:00.000,Illegal Parking,1231
2024-07-14T00:00:00.000,Noise - Residential,1968
2024-07-14T00:00:00.000,Noise - Street/Sidewalk,1161
2024-07-14T00:00:00.000,Rodent,100
2024-07-14T00:00:00.000,Street Condition,115
2024-07-15T00:00:00.000,Blocked Driveway,401
2024-07-15T00:00:00.000,Damaged Tree,176
2024-07-15T00:00:00.000,Dead/Dying Tree,42
2024-07-15T00:00:00.000,Dirty Condition,229
2024-07-15T00:00:00.000,HEAT/HOT WATER,147
2024-07-15T00:00:00.000,Illegal Fireworks,64
2024-07-15T00:00:00.000,Illegal Parking,1264
2024-07-15T00:00:00.000,Noise - Residential,618
2024-07-15T00:00:00.000,Noise - Street/Sidewalk,514
2024-07-15T00:00:00.000,Rodent,156
2024-07-15T00:00:00.000,Snow or Ice,1
2024-07-15T00:00:00.000,Street Condition,261
2024-07-16T00:00:00.000,Blocked Driveway,445
2024-07-16T00:00:00.000,Damaged Tree,189
2024-07-16T00:00:00.000,Dead/Dying Tree,53
2024-07-16T00:00:00.000,Dirty Condition,235
2024-07-16T00:00:00.000,HEAT/HOT WATER,129
2024-07-16T00:00:00.000,Illegal Fireworks,19
2024-07-16T00:00:00.000,Illegal Parking,1295
2024-07-16T00:00:00.000,Noise - Residential,504
2024-07-16T00:00:00.000,Noise - Street/Sidewalk,448
2024-07-16T00:00:00.000,Rodent,137
2024-07-16T00:00:00.000,Street Condition,244
2024-07-17T00:00:00.000,Blocked Driveway,417
2024-07-17T00:00:00.000,Damaged Tree,202
2024-07-17T00:00:00.000,Dead/Dying Tree,46
2024-07-17T00:00:00.000,Dirty Condition,211
2024-07-17T00:00:00.000,HEAT/HOT WATER,109
2024-07-17T00:00:00.000,Illegal Fireworks,14
2024-07-17T00:00:00.000,Illegal Parking,1246
2024-07-17T00:00:00.000,Noise - Residential,464
2024-07-17T00:00:00.000,Noise - Street/Sidewalk,250
2024-07-17T00:00:00.000,Rodent,145
2024-07-17T00:00:00.000,Snow or Ice,4
2024-07-17T00:00:00.000,Street Condition,240
2024-07-18T00:00:00.000,Blocked Driveway,403
2024-07-18T00:00:00.000,Damaged Tree,236
2024-07-18T00:00:00.000,Dead/Dying Tree,45
2024-07-18T00:00:00.000,Dirty Condition,180
2024-07-18T00:00:00.000,HEAT/HOT WATER,107
2024-07-18T00:00:00.000,Illegal Fireworks,23
2024-07-18T00:00:00.000,Illegal Parking,1315
2024-07-18T00:00:00.000,Noise - Residential,459
2024-07-18T00:00:00.000,Noise - Street/Sidewalk,415
2024-07-18T00:00:00.000,Rodent,148
2024-07-18T00:00:00.000,Street Condition,271
2024-07-19T00:00:00.000,Blocked Driveway,327
2024-07-19T00:00:00.000,Damaged Tree,118
2024-07-19T00:00:00.000,Dead/Dying Tree,35
2024-07-19T00:00:00.000,Dirty Condition,152
2024-07-19T00:00:00.000,HEAT/HOT WATER,65
2024-07-19T00:00:00.000,Illegal Fireworks,43
2024-07-19T00:00:00.000,Illegal Parking,1267
2024-07-19T00:00:00.000,Noise - Residential,653
2024-07-19T00:00:00.000,Noise - Street/Sidewalk,784
2024-07-19T00:00:00.000,Rodent,120
2024-07-19T00:00:00.000,Street Condition,141
2024-07-20T00:00:00.000,Blocked Driveway,408
2024-07-20T00:00:00.000,Damaged Tree,54
2024-07-20T00:00:00.000,Dead/Dying Tree,24
2024-07-20T00:00:00.000,Dirty Condition,186
2024-07-20T00:00:00.000,HEAT/HOT WATER,66
2024-07-20T00:00:00.000,Illegal Fireworks,75
2024-07-20T00:00:00.000,Illegal Parking,1136
2024-07-20T00:00:00.000,Noise - Residential,1301
2024-07-20T00:00:00.000,Noise - Street/Sidewalk,1288
2024-07-20T00:00:00.000,Rodent,102
2024-07-20T00:00:00.000,Street Condition,126
2024-07-21T00:00:00.000,Blocked Driveway,368
2024-07-21T00:00:00.000,Damaged Tree,68
2024-07-21T00:00:00.000,Dead/Dying Tree,11
2024-07-21T00:00:00.000,Dirty Condition,150
2024-07-21T00:00:00.000,HEAT/HOT WATER,98
2024-07-21T00:00:00.000,Illegal Fireworks,61
2024-07-21T00:00:00.000,Illegal Parking,1226
2024-07-21T00:00:00.000,Noise - Residential,1293
2024-07-21T00:00:00.000,Noise - Street/Sidewalk,1346
2024-07-21T00:00:00.000,Rodent,91
2024-07-21T00:00:00.000,Street Condition,122
2024-07-22T00:00:00.000,Blocked Driveway,454
2024-07-22T00:00:00.000,Damaged Tree,162
2024-07-22T00:00:00.000,Dead/Dying Tree,46
2024-07-22T00:00:00.000,Dirty Condition,286
2024-07-22T00:00:00.000,HEAT/HOT WATER,122
2024-07-22T00:00:00.000,Illegal Fireworks,10
2024-07-22T00:00:00.000,Illegal Parking,1371
2024-07-22T00:00:00.000,Noise - Residential,571
2024-07-22T00:00:00.000,Noise - Street/Sidewalk,379
2024-07-22T00:00:00.000,Rodent,165
2024-07-22T00:00:00.000,Street Condition,243
2024-07-23T00:00:00.000,Blocked Driveway,475
2024-07-23T00:00:00.000,Damaged Tree,161
2024-07-23T00:00:00.000,Dead/Dying Tree,47
2024-07-23T00:00:00.000,Dirty Condition,233
2024-07-23T00:00:00.000,HEAT/HOT WATER,112
2024-07-23T00:00:00.000,Illegal Fireworks,14
2024-07-23T00:00:00.000,Illegal Parking,1335
2024-07-23T00:00:00.000,Noise - Residential,473
2024-07-23T00:00:00.000,Noise - Street/Sidewalk,358
2024-07-23T00:00:00.000,Rodent,141
2024-07-23T00:00:00.000,Street Condition,254
2024-07-24T00:00:00.000,Blocked Driveway,359
2024-07-24T00:00:00.000,Damaged Tree,141
2024-07-24T00:00:00.000,Dead/Dying Tree,51
2024-07-24T00:00:00.000,Dirty Condition,253
2024-07-24T00:00:00.000,HEAT/HOT WATER,97
2024-07-24T00:00:00.000,Illegal Fireworks,5
2024-07-24T00:00:00.000,Illegal Parking,1286
2024-07-24T00:00:00.000,Noise - Residential,526
2024-07-24T00:00:00.000,Noise - Street/Sidewalk,436
2024-07-24T00:00:00.000,Rodent,180
2024-07-24T00:00:00.000,Street Condition,255
2024-07-25T00:00:00.000,Blocked Driveway,446
2024-07-25T00:00:00.000,Damaged Tree,132
2024-07-25T00:00:00.000,Dead/Dying Tree,50
2024-07-25T00:00:00.000,Dirty Condition,257
2024-07-25T00:00:00.000,HEAT/HOT WATER,108
2024-07-25T00:00:00.000,Illegal Fireworks,12
2024-07-25T00:00:00.000,Illegal Parking,1386
2024-07-25T00:00:00.000,Noise - Residential,676
2024-07-25T00:00:00.000,Noise - Street/Sidewalk,495
2024-07-25T00:00:00.000,Rodent,181
2024-07-25T00:00:00.000,Street Condition,231
2024-07-26T00:00:00.000,Blocked Driveway,408
2024-07-26T00:00:00.000,Damaged Tree,104
2024-07-26T00:00:00.000,Dead/Dying Tree,49
2024-07-26T00:00:00.000,Dirty Condition,188
2024-07-26T00:00:00.000,HEAT/HOT WATER,85
2024-07-26T00:00:00.000,Illegal Fireworks,39
2024-07-26T00:00:00.000,Illegal Parking,1241
2024-07-26T00:00:00.000,Noise - Residential,770
2024-07-26T00:00:00.000,Noise - Street/Sidewalk,739
2024-07-26T00:00:00.000,Rodent,135
2024-07-26T00:00:00.000,Street Condition,207
2024-07-27T00:00:00.000,Blocked Driveway,432
2024-07-27T00:00:00.000,Damaged Tree,50
2024-07-27T00:00:00.000,Dead/Dying Tree,26
2024-07-27T00:00:00.000,Dirty Condition,173
2024-07-27T00:00:00.000,HEAT/HOT WATER,67
2024-07-27T00:00:00.000,Illegal Fireworks,60
2024-07-27T00:00:00.000,Illegal Parking,1163
2024-07-27T00:00:00.000,Noise - Residential,1515
2024-07-27T00:00:00.000,Noise - Street/Sidewalk,1361
2024-07-27T00:00:00.000,Rodent,118
2024-07-27T00:00:00.000,Street Condition,106
2024-07-28T00:00:00.000,Blocked Driveway,442
2024-07-28T00:00:00.000,Damaged Tree,70
2024-07-28T00:00:00.000,Dead/Dying Tree,23
2024-07-28T00:00:00.000,Dirty Condition,221
2024-07-28T00:00:00.000,HEAT/HOT WATER,62
2024-07-28T00:00:00.000,Illegal Fireworks,68
2024-07-28T00:00:00.000,Illegal Parking,1311
2024-07-28T00:00:00.000,Noise - Residential,1653
2024-07-28T00:00:00.000,Noise - Street/Sidewalk,1838
2024-07-28T00:00:00.000,Rodent,137
2024-07-28T00:00:00.000,Street Condition,96
2024-07-29T00:00:00.000,Blocked Driveway,497
2024-07-29T00:00:00.000,Damaged Tree,123
2024-07-29T00:00:00.000,Dead/Dying Tree,46
2024-07-29T00:00:00.000,Dirty Condition,252
2024-07-29T00:00:00.000,HEAT/HOT WATER,97
2024-07-29T00:00:00.000,Illegal Fireworks,17
2024-07-29T00:00:00.000,Illegal Parking,1395
2024-07-29T00:00:00.000,Noise - Residential,663
2024-07-29T00:00:00.000,Noise - Street/Sidewalk,572
2024-07-29T00:00:00.000,Rodent,199
2024-07-29T00:00:00.000,Street Condition,250
2024-07-30T00:00:00.000,Blocked Driveway,441
2024-07-30T00:00:00.000,Damaged Tree,164
2024-07-30T00:00:00.000,Dead/Dying Tree,53
2024-07-30T00:00:00.000,Dirty Condition,252
2024-07-30T00:00:00.000,HEAT/HOT WATER,81
2024-07-30T00:00:00.000,Illegal Fireworks,9
2024-07-30T00:00:00.000,Illegal Parking,1467
2024-07-30T00:00:00.000,Noise - Residential,596
2024-07-30T00:00:00.000,Noise - Street/Sidewalk,319
2024-07-30T00:00:00.000,Rodent,182
2024-07-30T00:00:00.000,Street Condition,213
2024-07-31T00:00:00.000,Blocked Driveway,424
2024-07-31T00:00:00.000,Damaged Tree,163
2024-07-31T00:00:00.000,Dead/Dying Tree,54
2024-07-31T00:00:00.000,Dirty Condition,255
2024-07-31T00:00:00.000,HEAT/HOT WATER,124
2024-07-31T00:00:00.000,Illegal Fireworks,7
2024-07-31T00:00:00.000,Illegal Parking,1336
2024-07-31T00:00:00.000,Noise - Residential,1551
2024-07-31T00:00:00.000,Noise - Street/Sidewalk,360
2024-07-31T00:00:00.000,Rodent,155
2024-07-31T00:00:00.000,Street Condition,211
2024-08-01T00:00:00.000,Blocked Driveway,417
2024-08-01T00:00:00.000,Damaged Tree,133
2024-08-01T00:00:00.000,Dead/Dying Tree,56
2024-08-01T00:00:00.000,Dirty Condition,223
2024-08-01T00:00:00.000,HEAT/HOT WATER,116
2024-08-01T00:00:00.000,Illegal Fireworks,10
2024-08-01T00:00:00.000,Illegal Parking,1307
2024-08-01T00:00:00.000,Noise - Residential,544
2024-08-01T00:00:00.000,Noise - Street/Sidewalk,397
2024-08-01T00:00:00.000,Rodent,145
2024-08-01T00:00:00.000,Street Condition,172
2024-08-02T00:00:00.000,Blocked Driveway,408
2024-08-02T00:00:00.000,Damaged Tree,142
2024-08-02T00:00:00.000,Dead/Dying Tree,40
2024-08-02T00:00:00.000,Dirty Condition,220
2024-08-02T00:00:00.000,HEAT/HOT WATER,96
2024-08-02T00:00:00.000,Illegal Fireworks,3
2024-08-02T00:00:00.000,Illegal Parking,1183
2024-08-02T00:00:00.000,Noise - Residential,619
2024-08-02T00:00:00.000,Noise - Street/Sidewalk,465
2024-08-02T00:00:00.000,Rodent,136
2024-08-02T00:00:00.000,Street Condition,170
2024-08-03T00:00:00.000,Blocked Driveway,383
2024-08-03T00:00:00.000,Damaged Tree,180
2024-08-03T00:00:00.000,Dead/Dying Tree,37
2024-08-03T00:00:00.000,Dirty Condition,173
2024-08-03T00:00:00.000,HEAT/HOT WATER,78
2024-08-03T00:00:00.000,Illegal Fireworks,54
2024-08-03T00:00:00.000,Illegal Parking,1090
2024-08-03T00:00:00.000,Noise - Residential,1225
2024-08-03T00:00:00.000,Noise - Street/Sidewalk,726
2024-08-03T00:00:00.000,Rodent,79
2024-08-03T00:00:00.000,Street Condition,75
2024-08-04T00:00:00.000,Blocked Driveway,390
2024-08-04T00:00:00.000,Damaged Tree,187
2024-08-04T00:00:00.000,Dead/Dying Tree,22
2024-08-04T00:00:00.000,Dirty Condition,136
2024-08-04T00:00:00.000,HEAT/HOT WATER,85
2024-08-04T00:00:00.000,Illegal Fireworks,13
2024-08-04T00:00:00.000,Illegal Parking,1163
2024-08-04T00:00:00.000,Noise - Residential,1161
2024-08-04T00:00:00.000,Noise - Street/Sidewalk,888
2024-08-04T00:00:00.000,Rodent,96
2024-08-04T00:00:00.000,Street Condition,92
2024-08-05T00:00:00.000,Blocked Driveway,400
2024-08-05T00:00:00.000,Damaged Tree,194
2024-08-05T00:00:00.000,Dead/Dying Tree,65
2024-08-05T00:00:00.000,Dirty Condition,254
2024-08-05T00:00:00.000,HEAT/HOT WATER,125
2024-08-05T00:00:00.000,Illegal Fireworks,21
2024-08-05T00:00:00.000,Illegal Parking,1297
2024-08-05T00:00:00.000,Noise - Residential,1122
2024-08-05T00:00:00.000,Noise - Street/Sidewalk,541
2024-08-05T00:00:00.000,Rodent,166
2024-08-05T00:00:00.000,Street Condition,232
2024-08-06T00:00:00.000,Blocked Driveway,455
2024-08-06T00:00:00.000,Damaged Tree,209
2024-08-06T00:00:00.000,Dead/Dying Tree,60
2024-08-06T00:00:00.000,Dirty Condition,213
2024-08-06T00:00:00.000,HEAT/HOT WATER,120
2024-08-06T00:00:00.000,Illegal Fireworks,14
2024-08-06T00:00:00.000,Illegal Parking,1264
2024-08-06T00:00:00.000,Noise - Residential,708
2024-08-06T00:00:00.000,Noise - Street/Sidewalk,197
2024-08-06T00:00:00.000,Rodent,144
2024-08-06T00:00:00.000,Street Condition,241
2024-08-07T00:00:00.000,Blocked Driveway,365
2024-08-07T00:00:00.000,Damaged Tree,239
2024-08-07T00:00:00.000,Dead/Dying Tree,64
2024-08-07T00:00:00.000,Dirty Condition,175
2024-08-07T00:00:00.000,HEAT/HOT WATER,117
2024-08-07T00:00:00.000,Illegal Fireworks,16
2024-08-07T00:00:00.000,Illegal Parking,1286
2024-08-07T00:00:00.000,Noise - Residential,559
2024-08-07T00:00:00.000,Noise - Street/Sidewalk,219
2024-08-07T00:00:00.000,Rodent,130
2024-08-07T00:00:00.000,Street Condition,191
2024-08-08T00:00:00.000,Blocked Driveway,395
2024-08-08T00:00:00.000,Damaged Tree,181
2024-08-08T00:00:00.000,Dead/Dying Tree,43
2024-08-08T00:00:00.000,Dirty Condition,155
2024-08-08T00:00:00.000,HEAT/HOT WATER,102
2024-08-08T00:00:00.000,Illegal Fireworks,8
2024-08-08T00:00:00.000,Illegal Parking,1128
2024-08-08T00:00:00.000,Noise - Residential,594
2024-08-08T00:00:00.000,Noise - Street/Sidewalk,241
2024-08-08T00:00:00.000,Rodent,125
2024-08-08T00:00:00.000,Street Condition,204
2024-08-09T00:00:00.000,Blocked Driveway,399
2024-08-09T00:00:00.000,Damaged Tree,1041
2024-08-09T00:00:00.000,Dead/Dying Tree,118
2024-08-09T00:00:00.000,Dirty Condition,174
2024-08-09T00:00:00.000,HEAT/HOT WATER,99
2024-08-09T00:00:00.000,Illegal Fireworks,7
2024-08-09T00:00:00.000,Illegal Parking,1259
2024-08-09T00:00:00.000,Noise - Residential,609
2024-08-09T00:00:00.000,Noise - Street/Sidewalk,294
2024-08-09T00:00:00.000,Rodent,143
2024-08-09T00:00:00.000,Street Condition,168
2024-08-10T00:00:00.000,Blocked Driveway,410
2024-08-10T00:00:00.000,Damaged Tree,305
2024-08-10T00:00:00.000,Dead/Dying Tree,31
2024-08-10T00:00:00.000,Dirty Condition,141
2024-08-10T00:00:00.000,HEAT/HOT WATER,89
2024-08-10T00:00:00.000,Illegal Fireworks,40
2024-08-10T00:00:00.000,Illegal Parking,1066
2024-08-10T00:00:00.000,Noise - Residential,1429
2024-08-10T00:00:00.000,Noise - Street/Sidewalk,1065
2024-08-10T00:00:00.000,Rodent,82
2024-08-10T00:00:00.000,Street Condition,96
2024-08-11T00:00:00.000,Blocked Driveway,415
2024-08-11T00:00:00.000,Damaged Tree,146
2024-08-11T00:00:00.000,Dead/Dying Tree,30
2024-08-11T00:00:00.000,Dirty Condition,174
2024-08-11T00:00:00.000,HEAT/HOT WATER,86
2024-08-11T00:00:00.000,Illegal Fireworks,31
2024-08-11T00:00:00.000,Illegal Parking,1341
2024-08-11T00:00:00.000,Noise - Residential,1723
2024-08-11T00:00:00.000,Noise - Street/Sidewalk,1456
2024-08-11T00:00:00.000,Rodent,98
2024-08-11T00:00:00.000,Street Condition,128
2024-08-12T00:00:00.000,Blocked Driveway,396
2024-08-12T00:00:00.000,Damaged Tree,243
2024-08-12T00:00:00.000,Dead/Dying Tree,70
2024-08-12T00:00:00.000,Dirty Condition,247
2024-08-12T00:00:00.000,HEAT/HOT WATER,105
2024-08-12T00:00:00.000,Illegal Fireworks,10
2024-08-12T00:00:00.000,Illegal Parking,1368
2024-08-12T00:00:00.000,Noise - Residential,647
2024-08-12T00:00:00.000,Noise - Street/Sidewalk,543
2024-08-12T00:00:00.000,Rodent,141
2024-08-12T00:00:00.000,Street Condition,239
2024-08-13T00:00:00.000,Blocked Driveway,419
2024-08-13T00:00:00.000,Damaged Tree,188
2024-08-13T00:00:00.000,Dead/Dying Tree,70
2024-08-13T00:00:00.000,Dirty Condition,248
2024-08-13T00:00:00.000,HEAT/HOT WATER,65
2024-08-13T00:00:00.000,Illegal Fireworks,5
2024-08-13T00:00:00.000,Illegal Parking,1200
2024-08-13T00:00:00.000,Noise - Residential,663
2024-08-13T00:00:00.000,Noise - Street/Sidewalk,464
2024-08-13T00:00:00.000,Rodent,150
2024-08-13T00:00:00.000,Street Condition,246
2024-08-14T00:00:00.000,Blocked Driveway,381
2024-08-14T00:00:00.000,Damaged Tree,122
2024-08-14T00:00:00.000,Dead/Dying Tree,32
2024-08-14T00:00:00.000,Dirty Condition,259
2024-08-14T00:00:00.000,HEAT/HOT WATER,108
2024-08-14T00:00:00.000,Illegal Fireworks,8
2024-08-14T00:00:00.000,Illegal Parking,1229
2024-08-14T00:00:00.000,Noise - Residential,599
2024-08-14T00:00:00.000,Noise - Street/Sidewalk,490
2024-08-14T00:00:00.000,Rodent,133
2024-08-14T00:00:00.000,Street Condition,211
2024-08-15T00:00:00.000,Blocked Driveway,389
2024-08-15T00:00:00.000,Damaged Tree,128
2024-08-15T00:00:00.000,Dead/Dying Tree,34
2024-08-15T00:00:00.000,Dirty Condition,268
2024-08-15T00:00:00.000,HEAT/HOT WATER,134
2024-08-15T00:00:00.000,Illegal Fireworks,7
2024-08-15T00:00:00.000,Illegal Parking,1253
2024-08-15T00:00:00.000,Noise - Residential,577
2024-08-15T00:00:00.000,Noise - Street/Sidewalk,491
2024-08-15T00:00:00.000,Rodent,157
2024-08-15T00:00:00.000,Street Condition,216
2024-08-16T00:00:00.000,Blocked Driveway,402
2024-08-16T00:00:00.000,Damaged Tree,119
2024-08-16T00:00:00.000,Dead/Dying Tree,34
2024-08-16T00:00:00.000,Dirty Condition,225
2024-08-16T00:00:00.000,HEAT/HOT WATER,116
2024-08-16T00:00:00.000,Illegal Fireworks,6
2024-08-16T00:00:00.000,Illegal Parking,1343
2024-08-16T00:00:00.000,Noise - Residential,751
2024-08-16T00:00:00.000,Noise - Street/Sidewalk,690
2024-08-16T00:00:00.000,Rodent,116
2024-08-16T00:00:00.000,Street Condition,176
2024-08-17T00:00:00.000,Blocked Driveway,431
2024-08-17T00:00:00.000,Damaged Tree,79
2024-08-17T00:00:00.000,Dead/Dying Tree,18
2024-08-17T00:00:00.000,Dirty Condition,184
2024-08-17T00:00:00.000,HEAT/HOT WATER,126
2024-08-17T00:00:00.000,Illegal Fireworks,51
2024-08-17T00:00:00.000,Illegal Parking,1141
2024-08-17T00:00:00.000,Noise - Residential,1269
2024-08-17T00:00:00.000,Noise - Street/Sidewalk,1177
2024-08-17T00:00:00.000,Rodent,100
2024-08-17T00:00:00.000,Street Condition,113
2024-08-18T00:00:00.000,Blocked Driveway,398
2024-08-18T00:00:00.000,Damaged Tree,140
2024-08-18T00:00:00.000,Dead/Dying Tree,26
2024-08-18T00:00:00.000,Dirty Condition,147
2024-08-18T00:00:00.000,HEAT/HOT WATER,109
2024-08-18T00:00:00.000,Illegal Fireworks,7
2024-08-18T00:00:00.000,Illegal Parking,1038
2024-08-18T00:00:00.000,Noise - Residential,1116
2024-08-18T00:00:00.000,Noise - Street/Sidewalk,674
2024-08-18T00:00:00.000,Rodent,90
2024-08-18T00:00:00.000,Street Condition,111
2024-08-19T00:00:00.000,Blocked Driveway,357
2024-08-19T00:00:00.000,Damaged Tree,208
2024-08-19T00:00:00.000,Dead/Dying Tree,71
2024-08-19T00:00:00.000,Dirty Condition,218
2024-08-19T00:00:00.000,HEAT/HOT WATER,108
2024-08-19T00:00:00.000,Illegal Fireworks,15
2024-08-19T00:00:00.000,Illegal Parking,1322
2024-08-19T00:00:00.000,Noise - Residential,626
2024-08-19T00:00:00.000,Noise - Street/Sidewalk,360
2024-08-19T00:00:00.000,Rodent,177
2024-08-19T00:00:00.000,Street Condition,275
2024-08-20T00:00:00.000,Blocked Driveway,407
2024-08-20T00:00:00.000,Damaged Tree,141
2024-08-20T00:00:00.000,Dead/Dying Tree,43
2024-08-20T00:00:00.000,Dirty Condition,211
2024-08-20T00:00:00.000,HEAT/HOT WATER,105
2024-08-20T00:00:00.000,Illegal Fireworks,5
2024-08-20T00:00:00.000,Illegal Parking,1380
2024-08-20T00:00:00.000,Noise - Residential,614
2024-08-20T00:00:00.000,Noise - Street/Sidewalk,395
2024-08-20T00:00:00.000,Rodent,145
2024-08-20T00:00:00.000,Street Condition,255
2024-08-21T00:00:00.000,Blocked Driveway,402
2024-08-21T00:00:00.000,Damaged Tree,116
2024-08-21T00:00:00.000,Dead/Dying Tree,29
2024-08-21T00:00:00.000,Dirty Condition,217
2024-08-21T00:00:00.000,HEAT/HOT WATER,131
2024-08-21T00:00:00.000,Illegal Fireworks,1
2024-08-21T00:00:00.000,Illegal Parking,1225
2024-08-21T00:00:00.000,Noise - Residential,682
2024-08-21T00:00:00.000,Noise - Street/Sidewalk,437
2024-08-21T00:00:00.000,Rodent,156
2024-08-21T00:00:00.000,Street Condition,222
2024-08-22T00:00:00.000,Blocked Driveway,362
2024-08-22T00:00:00.000,Damaged Tree,99
2024-08-22T00:00:00.000,Dead/Dying Tree,47
2024-08-22T00:00:00.000,Dirty Condition,210
2024-08-22T00:00:00.000,HEAT/HOT WATER,91
2024-08-22T00:00:00.000,Illegal Fireworks,8
2024-08-22T00:00:00.000,Illegal Parking,1479
2024-08-22T00:00:00.000,Noise - Residential,704
2024-08-22T00:00:00.000,Noise - Street/Sidewalk,575
2024-08-22T00:00:00.000,Rodent,106
2024-08-22T00:00:00.000,Street Condition,211
2024-08-23T00:00:00.000,Blocked Driveway,367
2024-08-23T00:00:00.000,Damaged Tree,85
2024-08-23T00:00:00.000,Dead/Dying Tree,41
2024-08-23T00:00:00.000,Dirty Condition,177
2024-08-23T00:00:00.000,HEAT/HOT WATER,95
2024-08-23T00:00:00.000,Illegal Fireworks,11
2024-08-23T00:00:00.000,Illegal Parking,1231
2024-08-23T00:00:00.000,Noise - Residential,820
2024-08-23T00:00:00.000,Noise - Street/Sidewalk,840
2024-08-23T00:00:00.000,Rodent,132
2024-08-23T00:00:00.000,Street Condition,175
2024-08-24T00:00:00.000,Blocked Driveway,436
2024-08-24T00:00:00.000,Damaged Tree,51
2024-08-24T00:00:00.000,Dead/Dying Tree,26
2024-08-24T00:00:00.000,Dirty Condition,159
2024-08-24T00:00:00.000,HEAT/HOT WATER,63
2024-08-24T00:00:00.000,Illegal Fireworks,46
2024-08-24T00:00:00.000,Illegal Parking,1189
2024-08-24T00:00:00.000,Noise - Residential,1479
2024-08-24T00:00:00.000,Noise - Street/Sidewalk,1501
2024-08-24T00:00:00.000,Rodent,96
2024-08-24T00:00:00.000,Street Condition,112
2024-08-25T00:00:00.000,Blocked Driveway,403
2024-08-25T00:00:00.000,Damaged Tree,54
2024-08-25T00:00:00.000,Dead/Dying Tree,14
2024-08-25T00:00:00.000,Dirty Condition,219
2024-08-25T00:00:00.000,HEAT/HOT WATER,85
2024-08-25T00:00:00.000,Illegal Fireworks,36
2024-08-25T00:00:00.000,Illegal Parking,1338
2024-08-25T00:00:00.000,Noise - Residential,1434
2024-08-25T00:00:00.000,Noise - Street/Sidewalk,1458
2024-08-25T00:00:00.000,Rodent,101
2024-08-25T00:00:00.000,Street Condition,119
2024-08-26T00:00:00.000,Blocked Driveway,428
2024-08-26T00:00:00.000,Damaged Tree,109
2024-08-26T00:00:00.000,Dead/Dying Tree,52
2024-08-26T00:00:00.000,Dirty Condition,272
2024-08-26T00:00:00.000,HEAT/HOT WATER,114
2024-08-26T00:00:00.000,Illegal Fireworks,7
2024-08-26T00:00:00.000,Illegal Parking,1230
2024-08-26T00:00:00.000,Noise - Residential,623
2024-08-26T00:00:00.000,Noise - Street/Sidewalk,503
2024-08-26T00:00:00.000,Rodent,175
2024-08-26T00:00:00.000,Street Condition,211
2024-08-27T00:00:00.000,Blocked Driveway,448
2024-08-27T00:00:00.000,Damaged Tree,97
2024-08-27T00:00:00.000,Dead/Dying Tree,35
2024-08-27T00:00:00.000,Dirty Condition,230
2024-08-27T00:00:00.000,HEAT/HOT WATER,94
2024-08-27T00:00:00.000,Illegal Fireworks,9
2024-08-27T00:00:00.000,Illegal Parking,1270
2024-08-27T00:00:00.000,Noise - Residential,602
2024-08-27T00:00:00.000,Noise - Street/Sidewalk,471
2024-08-27T00:00:00.000,Rodent,163
2024-08-27T00:00:00.000,Street Condition,232
2024-08-28T00:00:00.000,Blocked Driveway,384
2024-08-28T00:00:00.000,Damaged Tree,100
2024-08-28T00:00:00.000,Dead/Dying Tree,39
2024-08-28T00:00:00.000,Dirty Condition,206
2024-08-28T00:00:00.000,HEAT/HOT WATER,96
2024-08-28T00:00:00.000,Illegal Fireworks,8
2024-08-28T00:00:00.000,Illegal Parking,1271
2024-08-28T00:00:00.000,Noise - Residential,539
2024-08-28T00:00:00.000,Noise - Street/Sidewalk,409
2024-08-28T00:00:00.000,Rodent,155
2024-08-28T00:00:00.000,Street Condition,256
2024-08-29T00:00:00.000,Blocked Driveway,411
2024-08-29T00:00:00.000,Damaged Tree,106
2024-08-29T00:00:00.000,Dead/Dying Tree,42
2024-08-29T00:00:00.000,Dirty Condition,223
2024-08-29T00:00:00.000,HEAT/HOT WATER,107
2024-08-29T00:00:00.000,Illegal Fireworks,7
2024-08-29T00:00:00.000,Illegal Parking,1334
2024-08-29T00:00:00.000,Noise - Residential,612
2024-08-29T00:00:00.000,Noise - Street/Sidewalk,449
2024-08-29T00:00:00.000,Rodent,122
2024-08-29T00:00:00.000,Street Condition,192
2024-08-30T00:00:00.000,Blocked Driveway,409
2024-08-30T00:00:00.000,Damaged Tree,93
2024-08-30T00:00:00.000,Dead/Dying Tree,42
2024-08-30T00:00:00.000,Dirty Condition,204
2024-08-30T00:00:00.000,HEAT/HOT WATER,81
2024-08-30T00:00:00.000,Illegal Fireworks,18
2024-08-30T00:00:00.000,Illegal Parking,1136
2024-08-30T00:00:00.000,Noise - Residential,796
2024-08-30T00:00:00.000,Noise - Street/Sidewalk,721
2024-08-30T00:00:00.000,Rodent,127
2024-08-30T00:00:00.000,Street Condition,170
2024-08-31T00:00:00.000,Blocked Driveway,355
2024-08-31T00:00:00.000,Damaged Tree,62
2024-08-31T00:00:00.000,Dead/Dying Tree,19
2024-08-31T00:00:00.000,Dirty Condition,203
2024-08-31T00:00:00.000,HEAT/HOT WATER,59
2024-08-31T00:00:00.000,Illegal Fireworks,38
2024-08-31T00:00:00.000,Illegal Parking,1145
2024-08-31T00:00:00.000,Noise - Residential,1351
2024-08-31T00:00:00.000,Noise - Street/Sidewalk,1458
2024-08-31T00:00:00.000,Rodent,99
2024-08-31T00:00:00.000,Street Condition,97
2024-09-01T00:00:00.000,Blocked Driveway,416
2024-09-01T00:00:00.000,Damaged Tree,35
2024-09-01T00:00:00.000,Dead/Dying Tree,16
2024-09-01T00:00:00.000,Dirty Condition,204
2024-09-01T00:00:00.000,HEAT/HOT WATER,96
2024-09-01T00:00:00.000,Illegal Fireworks,41
2024-09-01T00:00:00.000,Illegal Parking,1204
2024-09-01T00:00:00.000,Noise - Residential,1734
2024-09-01T00:00:00.000,Noise - Street/Sidewalk,1434
2024-09-01T00:00:00.000,Rodent,109
2024-09-01T00:00:00.000,Street Condition,80
2024-09-02T00:00:00.000,Blocked Driveway,472
2024-09-02T00:00:00.000,Damaged Tree,73
2024-09-02T00:00:00.000,Dead/Dying Tree,18
2024-09-02T00:00:00.000,Dirty Condition,195
2024-09-02T00:00:00.000,HEAT/HOT WATER,83
2024-09-02T00:00:00.000,Illegal Fireworks,54
2024-09-02T00:00:00.000,Illegal Parking,1223
2024-09-02T00:00:00.000,Noise - Residential,1445
2024-09-02T00:00:00.000,Noise - Street/Sidewalk,1338
2024-09-02T00:00:00.000,Rodent,110
2024-09-02T00:00:00.000,Snow or Ice,1
2024-09-02T00:00:00.000,Street Condition,102
2024-09-03T00:00:00.000,Blocked Driveway,552
2024-09-03T00:00:00.000,Damaged Tree,103
2024-09-03T00:00:00.000,Dead/Dying Tree,38
2024-09-03T00:00:00.000,Dirty Condition,260
2024-09-03T00:00:00.000,HEAT/HOT WATER,102
2024-09-03T00:00:00.000,Illegal Fireworks,7
2024-09-03T00:00:00.000,Illegal Parking,1535
2024-09-03T00:00:00.000,Noise - Residential,680
2024-09-03T00:00:00.000,Noise - Street/Sidewalk,420
2024-09-03T00:00:00.000,Rodent,162
2024-09-03T00:00:00.000,Street Condition,255
2024-09-04T00:00:00.000,Blocked Driveway,525
2024-09-04T00:00:00.000,Damaged Tree,75
2024-09-04T00:00:00.000,Dead/Dying Tree,37
2024-09-04T00:00:00.000,Dirty Condition,268
2024-09-04T00:00:00.000,HEAT/HOT WATER,124
2024-09-04T00:00:00.000,Illegal Fireworks,2
2024-09-04T00:00:00.000,Illegal Parking,1419
2024-09-04T00:00:00.000,Noise - Residential,604
2024-09-04T00:00:00.000,Noise - Street/Sidewalk,474
2024-09-04T00:00:00.000,Rodent,126
2024-09-04T00:00:00.000,Street Condition,211
2024-09-05T00:00:00.000,Blocked Driveway,527
2024-09-05T00:00:00.000,Damaged Tree,94
2024-09-05T00:00:00.000,Dead/Dying Tree,37
2024-09-05T00:00:00.000,Dirty Condition,243
2024-09-05T00:00:00.000,HEAT/HOT WATER,121
2024-09-05T00:00:00.000,Illegal Fireworks,2
2024-09-05T00:00:00.000,Illegal Parking,1616
2024-09-05T00:00:00.000,Noise - Residential,575
2024-09-05T00:00:00.000,Noise - Street/Sidewalk,531
2024-09-05T00:00:00.000,Rodent,142
2024-09-05T00:00:00.000,Street Condition,235
2024-09-06T00:00:00.000,Blocked Driveway,524
2024-09-06T00:00:00.000,Damaged Tree,81
2024-09-06T00:00:00.000,Dead/Dying Tree,42
2024-09-06T00:00:00.000,Dirty Condition,278
2024-09-06T00:00:00.000,HEAT/HOT WATER,128
2024-09-06T00:00:00.000,Illegal Fireworks,6
2024-09-06T00:00:00.000,Illegal Parking,1557
2024-09-06T00:00:00.000,Noise - Residential,1141
2024-09-06T00:00:00.000,Noise - Street/Sidewalk,672
2024-09-06T00:00:00.000,Rodent,132
2024-09-06T00:00:00.000,Street Condition,182
2024-09-07T00:00:00.000,Blocked Driveway,508
2024-09-07T00:00:00.000,Damaged Tree,70
2024-09-07T00:00:00.000,Dead/Dying Tree,31
2024-09-07T00:00:00.000,Dirty Condition,189
2024-09-07T00:00:00.000,HEAT/HOT WATER,93
2024-09-07T00:00:00.000,Illegal Fireworks,24
2024-09-07T00:00:00.000,Illegal Parking,1355
2024-09-07T00:00:00.000,Noise - Residential,2181
2024-09-07T00:00:00.000,Noise - Street/Sidewalk,1016
2024-09-07T00:00:00.000,Rodent,112
2024-09-07T00:00:00.000,Street Condition,89
2024-09-08T00:00:00.000,Blocked Driveway,537
2024-09-08T00:00:00.000,Damaged Tree,67
2024-09-08T00:00:00.000,Dead/Dying Tree,24
2024-09-08T00:00:00.000,Dirty Condition,166
2024-09-08T00:00:00.000,HEAT/HOT WATER,107
2024-09-08T00:00:00.000,Illegal Fireworks,15
2024-09-08T00:00:00.000,Illegal Parking,1509
2024-09-08T00:00:00.000,Noise - Residential,2115
2024-09-08T00:00:00.000,Noise - Street/Sidewalk,1280
2024-09-08T00:00:00.000,Rodent,109
2024-09-08T00:00:00.000,Street Condition,98
2024-09-09T00:00:00.000,Blocked Driveway,534
2024-09-09T00:00:00.000,Damaged Tree,115
2024-09-09T00:00:00.000,Dead/Dying Tree,63
2024-09-09T00:00:00.000,Dirty Condition,260
2024-09-09T00:00:00.000,HEAT/HOT WATER,131
2024-09-09T00:00:00.000,Illegal Fireworks,2
2024-09-09T00:00:00.000,Illegal Parking,1648
2024-09-09T00:00:00.000,Noise - Residential,684
2024-09-09T00:00:00.000,Noise - Street/Sidewalk,444
2024-09-09T00:00:00.000,Rodent,155
2024-09-09T00:00:00.000,Street Condition,240
2024-09-10T00:00:00.000,Blocked Driveway,511
2024-09-10T00:00:00.000,Damaged Tree,95
2024-09-10T00:00:00.000,Dead/Dying Tree,38
2024-09-10T00:00:00.000,Dirty Condition,249
2024-09-10T00:00:00.000,HEAT/HOT WATER,110
2024-09-10T00:00:00.000,Illegal Fireworks,3
2024-09-10T00:00:00.000,Illegal Parking,1672
2024-09-10T00:00:00.000,Noise - Residential,596
2024-09-10T00:00:00.000,Noise - Street/Sidewalk,459
2024-09-10T00:00:00.000,Rodent,132
2024-09-10T00:00:00.000,Street Condition,232
2024-09-11T00:00:00.000,Blocked Driveway,472
2024-09-11T00:00:00.000,Damaged Tree,87
2024-09-11T00:00:00.000,Dead/Dying Tree,36
2024-09-11T00:00:00.000,Dirty Condition,238
2024-09-11T00:00:00.000,HEAT/HOT WATER,130
2024-09-11T00:00:00.000,Illegal Fireworks,2
2024-09-11T00:00:00.000,Illegal Parking,1528
2024-09-11T00:00:00.000,Noise - Residential,678
2024-09-11T00:00:00.000,Noise - Street/Sidewalk,503
2024-09-11T00:00:00.000,Rodent,109
2024-09-11T00:00:00.000,Street Condition,228
2024-09-12T00:00:00.000,Blocked Driveway,507
2024-09-12T00:00:00.000,Damaged Tree,87
2024-09-12T00:00:00.000,Dead/Dying Tree,43
2024-09-12T00:00:00.000,Dirty Condition,259
2024-09-12T00:00:00.000,HEAT/HOT WATER,100
2024-09-12T00:00:00.000,Illegal Fireworks,1
2024-09-12T00:00:00.000,Illegal Parking,1582
2024-09-12T00:00:00.000,Noise - Residential,1216
2024-09-12T00:00:00.000,Noise - Street/Sidewalk,483
2024-09-12T00:00:00.000,Rodent,146
2024-09-12T00:00:00.000,Street Condition,233
2024-09-13T00:00:00.000,Blocked Driveway,503
2024-09-13T00:00:00.000,Damaged Tree,82
2024-09-13T00:00:00.000,Dead/Dying Tree,30
2024-09-13T00:00:00.000,Dirty Condition,218
2024-09-13T00:00:00.000,HEAT/HOT WATER,93
2024-09-13T00:00:00.000,Illegal Fireworks,10
2024-09-13T00:00:00.000,Illegal Parking,1587
2024-09-13T00:00:00.000,Noise - Residential,1494
2024-09-13T00:00:00.000,Noise - Street/Sidewalk,756
2024-09-13T00:00:00.000,Rodent,138
2024-09-13T00:00:00.000,Street Condition,199
2024-09-14T00:00:00.000,Blocked Driveway,506
2024-09-14T00:00:00.000,Damaged Tree,37
2024-09-14T00:00:00.000,Dead/Dying Tree,20
2024-09-14T00:00:00.000,Dirty Condition,206
2024-09-14T00:00:00.000,HEAT/HOT WATER,68
2024-09-14T00:00:00.000,Illegal Fireworks,15
2024-09-14T00:00:00.000,Illegal Parking,1409
2024-09-14T00:00:00.000,Noise - Residential,2741
2024-09-14T00:00:00.000,Noise - Street/Sidewalk,1456
2024-09-14T00:00:00.000,Rodent,85
2024-09-14T00:00:00.000,Street Condition,105
2024-09-15T00:00:00.000,Blocked Driveway,527
2024-09-15T00:00:00.000,Damaged Tree,40
2024-09-15T00:00:00.000,Dead/Dying Tree,22
2024-09-15T00:00:00.000,Dirty Condition,215
2024-09-15T00:00:00.000,HEAT/HOT WATER,84
2024-09-15T00:00:00.000,Illegal Fireworks,27
2024-09-15T00:00:00.000,Illegal Parking,1564
2024-09-15T00:00:00.000,Noise - Residential,6559
2024-09-15T00:00:00.000,Noise - Street/Sidewalk,1331
2024-09-15T00:00:00.000,Rodent,104
2024-09-15T00:00:00.000,Street Condition,101
2024-09-16T00:00:00.000,Blocked Driveway,499
2024-09-16T00:00:00.000,Damaged Tree,99
2024-09-16T00:00:00.000,Dead/Dying Tree,54
2024-09-16T00:00:00.000,Dirty Condition,300
2024-09-16T00:00:00.000,HEAT/HOT WATER,126
2024-09-16T00:00:00.000,Illegal Fireworks,5
2024-09-16T00:00:00.000,Illegal Parking,1738
2024-09-16T00:00:00.000,Noise - Residential,2927
2024-09-16T00:00:00.000,Noise - Street/Sidewalk,460
2024-09-16T00:00:00.000,Rodent,160
2024-09-16T00:00:00.000,Street Condition,232
2024-09-17T00:00:00.000,Blocked Driveway,541
2024-09-17T00:00:00.000,Damaged Tree,83
2024-09-17T00:00:00.000,Dead/Dying Tree,53
2024-09-17T00:00:00.000,Dirty Condition,288
2024-09-17T00:00:00.000,HEAT/HOT WATER,121
2024-09-17T00:00:00.000,Illegal Fireworks,7
2024-09-17T00:00:00.000,Illegal Parking,1697
2024-09-17T00:00:00.000,Noise - Residential,656
2024-09-17T00:00:00.000,Noise - Street/Sidewalk,430
2024-09-17T00:00:00.000,Rodent,137
2024-09-17T00:00:00.000,Street Condition,177
2024-09-18T00:00:00.000,Blocked Driveway,457
2024-09-18T00:00:00.000,Damaged Tree,73
2024-09-18T00:00:00.000,Dead/Dying Tree,37
2024-09-18T00:00:00.000,Dirty Condition,271
2024-09-18T00:00:00.000,HEAT/HOT WATER,107
2024-09-18T00:00:00.000,Illegal Fireworks,2
2024-09-18T00:00:00.000,Illegal Parking,1643
2024-09-18T00:00:00.000,Noise - Residential,655
2024-09-18T00:00:00.000,Noise - Street/Sidewalk,443
2024-09-18T00:00:00.000,Rodent,176
2024-09-18T00:00:00.000,Street Condition,208
2024-09-19T00:00:00.000,Blocked Driveway,556
2024-09-19T00:00:00.000,Damaged Tree,94
2024-09-19T00:00:00.000,Dead/Dying Tree,39
2024-09-19T00:00:00.000,Dirty Condition,258
2024-09-19T00:00:00.000,HEAT/HOT WATER,122
2024-09-19T00:00:00.000,Illegal Fireworks,10
2024-09-19T00:00:00.000,Illegal Parking,1709
2024-09-19T00:00:00.000,Noise - Residential,630
2024-09-19T00:00:00.000,Noise - Street/Sidewalk,481
2024-09-19T00:00:00.000,Rodent,160
2024-09-19T00:00:00.000,Street Condition,208
2024-09-20T00:00:00.000,Blocked Driveway,549
2024-09-20T00:00:00.000,Damaged Tree,82
2024-09-20T00:00:00.000,Dead/Dying Tree,33
2024-09-20T00:00:00.000,Dirty Condition,231
2024-09-20T00:00:00.000,HEAT/HOT WATER,79
2024-09-20T00:00:00.000,Illegal Fireworks,3
2024-09-20T00:00:00.000,Illegal Parking,1604
2024-09-20T00:00:00.000,Noise - Residential,854
2024-09-20T00:00:00.000,Noise - Street/Sidewalk,741
2024-09-20T00:00:00.000,Rodent,123
2024-09-20T00:00:00.000,Street Condition,191
2024-09-21T00:00:00.000,Blocked Driveway,452
2024-09-21T00:00:00.000,Damaged Tree,44
2024-09-21T00:00:00.000,Dead/Dying Tree,24
2024-09-21T00:00:00.000,Dirty Condition,185
2024-09-21T00:00:00.000,HEAT/HOT WATER,106
2024-09-21T00:00:00.000,Illegal Fireworks,23
2024-09-21T00:00:00.000,Illegal Parking,1416
2024-09-21T00:00:00.000,Noise - Residential,1614
2024-09-21T00:00:00.000,Noise - Street/Sidewalk,1195
2024-09-21T00:00:00.000,Rodent,77
2024-09-21T00:00:00.000,Street Condition,85
2024-09-22T00:00:00.000,Blocked Driveway,513
2024-09-22T00:00:00.000,Damaged Tree,37
2024-09-22T00:00:00.000,Dead/Dying Tree,23
2024-09-22T00:00:00.000,Dirty Condition,201
2024-09-22T00:00:00.000,HEAT/HOT WATER,102
2024-09-22T00:00:00.000,Illegal Fireworks,16
2024-09-22T00:00:00.000,Illegal Parking,1526
2024-09-22T00:00:00.000,Noise - Residential,3167
2024-09-22T00:00:00.000,Noise - Street/Sidewalk,1280
2024-09-22T00:00:00.000,Rodent,106
2024-09-22T00:00:00.000,Street Condition,120
2024-09-23T00:00:00.000,Blocked Driveway,528
2024-09-23T00:00:00.000,Damaged Tree,71
2024-09-23T00:00:00.000,Dead/Dying Tree,46
2024-09-23T00:00:00.000,Dirty Condition,254
2024-09-23T00:00:00.000,HEAT/HOT WATER,160
2024-09-23T00:00:00.000,Illegal Fireworks,8
2024-09-23T00:00:00.000,Illegal Parking,1594
2024-09-23T00:00:00.000,Noise - Residential,4177
2024-09-23T00:00:00.000,Noise - Street/Sidewalk,374
2024-09-23T00:00:00.000,Rodent,147
2024-09-23T00:00:00.000,Street Condition,223
2024-09-24T00:00:00.000,Blocked Driveway,542
2024-09-24T00:00:00.000,Damaged Tree,71
2024-09-24T00:00:00.000,Dead/Dying Tree,39
2024-09-24T00:00:00.000,Dirty Condition,285
2024-09-24T00:00:00.000,HEAT/HOT WATER,128
2024-09-24T00:00:00.000,Illegal Fireworks,4
2024-09-24T00:00:00.000,Illegal Parking,1638
2024-09-24T00:00:00.000,Noise - Residential,642
2024-09-24T00:00:00.000,Noise - Street/Sidewalk,322
2024-09-24T00:00:00.000,Rodent,147
2024-09-24T00:00:00.000,Street Condition,190
2024-09-25T00:00:00.000,Blocked Driveway,486
2024-09-25T00:00:00.000,Damaged Tree,73
2024-09-25T00:00:00.000,Dead/Dying Tree,37
2024-09-25T00:00:00.000,Dirty Condition,222
2024-09-25T00:00:00.000,HEAT/HOT WATER,132
2024-09-25T00:00:00.000,Illegal Fireworks,3
2024-09-25T00:00:00.000,Illegal Parking,1590
2024-09-25T00:00:00.000,Noise - Residential,676
2024-09-25T00:00:00.000,Noise - Street/Sidewalk,327
2024-09-25T00:00:00.000,Rodent,149
2024-09-25T00:00:00.000,Street Condition,186
2024-09-26T00:00:00.000,Blocked Driveway,546
2024-09-26T00:00:00.000,Damaged Tree,54
2024-09-26T00:00:00.000,Dead/Dying Tree,32
2024-09-26T00:00:00.000,Dirty Condition,216
2024-09-26T00:00:00.000,HEAT/HOT WATER,127
2024-09-26T00:00:00.000,Illegal Fireworks,2
2024-09-26T00:00:00.000,Illegal Parking,1587
2024-09-26T00:00:00.000,Noise - Residential,765
2024-09-26T00:00:00.000,Noise - Street/Sidewalk,463
2024-09-26T00:00:00.000,Rodent,144
2024-09-26T00:00:00.000,Street Condition,178
2024-09-27T00:00:00.000,Blocked Driveway,494
2024-09-27T00:00:00.000,Damaged Tree,73
2024-09-27T00:00:00.000,Dead/Dying Tree,35
2024-09-27T00:00:00.000,Dirty Condition,199
2024-09-27T00:00:00.000,HEAT/HOT WATER,108
2024-09-27T00:00:00.000,Illegal Fireworks,3
2024-09-27T00:00:00.000,Illegal Parking,1600
2024-09-27T00:00:00.000,Noise - Residential,862
2024-09-27T00:00:00.000,Noise - Street/Sidewalk,781
2024-09-27T00:00:00.000,Rodent,127
2024-09-27T00:00:00.000,Street Condition,162
2024-09-28T00:00:00.000,Blocked Driveway,534
2024-09-28T00:00:00.000,Damaged Tree,62
2024-09-28T00:00:00.000,Dead/Dying Tree,14
2024-09-28T00:00:00.000,Dirty Condition,106
2024-09-28T00:00:00.000,HEAT/HOT WATER,99
2024-09-28T00:00:00.000,Illegal Fireworks,6
2024-09-28T00:00:00.000,Illegal Parking,1132
2024-09-28T00:00:00.000,Noise - Residential,1331
2024-09-28T00:00:00.000,Noise - Street/Sidewalk,679
2024-09-28T00:00:00.000,Rodent,65
2024-09-28T00:00:00.000,Street Condition,67
2024-09-29T00:00:00.000,Blocked Driveway,546
2024-09-29T00:00:00.000,Damaged Tree,89
2024-09-29T00:00:00.000,Dead/Dying Tree,25
2024-09-29T00:00:00.000,Dirty Condition,116
2024-09-29T00:00:00.000,HEAT/HOT WATER,133
2024-09-29T00:00:00.000,Illegal Fireworks,8
2024-09-29T00:00:00.000,Illegal Parking,1307
2024-09-29T00:00:00.000,Noise - Residential,1363
2024-09-29T00:00:00.000,Noise - Street/Sidewalk,610
2024-09-29T00:00:00.000,Rodent,84
2024-09-29T00:00:00.000,Street Condition,75
2024-09-30T00:00:00.000,Blocked Driveway,469
2024-09-30T00:00:00.000,Damaged Tree,103
2024-09-30T00:00:00.000,Dead/Dying Tree,61
2024-09-30T00:00:00.000,Dirty Condition,298
2024-09-30T00:00:00.000,HEAT/HOT WATER,130
2024-09-30T00:00:00.000,Illegal Fireworks,2
2024-09-30T00:00:00.000,Illegal Parking,1620
2024-09-30T00:00:00.000,Noise - Residential,798
2024-09-30T00:00:00.000,Noise - Street/Sidewalk,481
2024-09-30T00:00:00.000,Rodent,161
2024-09-30T00:00:00.000,Street Condition,209
2024-10-01T00:00:00.000,Blocked Driveway,465
2024-10-01T00:00:00.000,Damaged Tree,58
2024-10-01T00:00:00.000,Dead/Dying Tree,36
2024-10-01T00:00:00.000,Dirty Condition,226
2024-10-01T00:00:00.000,HEAT/HOT WATER,179
2024-10-01T00:00:00.000,Illegal Fireworks,2
2024-10-01T00:00:00.000,Illegal Parking,1602
2024-10-01T00:00:00.000,Noise - Residential,737
2024-10-01T00:00:00.000,Noise - Street/Sidewalk,380
2024-10-01T00:00:00.000,Rodent,129
2024-10-01T00:00:00.000,Street Condition,167
2024-10-02T00:00:00.000,Blocked Driveway,475
2024-10-02T00:00:00.000,Damaged Tree,64
2024-10-02T00:00:00.000,Dead/Dying Tree,35
2024-10-02T00:00:00.000,Dirty Condition,225
2024-10-02T00:00:00.000,HEAT/HOT WATER,181
2024-10-02T00:00:00.000,Illegal Parking,1489
2024-10-02T00:00:00.000,Noise - Residential,736
2024-10-02T00:00:00.000,Noise - Street/Sidewalk,415
2024-10-02T00:00:00.000,Rodent,167
2024-10-02T00:00:00.000,Street Condition,219
2024-10-03T00:00:00.000,Blocked Driveway,419
2024-10-03T00:00:00.000,Damaged Tree,48
2024-10-03T00:00:00.000,Dead/Dying Tree,33
2024-10-03T00:00:00.000,Dirty Condition,228
2024-10-03T00:00:00.000,HEAT/HOT WATER,149
2024-10-03T00:00:00.000,Illegal Fireworks,1
2024-10-03T00:00:00.000,Illegal Parking,1330
2024-10-03T00:00:00.000,Noise - Residential,899
2024-10-03T00:00:00.000,Noise - Street/Sidewalk,525
2024-10-03T00:00:00.000,Rodent,130
2024-10-03T00:00:00.000,Street Condition,178
2024-10-04T00:00:00.000,Blocked Driveway,376
2024-10-04T00:00:00.000,Damaged Tree,56
2024-10-04T00:00:00.000,Dead/Dying Tree,31
2024-10-04T00:00:00.000,Dirty Condition,210
2024-10-04T00:00:00.000,HEAT/HOT WATER,162
2024-10-04T00:00:00.000,Illegal Fireworks,9
2024-10-04T00:00:00.000,Illegal Parking,1326
2024-10-04T00:00:00.000,Noise - Residential,1578
2024-10-04T00:00:00.000,Noise - Street/Sidewalk,858
2024-10-04T00:00:00.000,Rodent,109
2024-10-04T00:00:00.000,Street Condition,136
2024-10-05T00:00:00.000,Blocked Driveway,415
2024-10-05T00:00:00.000,Damaged Tree,40
2024-10-05T00:00:00.000,Dead/Dying Tree,24
2024-10-05T00:00:00.000,Dirty Condition,153
2024-10-05T00:00:00.000,HEAT/HOT WATER,114
2024-10-05T00:00:00.000,Illegal Fireworks,10
2024-10-05T00:00:00.000,Illegal Parking,1218
2024-10-05T00:00:00.000,Noise - Residential,2930
2024-10-05T00:00:00.000,Noise - Street/Sidewalk,1276
2024-10-05T00:00:00.000,Rodent,81
2024-10-05T00:00:00.000,Street Condition,81
2024-10-06T00:00:00.000,Blocked Driveway,504
2024-10-06T00:00:00.000,Damaged Tree,36
2024-10-06T00:00:00.000,Dead/Dying Tree,21
2024-10-06T00:00:00.000,Dirty Condition,173
2024-10-06T00:00:00.000,HEAT/HOT WATER,142
2024-10-06T00:00:00.000,Illegal Fireworks,8
2024-10-06T00:00:00.000,Illegal Parking,1264
2024-10-06T00:00:00.000,Noise - Residential,1443
2024-10-06T00:00:00.000,Noise - Street/Sidewalk,1164
2024-10-06T00:00:00.000,Rodent,96
2024-10-06T00:00:00.000,Street Condition,102
2024-10-07T00:00:00.000,Blocked Driveway,535
2024-10-07T00:00:00.000,Damaged Tree,67
2024-10-07T00:00:00.000,Dead/Dying Tree,32
2024-10-07T00:00:00.000,Dirty Condition,234
2024-10-07T00:00:00.000,HEAT/HOT WATER,185
2024-10-07T00:00:00.000,Illegal Fireworks,2
2024-10-07T00:00:00.000,Illegal Parking,1508
2024-10-07T00:00:00.000,Noise - Residential,687
2024-10-07T00:00:00.000,Noise - Street/Sidewalk,413
2024-10-07T00:00:00.000,Rodent,133
2024-10-07T00:00:00.000,Street Condition,186
2024-10-08T00:00:00.000,Blocked Driveway,483
2024-10-08T00:00:00.000,Damaged Tree,57
2024-10-08T00:00:00.000,Dead/Dying Tree,39
2024-10-08T00:00:00.000,Dirty Condition,204
2024-10-08T00:00:00.000,HEAT/HOT WATER,277
2024-10-08T00:00:00.000,Illegal Parking,1532
2024-10-08T00:00:00.000,Noise - Residential,628
2024-10-08T00:00:00.000,Noise - Street/Sidewalk,356
2024-10-08T00:00:00.000,Rodent,115
2024-10-08T00:00:00.000,Street Condition,165
2024-10-09T00:00:00.000,Blocked Driveway,471
2024-10-09T00:00:00.000,Damaged Tree,46
2024-10-09T00:00:00.000,Dead/Dying Tree,20
2024-10-09T00:00:00.000,Dirty Condition,180
2024-10-09T00:00:00.000,HEAT/HOT WATER,318
2024-10-09T00:00:00.000,Illegal Fireworks,6
2024-10-09T00:00:00.000,Illegal Parking,1435
2024-10-09T00:00:00.000,Noise - Residential,691
2024-10-09T00:00:00.000,Noise - Street/Sidewalk,373
2024-10-09T00:00:00.000,Rodent,113
2024-10-09T00:00:00.000,Street Condition,163
2024-10-10T00:00:00.000,Blocked Driveway,466
2024-10-10T00:00:00.000,Damaged Tree,80
2024-10-10T00:00:00.000,Dead/Dying Tree,25
2024-10-10T00:00:00.000,Dirty Condition,133
2024-10-10T00:00:00.000,HEAT/HOT WATER,853
2024-10-10T00:00:00.000,Illegal Fireworks,10
2024-10-10T00:00:00.000,Illegal Parking,1363
2024-10-10T00:00:00.000,Noise - Residential,715
2024-10-10T00:00:00.000,Noise - Street/Sidewalk,252
2024-10-10T00:00:00.000,Rodent,107
2024-10-10T00:00:00.000,Street Condition,139
2024-10-11T00:00:00.000,Blocked Driveway,475
2024-10-11T00:00:00.000,Damaged Tree,62
2024-10-11T00:00:00.000,Dead/Dying Tree,22
2024-10-11T00:00:00.000,Dirty Condition,163
2024-10-11T00:00:00.000,HEAT/HOT WATER,856
2024-10-11T00:00:00.000,Illegal Fireworks,4
2024-10-11T00:00:00.000,Illegal Parking,1427
2024-10-11T00:00:00.000,Noise - Residential,892
2024-10-11T00:00:00.000,Noise - Street/Sidewalk,575
2024-10-11T00:00:00.000,Rodent,113
2024-10-11T00:00:00.000,Street Condition,122
2024-10-12T00:00:00.000,Blocked Driveway,443
2024-10-12T00:00:00.000,Damaged Tree,37
2024-10-12T00:00:00.000,Dead/Dying Tree,25
2024-10-12T00:00:00.000,Dirty Condition,103
2024-10-12T00:00:00.000,HEAT/HOT WATER,288
2024-10-12T00:00:00.000,Illegal Fireworks,12
2024-10-12T00:00:00.000,Illegal Parking,1204
2024-10-12T00:00:00.000,Noise - Residential,1411
2024-10-12T00:00:00.000,Noise - Street/Sidewalk,979
2024-10-12T00:00:00.000,Rodent,63
2024-10-12T00:00:00.000,Street Condition,83
2024-10-13T00:00:00.000,Blocked Driveway,491
2024-10-13T00:00:00.000,Damaged Tree,37
2024-10-13T00:00:00.000,Dead/Dying Tree,18
2024-10-13T00:00:00.000,Dirty Condition,120
2024-10-13T00:00:00.000,HEAT/HOT WATER,273
2024-10-13T00:00:00.000,Illegal Fireworks,14
2024-10-13T00:00:00.000,Illegal Parking,1381
2024-10-13T00:00:00.000,Noise - Residential,1669
2024-10-13T00:00:00.000,Noise - Street/Sidewalk,1279
2024-10-13T00:00:00.000,Rodent,109
2024-10-13T00:00:00.000,Street Condition,81
2024-10-14T00:00:00.000,Blocked Driveway,468
2024-10-14T00:00:00.000,Damaged Tree,197
2024-10-14T00:00:00.000,Dead/Dying Tree,36
2024-10-14T00:00:00.000,Dirty Condition,182
2024-10-14T00:00:00.000,HEAT/HOT WATER,849
2024-10-14T00:00:00.000,Illegal Fireworks,6
2024-10-14T00:00:00.000,Illegal Parking,1194
2024-10-14T00:00:00.000,Noise - Residential,812
2024-10-14T00:00:00.000,Noise - Street/Sidewalk,402
2024-10-14T00:00:00.000,Rodent,119
2024-10-14T00:00:00.000,Street Condition,113
2024-10-15T00:00:00.000,Blocked Driveway,523
2024-10-15T00:00:00.000,Damaged Tree,157
2024-10-15T00:00:00.000,Dead/Dying Tree,40
2024-10-15T00:00:00.000,Dirty Condition,196
2024-10-15T00:00:00.000,HEAT/HOT WATER,2128
2024-10-15T00:00:00.000,Illegal Fireworks,7
2024-10-15T00:00:00.000,Illegal Parking,1465
2024-10-15T00:00:00.000,Noise - Residential,1628
2024-10-15T00:00:00.000,Noise - Street/Sidewalk,257
2024-10-15T00:00:00.000,Rodent,90
2024-10-15T00:00:00.000,Street Condition,152
2024-10-16T00:00:00.000,Blocked Driveway,465
2024-10-16T00:00:00.000,Damaged Tree,98
2024-10-16T00:00:00.000,Dead/Dying Tree,33
2024-10-16T00:00:00.000,Dirty Condition,169
2024-10-16T00:00:00.000,HEAT/HOT WATER,2333
2024-10-16T00:00:00.000,Illegal Fireworks,1
2024-10-16T00:00:00.000,Illegal Parking,1259
2024-10-16T00:00:00.000,Noise - Residential,1002
2024-10-16T00:00:00.000,Noise - Street/Sidewalk,242
2024-10-16T00:00:00.000,Rodent,115
2024-10-16T00:00:00.000,Street Condition,188
2024-10-17T00:00:00.000,Blocked Driveway,432
2024-10-17T00:00:00.000,Damaged Tree,46
2024-10-17T00:00:00.000,Dead/Dying Tree,23
2024-10-17T00:00:00.000,Dirty Condition,155
2024-10-17T00:00:00.000,HEAT/HOT WATER,2024
2024-10-17T00:00:00.000,Illegal Fireworks,7
2024-10-17T00:00:00.000,Illegal Parking,1294
2024-10-17T00:00:00.000,Noise - Residential,713
2024-10-17T00:00:00.000,Noise - Street/Sidewalk,315
2024-10-17T00:00:00.000,Rodent,90
2024-10-17T00:00:00.000,Street Condition,135
2024-10-18T00:00:00.000,Blocked Driveway,456
2024-10-18T00:00:00.000,Damaged Tree,59
2024-10-18T00:00:00.000,Dead/Dying Tree,20
2024-10-18T00:00:00.000,Dirty Condition,145
2024-10-18T00:00:00.000,HEAT/HOT WATER,1176
2024-10-18T00:00:00.000,Illegal Fireworks,4
2024-10-18T00:00:00.000,Illegal Parking,1323
2024-10-18T00:00:00.000,Noise - Residential,929
2024-10-18T00:00:00.000,Noise - Street/Sidewalk,504
2024-10-18T00:00:00.000,Rodent,89
2024-10-18T00:00:00.000,Street Condition,117
2024-10-19T00:00:00.000,Blocked Driveway,415
2024-10-19T00:00:00.000,Damaged Tree,53
2024-10-19T00:00:00.000,Dead/Dying Tree,13
2024-10-19T00:00:00.000,Dirty Condition,167
2024-10-19T00:00:00.000,HEAT/HOT WATER,597
2024-10-19T00:00:00.000,Illegal Fireworks,12
2024-10-19T00:00:00.000,Illegal Parking,1215
2024-10-19T00:00:00.000,Noise - Residential,1655
2024-10-19T00:00:00.000,Noise - Street/Sidewalk,956
2024-10-19T00:00:00.000,Rodent,75
2024-10-19T00:00:00.000,Street Condition,80
2024-10-20T00:00:00.000,Blocked Driveway,473
2024-10-20T00:00:00.000,Damaged Tree,36
2024-10-20T00:00:00.000,Dead/Dying Tree,27
2024-10-20T00:00:00.000,Dirty Condition,152
2024-10-20T00:00:00.000,HEAT/HOT WATER,359
2024-10-20T00:00:00.000,Illegal Fireworks,2
2024-10-20T00:00:00.000,Illegal Parking,1375
2024-10-20T00:00:00.000,Noise - Residential,1537
2024-10-20T00:00:00.000,Noise - Street/Sidewalk,1162
2024-10-20T00:00:00.000,Rodent,78
2024-10-20T00:00:00.000,Street Condition,100
2024-10-21T00:00:00.000,Blocked Driveway,476
2024-10-21T00:00:00.000,Damaged Tree,68
2024-10-21T00:00:00.000,Dead/Dying Tree,34
2024-10-21T00:00:00.000,Dirty Condition,263
2024-10-21T00:00:00.000,HEAT/HOT WATER,337
2024-10-21T00:00:00.000,Illegal Fireworks,1
2024-10-21T00:00:00.000,Illegal Parking,1538
2024-10-21T00:00:00.000,Noise - Residential,797
2024-10-21T00:00:00.000,Noise - Street/Sidewalk,529
2024-10-21T00:00:00.000,Rodent,118
2024-10-21T00:00:00.000,Street Condition,176
2024-10-22T00:00:00.000,Blocked Driveway,516
2024-10-22T00:00:00.000,Damaged Tree,57
2024-10-22T00:00:00.000,Dead/Dying Tree,33
2024-10-22T00:00:00.000,Dirty Condition,244
2024-10-22T00:00:00.000,HEAT/HOT WATER,226
2024-10-22T00:00:00.000,Illegal Parking,1495
2024-10-22T00:00:00.000,Noise - Residential,722
2024-10-22T00:00:00.000,Noise - Street/Sidewalk,511
2024-10-22T00:00:00.000,Rodent,132
2024-10-22T00:00:00.000,Street Condition,189
2024-10-23T00:00:00.000,Blocked Driveway,496
2024-10-23T00:00:00.000,Damaged Tree,68
2024-10-23T00:00:00.000,Dead/Dying Tree,35
2024-10-23T00:00:00.000,Dirty Condition,234
2024-10-23T00:00:00.000,HEAT/HOT WATER,205
2024-10-23T00:00:00.000,Illegal Fireworks,11
2024-10-23T00:00:00.000,Illegal Parking,1433
2024-10-23T00:00:00.000,Noise - Residential,702
2024-10-23T00:00:00.000,Noise - Street/Sidewalk,446
2024-10-23T00:00:00.000,Rodent,99
2024-10-23T00:00:00.000,Street Condition,150
2024-10-24T00:00:00.000,Blocked Driveway,433
2024-10-24T00:00:00.000,Damaged Tree,61
2024-10-24T00:00:00.000,Dead/Dying Tree,24
2024-10-24T00:00:00.000,Dirty Condition,184
2024-10-24T00:00:00.000,HEAT/HOT WATER,232
2024-10-24T00:00:00.000,Illegal Fireworks,4
2024-10-24T00:00:00.000,Illegal Parking,1402
2024-10-24T00:00:00.000,Noise - Residential,695
2024-10-24T00:00:00.000,Noise - Street/Sidewalk,414
2024-10-24T00:00:00.000,Rodent,121
2024-10-24T00:00:00.000,Street Condition,126
2024-10-25T00:00:00.000,Blocked Driveway,487
2024-10-25T00:00:00.000,Damaged Tree,30
2024-10-25T00:00:00.000,Dead/Dying Tree,22
2024-10-25T00:00:00.000,Dirty Condition,145
2024-10-25T00:00:00.000,HEAT/HOT WATER,627
2024-10-25T00:00:00.000,Illegal Fireworks,3
2024-10-25T00:00:00.000,Illegal Parking,1262
2024-10-25T00:00:00.000,Noise - Residential,957
2024-10-25T00:00:00.000,Noise - Street/Sidewalk,510
2024-10-25T00:00:00.000,Rodent,76
2024-10-25T00:00:00.000,Street Condition,101
2024-10-26T00:00:00.000,Blocked Driveway,560
2024-10-26T00:00:00.000,Damaged Tree,26
2024-10-26T00:00:00.000,Dead/Dying Tree,22
2024-10-26T00:00:00.000,Dirty Condition,101
2024-10-26T00:00:00.000,HEAT/HOT WATER,627
2024-10-26T00:00:00.000,Illegal Fireworks,6
2024-10-26T00:00:00.000,Illegal Parking,1389
2024-10-26T00:00:00.000,Noise - Residential,2366
2024-10-26T00:00:00.000,Noise - Street/Sidewalk,732
2024-10-26T00:00:00.000,Rodent,59
2024-10-26T00:00:00.000,Street Condition,79
2024-10-27T00:00:00.000,Blocked Driveway,482
2024-10-27T00:00:00.000,Damaged Tree,20
2024-10-27T00:00:00.000,Dead/Dying Tree,10
2024-10-27T00:00:00.000,Dirty Condition,127
2024-10-27T00:00:00.000,HEAT/HOT WATER,1265
2024-10-27T00:00:00.000,Illegal Fireworks,1
2024-10-27T00:00:00.000,Illegal Parking,1351
2024-10-27T00:00:00.000,Noise - Residential,2233
2024-10-27T00:00:00.000,Noise - Street/Sidewalk,585
2024-10-27T00:00:00.000,Rodent,89
2024-10-27T00:00:00.000,Street Condition,90
2024-10-28T00:00:00.000,Blocked Driveway,539
2024-10-28T00:00:00.000,Damaged Tree,61
2024-10-28T00:00:00.000,Dead/Dying Tree,25
2024-10-28T00:00:00.000,Dirty Condition,172
2024-10-28T00:00:00.000,HEAT/HOT WATER,1416
2024-10-28T00:00:00.000,Illegal Fireworks,1
2024-10-28T00:00:00.000,Illegal Parking,1491
2024-10-28T00:00:00.000,Noise - Residential,2328
2024-10-28T00:00:00.000,Noise - Street/Sidewalk,290
2024-10-28T00:00:00.000,Rodent,120
2024-10-28T00:00:00.000,Street Condition,157
2024-10-29T00:00:00.000,Blocked Driveway,457
2024-10-29T00:00:00.000,Damaged Tree,61
2024-10-29T00:00:00.000,Dead/Dying Tree,23
2024-10-29T00:00:00.000,Dirty Condition,181
2024-10-29T00:00:00.000,HEAT/HOT WATER,783
2024-10-29T00:00:00.000,Illegal Parking,1424
2024-10-29T00:00:00.000,Noise - Residential,2911
2024-10-29T00:00:00.000,Noise - Street/Sidewalk,304
2024-10-29T00:00:00.000,Rodent,91
2024-10-29T00:00:00.000,Street Condition,182
2024-10-30T00:00:00.000,Blocked Driveway,430
2024-10-30T00:00:00.000,Damaged Tree,37
2024-10-30T00:00:00.000,Dead/Dying Tree,13
2024-10-30T00:00:00.000,Dirty Condition,185
2024-10-30T00:00:00.000,HEAT/HOT WATER,297
2024-10-30T00:00:00.000,Illegal Fireworks,6
2024-10-30T00:00:00.000,Illegal Parking,1485
2024-10-30T00:00:00.000,Noise - Residential,699
2024-10-30T00:00:00.000,Noise - Street/Sidewalk,444
2024-10-30T00:00:00.000,Rodent,96
2024-10-30T00:00:00.000,Street Condition,164
2024-10-31T00:00:00.000,Blocked Driveway,509
2024-10-31T00:00:00.000,Damaged Tree,46
2024-10-31T00:00:00.000,Dead/Dying Tree,41
2024-10-31T00:00:00.000,Dirty Condition,170
2024-10-31T00:00:00.000,HEAT/HOT WATER,192
2024-10-31T00:00:00.000,Illegal Fireworks,62
2024-10-31T00:00:00.000,Illegal Parking,1485
2024-10-31T00:00:00.000,Noise - Residential,926
2024-10-31T00:00:00.000,Noise - Street/Sidewalk,833
2024-10-31T00:00:00.000,Rodent,91
2024-10-31T00:00:00.000,Street Condition,139
2024-11-01T00:00:00.000,Blocked Driveway,500
2024-11-01T00:00:00.000,Damaged Tree,61
2024-11-01T00:00:00.000,Dead/Dying Tree,17
2024-11-01T00:00:00.000,Dirty Condition,152
2024-11-01T00:00:00.000,HEAT/HOT WATER,144
2024-11-01T00:00:00.000,Illegal Fireworks,121
2024-11-01T00:00:00.000,Illegal Parking,1386
2024-11-01T00:00:00.000,Noise - Residential,1190
2024-11-01T00:00:00.000,Noise - Street/Sidewalk,713
2024-11-01T00:00:00.000,Rodent,97
2024-11-01T00:00:00.000,Street Condition,89
2024-11-02T00:00:00.000,Blocked Driveway,514
2024-11-02T00:00:00.000,Damaged Tree,30
2024-11-02T00:00:00.000,Dead/Dying Tree,10
2024-11-02T00:00:00.000,Dirty Condition,131
2024-11-02T00:00:00.000,HEAT/HOT WATER,549
2024-11-02T00:00:00.000,Illegal Fireworks,46
2024-11-02T00:00:00.000,Illegal Parking,1285
2024-11-02T00:00:00.000,Noise - Residential,2702
2024-11-02T00:00:00.000,Noise - Street/Sidewalk,602
2024-11-02T00:00:00.000,Rodent,57
2024-11-02T00:00:00.000,Street Condition,55
2024-11-03T00:00:00.000,Blocked Driveway,549
2024-11-03T00:00:00.000,Damaged Tree,11
2024-11-03T00:00:00.000,Dead/Dying Tree,7
2024-11-03T00:00:00.000,Dirty Condition,132
2024-11-03T00:00:00.000,HEAT/HOT WATER,1850
2024-11-03T00:00:00.000,Illegal Fireworks,8
2024-11-03T00:00:00.000,Illegal Parking,1285
2024-11-03T00:00:00.000,Noise - Residential,1389
2024-11-03T00:00:00.000,Noise - Street/Sidewalk,449
2024-11-03T00:00:00.000,Rodent,78
2024-11-03T00:00:00.000,Street Condition,74
2024-11-04T00:00:00.000,Blocked Driveway,512
2024-11-04T00:00:00.000,Damaged Tree,50
2024-11-04T00:00:00.000,Dead/Dying Tree,21
2024-11-04T00:00:00.000,Dirty Condition,210
2024-11-04T00:00:00.000,HEAT/HOT WATER,1500
2024-11-04T00:00:00.000,Illegal Fireworks,4
2024-11-04T00:00:00.000,Illegal Parking,1312
2024-11-04T00:00:00.000,Noise - Residential,657
2024-11-04T00:00:00.000,Noise - Street/Sidewalk,240
2024-11-04T00:00:00.000,Rodent,122
2024-11-04T00:00:00.000,Street Condition,117
2024-11-05T00:00:00.000,Blocked Driveway,468
2024-11-05T00:00:00.000,Damaged Tree,46
2024-11-05T00:00:00.000,Dead/Dying Tree,21
2024-11-05T00:00:00.000,Dirty Condition,173
2024-11-05T00:00:00.000,HEAT/HOT WATER,483
2024-11-05T00:00:00.000,Illegal Fireworks,21
2024-11-05T00:00:00.000,Illegal Parking,1354
2024-11-05T00:00:00.000,Noise - Residential,621
2024-11-05T00:00:00.000,Noise - Street/Sidewalk,399
2024-11-05T00:00:00.000,Rodent,92
2024-11-05T00:00:00.000,Street Condition,120
2024-11-06T00:00:00.000,Blocked Driveway,459
2024-11-06T00:00:00.000,Damaged Tree,39
2024-11-06T00:00:00.000,Dead/Dying Tree,17
2024-11-06T00:00:00.000,Dirty Condition,180
2024-11-06T00:00:00.000,HEAT/HOT WATER,209
2024-11-06T00:00:00.000,Illegal Fireworks,47
2024-11-06T00:00:00.000,Illegal Parking,1308
2024-11-06T00:00:00.000,Noise - Residential,651
2024-11-06T00:00:00.000,Noise - Street/Sidewalk,438
2024-11-06T00:00:00.000,Rodent,80
2024-11-06T00:00:00.000,Street Condition,126
2024-11-07T00:00:00.000,Blocked Driveway,498
2024-11-07T00:00:00.000,Damaged Tree,40
2024-11-07T00:00:00.000,Dead/Dying Tree,18
2024-11-07T00:00:00.000,Dirty Condition,212
2024-11-07T00:00:00.000,HEAT/HOT WATER,189
2024-11-07T00:00:00.000,Illegal Fireworks,1
2024-11-07T00:00:00.000,Illegal Parking,1463
2024-11-07T00:00:00.000,Noise - Residential,638
2024-11-07T00:00:00.000,Noise - Street/Sidewalk,342
2024-11-07T00:00:00.000,Rodent,99
2024-11-07T00:00:00.000,Street Condition,136
2024-11-08T00:00:00.000,Blocked Driveway,578
2024-11-08T00:00:00.000,Damaged Tree,67
2024-11-08T00:00:00.000,Dead/Dying Tree,21
2024-11-08T00:00:00.000,Dirty Condition,169
2024-11-08T00:00:00.000,HEAT/HOT WATER,467
2024-11-08T00:00:00.000,Illegal Fireworks,1
2024-11-08T00:00:00.000,Illegal Parking,1438
2024-11-08T00:00:00.000,Noise - Residential,849
2024-11-08T00:00:00.000,Noise - Street/Sidewalk,350
2024-11-08T00:00:00.000,Rodent,71
2024-11-08T00:00:00.000,Street Condition,104
2024-11-09T00:00:00.000,Blocked Driveway,520
2024-11-09T00:00:00.000,Damaged Tree,51
2024-11-09T00:00:00.000,Dead/Dying Tree,9
2024-11-09T00:00:00.000,Dirty Condition,135
2024-11-09T00:00:00.000,HEAT/HOT WATER,1579
2024-11-09T00:00:00.000,Illegal Fireworks,5
2024-11-09T00:00:00.000,Illegal Parking,1223
2024-11-09T00:00:00.000,Noise - Residential,1284
2024-11-09T00:00:00.000,Noise - Street/Sidewalk,363
2024-11-09T00:00:00.000,Rodent,82
2024-11-09T00:00:00.000,Street Condition,72
2024-11-10T00:00:00.000,Blocked Driveway,478
2024-11-10T00:00:00.000,Damaged Tree,38
2024-11-10T00:00:00.000,Dead/Dying Tree,12
2024-11-10T00:00:00.000,Dirty Condition,124
2024-11-10T00:00:00.000,HEAT/HOT WATER,1337
2024-11-10T00:00:00.000,Illegal Fireworks,3
2024-11-10T00:00:00.000,Illegal Parking,1276
2024-11-10T00:00:00.000,Noise - Residential,1179
2024-11-10T00:00:00.000,Noise - Street/Sidewalk,358
2024-11-10T00:00:00.000,Rodent,68
2024-11-10T00:00:00.000,Street Condition,72
2024-11-11T00:00:00.000,Blocked Driveway,429
2024-11-11T00:00:00.000,Damaged Tree,46
2024-11-11T00:00:00.000,Dead/Dying Tree,20
2024-11-11T00:00:00.000,Dirty Condition,176
2024-11-11T00:00:00.000,HEAT/HOT WATER,662
2024-11-11T00:00:00.000,Illegal Fireworks,5
2024-11-11T00:00:00.000,Illegal Parking,1152
2024-11-11T00:00:00.000,Noise - Residential,736
2024-11-11T00:00:00.000,Noise - Street/Sidewalk,272
2024-11-11T00:00:00.000,Rodent,97
2024-11-11T00:00:00.000,Street Condition,85
2024-11-12T00:00:00.000,Blocked Driveway,471
2024-11-12T00:00:00.000,Damaged Tree,95
2024-11-12T00:00:00.000,Dead/Dying Tree,28
2024-11-12T00:00:00.000,Dirty Condition,180
2024-11-12T00:00:00.000,HEAT/HOT WATER,2241
2024-11-12T00:00:00.000,Illegal Parking,1366
2024-11-12T00:00:00.000,Noise - Residential,603
2024-11-12T00:00:00.000,Noise - Street/Sidewalk,154
2024-11-12T00:00:00.000,Rodent,110
2024-11-12T00:00:00.000,Street Condition,150
2024-11-13T00:00:00.000,Blocked Driveway,460
2024-11-13T00:00:00.000,Damaged Tree,73
2024-11-13T00:00:00.000,Dead/Dying Tree,11
2024-11-13T00:00:00.000,Dirty Condition,145
2024-11-13T00:00:00.000,HEAT/HOT WATER,3004
2024-11-13T00:00:00.000,Illegal Parking,1215
2024-11-13T00:00:00.000,Noise - Residential,607
2024-11-13T00:00:00.000,Noise - Street/Sidewalk,183
2024-11-13T00:00:00.000,Rodent,102
2024-11-13T00:00:00.000,Street Condition,105
2024-11-14T00:00:00.000,Blocked Driveway,483
2024-11-14T00:00:00.000,Damaged Tree,46
2024-11-14T00:00:00.000,Dead/Dying Tree,28
2024-11-14T00:00:00.000,Dirty Condition,168
2024-11-14T00:00:00.000,HEAT/HOT WATER,2457
2024-11-14T00:00:00.000,Illegal Fireworks,4
2024-11-14T00:00:00.000,Illegal Parking,1425
2024-11-14T00:00:00.000,Noise - Residential,636
2024-11-14T00:00:00.000,Noise - Street/Sidewalk,145
2024-11-14T00:00:00.000,Rodent,80
2024-11-14T00:00:00.000,Street Condition,150
2024-11-15T00:00:00.000,Blocked Driveway,533
2024-11-15T00:00:00.000,Damaged Tree,47
2024-11-15T00:00:00.000,Dead/Dying Tree,10
2024-11-15T00:00:00.000,Dirty Condition,129
2024-11-15T00:00:00.000,HEAT/HOT WATER,1495
2024-11-15T00:00:00.000,Illegal Fireworks,8
2024-11-15T00:00:00.000,Illegal Parking,1404
2024-11-15T00:00:00.000,Noise - Residential,819
2024-11-15T00:00:00.000,Noise - Street/Sidewalk,247
2024-11-15T00:00:00.000,Rodent,80
2024-11-15T00:00:00.000,Street Condition,135
2024-11-16T00:00:00.000,Blocked Driveway,536
2024-11-16T00:00:00.000,Damaged Tree,30
2024-11-16T00:00:00.000,Dead/Dying Tree,10
2024-11-16T00:00:00.000,Dirty Condition,116
2024-11-16T00:00:00.000,HEAT/HOT WATER,1142
2024-11-16T00:00:00.000,Illegal Fireworks,3
2024-11-16T00:00:00.000,Illegal Parking,1329
2024-11-16T00:00:00.000,Noise - Residential,1225
2024-11-16T00:00:00.000,Noise - Street/Sidewalk,403
2024-11-16T00:00:00.000,Rodent,63
2024-11-16T00:00:00.000,Street Condition,51
2024-11-17T00:00:00.000,Blocked Driveway,523
2024-11-17T00:00:00.000,Damaged Tree,25
2024-11-17T00:00:00.000,Dead/Dying Tree,7
2024-11-17T00:00:00.000,Dirty Condition,159
2024-11-17T00:00:00.000,HEAT/HOT WATER,869
2024-11-17T00:00:00.000,Illegal Fireworks,3
2024-11-17T00:00:00.000,Illegal Parking,1375
2024-11-17T00:00:00.000,Noise - Residential,1151
2024-11-17T00:00:00.000,Noise - Street/Sidewalk,552
2024-11-17T00:00:00.000,Rodent,67
2024-11-17T00:00:00.000,Street Condition,94
2024-11-18T00:00:00.000,Blocked Driveway,538
2024-11-18T00:00:00.000,Damaged Tree,62
2024-11-18T00:00:00.000,Dead/Dying Tree,24
2024-11-18T00:00:00.000,Dirty Condition,205
2024-11-18T00:00:00.000,HEAT/HOT WATER,944
2024-11-18T00:00:00.000,Illegal Fireworks,3
2024-11-18T00:00:00.000,Illegal Parking,1517
2024-11-18T00:00:00.000,Noise - Residential,2558
2024-11-18T00:00:00.000,Noise - Street/Sidewalk,348
2024-11-18T00:00:00.000,Rodent,103
2024-11-18T00:00:00.000,Street Condition,183
2024-11-19T00:00:00.000,Blocked Driveway,522
2024-11-19T00:00:00.000,Damaged Tree,35
2024-11-19T00:00:00.000,Dead/Dying Tree,20
2024-11-19T00:00:00.000,Dirty Condition,176
2024-11-19T00:00:00.000,HEAT/HOT WATER,993
2024-11-19T00:00:00.000,Illegal Fireworks,2
2024-11-19T00:00:00.000,Illegal Parking,1607
2024-11-19T00:00:00.000,Noise - Residential,3654
2024-11-19T00:00:00.000,Noise - Street/Sidewalk,252
2024-11-19T00:00:00.000,Rodent,95
2024-11-19T00:00:00.000,Street Condition,221
2024-11-20T00:00:00.000,Blocked Driveway,468
2024-11-20T00:00:00.000,Damaged Tree,33
2024-11-20T00:00:00.000,Dead/Dying Tree,17
2024-11-20T00:00:00.000,Dirty Condition,210
2024-11-20T00:00:00.000,HEAT/HOT WATER,1009
2024-11-20T00:00:00.000,Illegal Fireworks,3
2024-11-20T00:00:00.000,Illegal Parking,1612
2024-11-20T00:00:00.000,Noise - Residential,3860
2024-11-20T00:00:00.000,Noise - Street/Sidewalk,309
2024-11-20T00:00:00.000,Rodent,87
2024-11-20T00:00:00.000,Street Condition,200
2024-11-21T00:00:00.000,Blocked Driveway,496
2024-11-21T00:00:00.000,Damaged Tree,63
2024-11-21T00:00:00.000,Dead/Dying Tree,15
2024-11-21T00:00:00.000,Dirty Condition,85
2024-11-21T00:00:00.000,HEAT/HOT WATER,1607
2024-11-21T00:00:00.000,Illegal Parking,1113
2024-11-21T00:00:00.000,Noise - Residential,1329
2024-11-21T00:00:00.000,Noise - Street/Sidewalk,128
2024-11-21T00:00:00.000,Rodent,102
2024-11-21T00:00:00.000,Street Condition,185
2024-11-22T00:00:00.000,Blocked Driveway,560
2024-11-22T00:00:00.000,Damaged Tree,154
2024-11-22T00:00:00.000,Dead/Dying Tree,18
2024-11-22T00:00:00.000,Dirty Condition,101
2024-11-22T00:00:00.000,HEAT/HOT WATER,2532
2024-11-22T00:00:00.000,Illegal Fireworks,1
2024-11-22T00:00:00.000,Illegal Parking,1309
2024-11-22T00:00:00.000,Noise - Residential,709
2024-11-22T00:00:00.000,Noise - Street/Sidewalk,110
2024-11-22T00:00:00.000,Rodent,75
2024-11-22T00:00:00.000,Street Condition,118
2024-11-23T00:00:00.000,Blocked Driveway,609
2024-11-23T00:00:00.000,Damaged Tree,116
2024-11-23T00:00:00.000,Dead/Dying Tree,15
2024-11-23T00:00:00.000,Dirty Condition,85
2024-11-23T00:00:00.000,HEAT/HOT WATER,1737
2024-11-23T00:00:00.000,Illegal Fireworks,2
2024-11-23T00:00:00.000,Illegal Parking,1333
2024-11-23T00:00:00.000,Noise - Residential,1172
2024-11-23T00:00:00.000,Noise - Street/Sidewalk,294
2024-11-23T00:00:00.000,Rodent,50
2024-11-23T00:00:00.000,Street Condition,104
2024-11-24T00:00:00.000,Blocked Driveway,567
2024-11-24T00:00:00.000,Damaged Tree,81
2024-11-24T00:00:00.000,Dead/Dying Tree,13
2024-11-24T00:00:00.000,Dirty Condition,124
2024-11-24T00:00:00.000,HEAT/HOT WATER,1412
2024-11-24T00:00:00.000,Illegal Fireworks,2
2024-11-24T00:00:00.000,Illegal Parking,1409
2024-11-24T00:00:00.000,Noise - Residential,1085
2024-11-24T00:00:00.000,Noise - Street/Sidewalk,316
2024-11-24T00:00:00.000,Rodent,61
2024-11-24T00:00:00.000,Street Condition,149
2024-11-25T00:00:00.000,Blocked Driveway,495
2024-11-25T00:00:00.000,Damaged Tree,73
2024-11-25T00:00:00.000,Dead/Dying Tree,20
2024-11-25T00:00:00.000,Dirty Condition,173
2024-11-25T00:00:00.000,HEAT/HOT WATER,1500
2024-11-25T00:00:00.000,Illegal Fireworks,2
2024-11-25T00:00:00.000,Illegal Parking,1410
2024-11-25T00:00:00.000,Noise - Residential,749
2024-11-25T00:00:00.000,Noise - Street/Sidewalk,226
2024-11-25T00:00:00.000,Rodent,79
2024-11-25T00:00:00.000,Street Condition,207
2024-11-26T00:00:00.000,Blocked Driveway,521
2024-11-26T00:00:00.000,Damaged Tree,56
2024-11-26T00:00:00.000,Dead/Dying Tree,10
2024-11-26T00:00:00.000,Dirty Condition,100
2024-11-26T00:00:00.000,HEAT/HOT WATER,1028
2024-11-26T00:00:00.000,Illegal Fireworks,3
2024-11-26T00:00:00.000,Illegal Parking,1440
2024-11-26T00:00:00.000,Noise - Residential,699
2024-11-26T00:00:00.000,Noise - Street/Sidewalk,222
2024-11-26T00:00:00.000,Rodent,90
2024-11-26T00:00:00.000,Snow or Ice,1
2024-11-26T00:00:00.000,Street Condition,160
2024-11-27T00:00:00.000,Blocked Driveway,512
2024-11-27T00:00:00.000,Damaged Tree,43
2024-11-27T00:00:00.000,Dead/Dying Tree,17
2024-11-27T00:00:00.000,Dirty Condition,109
2024-11-27T00:00:00.000,HEAT/HOT WATER,1329
2024-11-27T00:00:00.000,Illegal Fireworks,1
2024-11-27T00:00:00.000,Illegal Parking,1276
2024-11-27T00:00:00.000,Noise - Residential,723
2024-11-27T00:00:00.000,Noise - Street/Sidewalk,302
2024-11-27T00:00:00.000,Rodent,54
2024-11-27T00:00:00.000,Street Condition,144
2024-11-28T00:00:00.000,Blocked Driveway,495
2024-11-28T00:00:00.000,Damaged Tree,22
2024-11-28T00:00:00.000,Dead/Dying Tree,6
2024-11-28T00:00:00.000,Dirty Condition,30
2024-11-28T00:00:00.000,HEAT/HOT WATER,1002
2024-11-28T00:00:00.000,Illegal Fireworks,9
2024-11-28T00:00:00.000,Illegal Parking,993
2024-11-28T00:00:00.000,Noise - Residential,1855
2024-11-28T00:00:00.000,Noise - Street/Sidewalk,171
2024-11-28T00:00:00.000,Rodent,41
2024-11-28T00:00:00.000,Street Condition,64
2024-11-29T00:00:00.000,Blocked Driveway,448
2024-11-29T00:00:00.000,Damaged Tree,21
2024-11-29T00:00:00.000,Dead/Dying Tree,8
2024-11-29T00:00:00.000,Dirty Condition,68
2024-11-29T00:00:00.000,HEAT/HOT WATER,1628
2024-11-29T00:00:00.000,Illegal Fireworks,1
2024-11-29T00:00:00.000,Illegal Parking,1061
2024-11-29T00:00:00.000,Noise - Residential,2279
2024-11-29T00:00:00.000,Noise - Street/Sidewalk,169
2024-11-29T00:00:00.000,Rodent,68
2024-11-29T00:00:00.000,Snow or Ice,1
2024-11-29T00:00:00.000,Street Condition,88
2024-11-30T00:00:00.000,Blocked Driveway,497
2024-11-30T00:00:00.000,Damaged Tree,29
2024-11-30T00:00:00.000,Dead/Dying Tree,11
2024-11-30T00:00:00.000,Dirty Condition,69
2024-11-30T00:00:00.000,HEAT/HOT WATER,2470
2024-11-30T00:00:00.000,Illegal Fireworks,2
2024-11-30T00:00:00.000,Illegal Parking,1108
2024-11-30T00:00:00.000,Noise - Residential,1494
2024-11-30T00:00:00.000,Noise - Street/Sidewalk,199
2024-11-30T00:00:00.000,Rodent,57
2024-11-30T00:00:00.000,Street Condition,73
2024-12-01T00:00:00.000,Blocked Driveway,487
2024-12-01T00:00:00.000,Damaged Tree,17
2024-12-01T00:00:00.000,Dead/Dying Tree,8
2024-12-01T00:00:00.000,Dirty Condition,106
2024-12-01T00:00:00.000,HEAT/HOT WATER,2936
2024-12-01T00:00:00.000,Illegal Fireworks,3
2024-12-01T00:00:00.000,Illegal Parking,1266
2024-12-01T00:00:00.000,Noise - Residential,996
2024-12-01T00:00:00.000,Noise - Street/Sidewalk,163
2024-12-01T00:00:00.000,Rodent,52
2024-12-01T00:00:00.000,Snow or Ice,7
2024-12-01T00:00:00.000,Street Condition,122
2024-12-02T00:00:00.000,Blocked Driveway,445
2024-12-02T00:00:00.000,Damaged Tree,22
2024-12-02T00:00:00.000,Dead/Dying Tree,22
2024-12-02T00:00:00.000,Dirty Condition,148
2024-12-02T00:00:00.000,HEAT/HOT WATER,3066
2024-12-02T00:00:00.000,Illegal Parking,1387
2024-12-02T00:00:00.000,Noise - Residential,622
2024-12-02T00:00:00.000,Noise - Street/Sidewalk,134
2024-12-02T00:00:00.000,Rodent,80
2024-12-02T00:00:00.000,Snow or Ice,9
2024-12-02T00:00:00.000,Street Condition,218
2024-12-03T00:00:00.000,Blocked Driveway,455
2024-12-03T00:00:00.000,Damaged Tree,33
2024-12-03T00:00:00.000,Dead/Dying Tree,13
2024-12-03T00:00:00.000,Dirty Condition,170
2024-12-03T00:00:00.000,HEAT/HOT WATER,2668
2024-12-03T00:00:00.000,Illegal Parking,1425
2024-12-03T00:00:00.000,Noise - Residential,657
2024-12-03T00:00:00.000,Noise - Street/Sidewalk,141
2024-12-03T00:00:00.000,Rodent,78
2024-12-03T00:00:00.000,Street Condition,247
2024-12-04T00:00:00.000,Blocked Driveway,466
2024-12-04T00:00:00.000,Damaged Tree,39
2024-12-04T00:00:00.000,Dead/Dying Tree,10
2024-12-04T00:00:00.000,Dirty Condition,125
2024-12-04T00:00:00.000,HEAT/HOT WATER,2695
2024-12-04T00:00:00.000,Illegal Fireworks,6
2024-12-04T00:00:00.000,Illegal Parking,1331
2024-12-04T00:00:00.000,Noise - Residential,705
2024-12-04T00:00:00.000,Noise - Street/Sidewalk,88
2024-12-04T00:00:00.000,Rodent,81
2024-12-04T00:00:00.000,Snow or Ice,4
2024-12-04T00:00:00.000,Street Condition,231
2024-12-05T00:00:00.000,Blocked Driveway,455
2024-12-05T00:00:00.000,Damaged Tree,141
2024-12-05T00:00:00.000,Dead/Dying Tree,26
2024-12-05T00:00:00.000,Dirty Condition,122
2024-12-05T00:00:00.000,HEAT/HOT WATER,2671
2024-12-05T00:00:00.000,Illegal Fireworks,8
2024-12-05T00:00:00.000,Illegal Parking,1309
2024-12-05T00:00:00.000,Noise - Residential,622
2024-12-05T00:00:00.000,Noise - Street/Sidewalk,97
2024-12-05T00:00:00.000,Rodent,64
2024-12-05T00:00:00.000,Snow or Ice,2
2024-12-05T00:00:00.000,Street Condition,125
2024-12-06T00:00:00.000,Blocked Driveway,520
2024-12-06T00:00:00.000,Damaged Tree,62
2024-12-06T00:00:00.000,Dead/Dying Tree,25
2024-12-06T00:00:00.000,Dirty Condition,84
2024-12-06T00:00:00.000,HEAT/HOT WATER,2820
2024-12-06T00:00:00.000,Illegal Fireworks,8
2024-12-06T00:00:00.000,Illegal Parking,1265
2024-12-06T00:00:00.000,Noise - Residential,821
2024-12-06T00:00:00.000,Noise - Street/Sidewalk,131
2024-12-06T00:00:00.000,Rodent,64
2024-12-06T00:00:00.000,Snow or Ice,6
2024-12-06T00:00:00.000,Street Condition,84
2024-12-07T00:00:00.000,Blocked Driveway,509
2024-12-07T00:00:00.000,Damaged Tree,20
2024-12-07T00:00:00.000,Dead/Dying Tree,6
2024-12-07T00:00:00.000,Dirty Condition,97
2024-12-07T00:00:00.000,HEAT/HOT WATER,1928
2024-12-07T00:00:00.000,Illegal Fireworks,3
2024-12-07T00:00:00.000,Illegal Parking,1232
2024-12-07T00:00:00.000,Noise - Residential,1158
2024-12-07T00:00:00.000,Noise - Street/Sidewalk,237
2024-12-07T00:00:00.000,Rodent,39
2024-12-07T00:00:00.000,Snow or Ice,2
2024-12-07T00:00:00.000,Street Condition,72
2024-12-08T00:00:00.000,Blocked Driveway,578
2024-12-08T00:00:00.000,Damaged Tree,23
2024-12-08T00:00:00.000,Dead/Dying Tree,6
2024-12-08T00:00:00.000,Dirty Condition,134
2024-12-08T00:00:00.000,HEAT/HOT WATER,1310
2024-12-08T00:00:00.000,Illegal Fireworks,11
2024-12-08T00:00:00.000,Illegal Parking,1396
2024-12-08T00:00:00.000,Noise - Residential,1108
2024-12-08T00:00:00.000,Noise - Street/Sidewalk,282
2024-12-08T00:00:00.000,Rodent,47
2024-12-08T00:00:00.000,Street Condition,144
2024-12-09T00:00:00.000,Blocked Driveway,564
2024-12-09T00:00:00.000,Damaged Tree,27
2024-12-09T00:00:00.000,Dead/Dying Tree,15
2024-12-09T00:00:00.000,Dirty Condition,154
2024-12-09T00:00:00.000,HEAT/HOT WATER,1303
2024-12-09T00:00:00.000,Illegal Fireworks,3
2024-12-09T00:00:00.000,Illegal Parking,1292
2024-12-09T00:00:00.000,Noise - Residential,718
2024-12-09T00:00:00.000,Noise - Street/Sidewalk,177
2024-12-09T00:00:00.000,Rodent,74
2024-12-09T00:00:00.000,Street Condition,251
2024-12-10T00:00:00.000,Blocked Driveway,464
2024-12-10T00:00:00.000,Damaged Tree,29
2024-12-10T00:00:00.000,Dead/Dying Tree,17
2024-12-10T00:00:00.000,Dirty Condition,115
2024-12-10T00:00:00.000,HEAT/HOT WATER,1289
2024-12-10T00:00:00.000,Illegal Parking,1416
2024-12-10T00:00:00.000,Noise - Residential,682
2024-12-10T00:00:00.000,Noise - Street/Sidewalk,145
2024-12-10T00:00:00.000,Rodent,72
2024-12-10T00:00:00.000,Street Condition,259
2024-12-11T00:00:00.000,Blocked Driveway,481
2024-12-11T00:00:00.000,Damaged Tree,93
2024-12-11T00:00:00.000,Dead/Dying Tree,19
2024-12-11T00:00:00.000,Dirty Condition,134
2024-12-11T00:00:00.000,HEAT/HOT WATER,1039
2024-12-11T00:00:00.000,Illegal Parking,1396
2024-12-11T00:00:00.000,Noise - Residential,624
2024-12-11T00:00:00.000,Noise - Street/Sidewalk,135
2024-12-11T00:00:00.000,Rodent,66
2024-12-11T00:00:00.000,Street Condition,291
2024-12-12T00:00:00.000,Blocked Driveway,552
2024-12-12T00:00:00.000,Damaged Tree,82
2024-12-12T00:00:00.000,Dead/Dying Tree,25
2024-12-12T00:00:00.000,Dirty Condition,119
2024-12-12T00:00:00.000,HEAT/HOT WATER,2008
2024-12-12T00:00:00.000,Illegal Parking,1428
2024-12-12T00:00:00.000,Noise - Residential,1607
2024-12-12T00:00:00.000,Noise - Street/Sidewalk,128
2024-12-12T00:00:00.000,Rodent,72
2024-12-12T00:00:00.000,Snow or Ice,2
2024-12-12T00:00:00.000,Street Condition,219
2024-12-13T00:00:00.000,Blocked Driveway,521
2024-12-13T00:00:00.000,Damaged Tree,39
2024-12-13T00:00:00.000,Dead/Dying Tree,17
2024-12-13T00:00:00.000,Dirty Condition,95
2024-12-13T00:00:00.000,HEAT/HOT WATER,2615
2024-12-13T00:00:00.000,Illegal Fireworks,1
2024-12-13T00:00:00.000,Illegal Parking,1327
2024-12-13T00:00:00.000,Noise - Residential,1174
2024-12-13T00:00:00.000,Noise - Street/Sidewalk,144
2024-12-13T00:00:00.000,Rodent,92
2024-12-13T00:00:00.000,Snow or Ice,14
2024-12-13T00:00:00.000,Street Condition,109
2024-12-14T00:00:00.000,Blocked Driveway,511
2024-12-14T00:00:00.000,Damaged Tree,24
2024-12-14T00:00:00.000,Dead/Dying Tree,5
2024-12-14T00:00:00.000,Dirty Condition,73
2024-12-14T00:00:00.000,HEAT/HOT WATER,2501
2024-12-14T00:00:00.000,Illegal Fireworks,1
2024-12-14T00:00:00.000,Illegal Parking,1367
2024-12-14T00:00:00.000,Noise - Residential,1207
2024-12-14T00:00:00.000,Noise - Street/Sidewalk,214
2024-12-14T00:00:00.000,Rodent,40
2024-12-14T00:00:00.000,Snow or Ice,7
2024-12-14T00:00:00.000,Street Condition,75
2024-12-15T00:00:00.000,Blocked Driveway,503
2024-12-15T00:00:00.000,Damaged Tree,19
2024-12-15T00:00:00.000,Dead/Dying Tree,4
2024-12-15T00:00:00.000,Dirty Condition,111
2024-12-15T00:00:00.000,HEAT/HOT WATER,2016
2024-12-15T00:00:00.000,Illegal Fireworks,16
2024-12-15T00:00:00.000,Illegal Parking,1486
2024-12-15T00:00:00.000,Noise - Residential,1934
2024-12-15T00:00:00.000,Noise - Street/Sidewalk,208
2024-12-15T00:00:00.000,Rodent,58
2024-12-15T00:00:00.000,Snow or Ice,6
2024-12-15T00:00:00.000,Street Condition,223
2024-12-16T00:00:00.000,Blocked Driveway,496
2024-12-16T00:00:00.000,Damaged Tree,36
2024-12-16T00:00:00.000,Dead/Dying Tree,7
2024-12-16T00:00:00.000,Dirty Condition,104
2024-12-16T00:00:00.000,HEAT/HOT WATER,1408
2024-12-16T00:00:00.000,Illegal Parking,1371
2024-12-16T00:00:00.000,Noise - Residential,5590
2024-12-16T00:00:00.000,Noise - Street/Sidewalk,109
2024-12-16T00:00:00.000,Rodent,68
2024-12-16T00:00:00.000,Street Condition,274
2024-12-17T00:00:00.000,Blocked Driveway,541
2024-12-17T00:00:00.000,Damaged Tree,47
2024-12-17T00:00:00.000,Dead/Dying Tree,14
2024-12-17T00:00:00.000,Dirty Condition,153
2024-12-17T00:00:00.000,HEAT/HOT WATER,898
2024-12-17T00:00:00.000,Illegal Parking,1541
2024-12-17T00:00:00.000,Noise - Residential,4613
2024-12-17T00:00:00.000,Noise - Street/Sidewalk,205
2024-12-17T00:00:00.000,Rodent,96
2024-12-17T00:00:00.000,Street Condition,258
2024-12-18T00:00:00.000,Blocked Driveway,493
2024-12-18T00:00:00.000,Damaged Tree,41
2024-12-18T00:00:00.000,Dead/Dying Tree,12
2024-12-18T00:00:00.000,Dirty Condition,158
2024-12-18T00:00:00.000,HEAT/HOT WATER,979
2024-12-18T00:00:00.000,Illegal Parking,1406
2024-12-18T00:00:00.000,Noise - Residential,653
2024-12-18T00:00:00.000,Noise - Street/Sidewalk,166
2024-12-18T00:00:00.000,Rodent,72
2024-12-18T00:00:00.000,Street Condition,326
2024-12-19T00:00:00.000,Blocked Driveway,535
2024-12-19T00:00:00.000,Damaged Tree,34
2024-12-19T00:00:00.000,Dead/Dying Tree,10
2024-12-19T00:00:00.000,Dirty Condition,109
2024-12-19T00:00:00.000,HEAT/HOT WATER,1418
2024-12-19T00:00:00.000,Illegal Parking,1482
2024-12-19T00:00:00.000,Noise - Residential,737
2024-12-19T00:00:00.000,Noise - Street/Sidewalk,142
2024-12-19T00:00:00.000,Rodent,70
2024-12-19T00:00:00.000,Street Condition,236
2024-12-20T00:00:00.000,Blocked Driveway,522
2024-12-20T00:00:00.000,Damaged Tree,19
2024-12-20T00:00:00.000,Dead/Dying Tree,9
2024-12-20T00:00:00.000,Dirty Condition,117
2024-12-20T00:00:00.000,HEAT/HOT WATER,1679
2024-12-20T00:00:00.000,Illegal Parking,1340
2024-12-20T00:00:00.000,Noise - Residential,743
2024-12-20T00:00:00.000,Noise - Street/Sidewalk,119
2024-12-20T00:00:00.000,Rodent,76
2024-12-20T00:00:00.000,Street Condition,103
2024-12-21T00:00:00.000,Blocked Driveway,519
2024-12-21T00:00:00.000,Damaged Tree,17
2024-12-21T00:00:00.000,Dead/Dying Tree,10
2024-12-21T00:00:00.000,Dirty Condition,52
2024-12-21T00:00:00.000,HEAT/HOT WATER,2299
2024-12-21T00:00:00.000,Illegal Fireworks,3
2024-12-21T00:00:00.000,Illegal Parking,1055
2024-12-21T00:00:00.000,Noise - Residential,1003
2024-12-21T00:00:00.000,Noise - Street/Sidewalk,114
2024-12-21T00:00:00.000,Rodent,33
2024-12-21T00:00:00.000,Snow or Ice,96
2024-12-21T00:00:00.000,Street Condition,60
2024-12-22T00:00:00.000,Blocked Driveway,487
2024-12-22T00:00:00.000,Damaged Tree,11
2024-12-22T00:00:00.000,Dead/Dying Tree,4
2024-12-22T00:00:00.000,Dirty Condition,57
2024-12-22T00:00:00.000,HEAT/HOT WATER,4811
2024-12-22T00:00:00.000,Illegal Fireworks,3
2024-12-22T00:00:00.000,Illegal Parking,1052
2024-12-22T00:00:00.000,Noise - Residential,1083
2024-12-22T00:00:00.000,Noise - Street/Sidewalk,71
2024-12-22T00:00:00.000,Rodent,31
2024-12-22T00:00:00.000,Snow or Ice,227
2024-12-22T00:00:00.000,Street Condition,154
2024-12-23T00:00:00.000,Blocked Driveway,464
2024-12-23T00:00:00.000,Damaged Tree,20
2024-12-23T00:00:00.000,Dead/Dying Tree,5
2024-12-23T00:00:00.000,Dirty Condition,81
2024-12-23T00:00:00.000,HEAT/HOT WATER,5313
2024-12-23T00:00:00.000,Illegal Parking,1060
2024-12-23T00:00:00.000,Noise - Residential,745
2024-12-23T00:00:00.000,Noise - Street/Sidewalk,67
2024-12-23T00:00:00.000,Rodent,36
2024-12-23T00:00:00.000,Snow or Ice,221
2024-12-23T00:00:00.000,Street Condition,121
2024-12-24T00:00:00.000,Blocked Driveway,508
2024-12-24T00:00:00.000,Damaged Tree,11
2024-12-24T00:00:00.000,Dead/Dying Tree,4
2024-12-24T00:00:00.000,Dirty Condition,41
2024-12-24T00:00:00.000,HEAT/HOT WATER,2395
2024-12-24T00:00:00.000,Illegal Fireworks,12
2024-12-24T00:00:00.000,Illegal Parking,1025
2024-12-24T00:00:00.000,Noise - Residential,919
2024-12-24T00:00:00.000,Noise - Street/Sidewalk,119
2024-12-24T00:00:00.000,Rodent,35
2024-12-24T00:00:00.000,Snow or Ice,79
2024-12-24T00:00:00.000,Street Condition,53
2024-12-25T00:00:00.000,Blocked Driveway,477
2024-12-25T00:00:00.000,Damaged Tree,5
2024-12-25T00:00:00.000,Dirty Condition,49
2024-12-25T00:00:00.000,HEAT/HOT WATER,1478
2024-12-25T00:00:00.000,Illegal Fireworks,21
2024-12-25T00:00:00.000,Illegal Parking,997
2024-12-25T00:00:00.000,Noise - Residential,1304
2024-12-25T00:00:00.000,Noise - Street/Sidewalk,174
2024-12-25T00:00:00.000,Rodent,39
2024-12-25T00:00:00.000,Snow or Ice,52
2024-12-25T00:00:00.000,Street Condition,78
2024-12-26T00:00:00.000,Blocked Driveway,425
2024-12-26T00:00:00.000,Damaged Tree,13
2024-12-26T00:00:00.000,Dead/Dying Tree,5
2024-12-26T00:00:00.000,Dirty Condition,114
2024-12-26T00:00:00.000,HEAT/HOT WATER,2023
2024-12-26T00:00:00.000,Illegal Fireworks,2
2024-12-26T00:00:00.000,Illegal Parking,1060
2024-12-26T00:00:00.000,Noise - Residential,763
2024-12-26T00:00:00.000,Noise - Street/Sidewalk,91
2024-12-26T00:00:00.000,Rodent,54
2024-12-26T00:00:00.000,Snow or Ice,45
2024-12-26T00:00:00.000,Street Condition,202
2024-12-27T00:00:00.000,Blocked Driveway,430
2024-12-27T00:00:00.000,Damaged Tree,16
2024-12-27T00:00:00.000,Dead/Dying Tree,8
2024-12-27T00:00:00.000,Dirty Condition,115
2024-12-27T00:00:00.000,HEAT/HOT WATER,1736
2024-12-27T00:00:00.000,Illegal Fireworks,2
2024-12-27T00:00:00.000,Illegal Parking,1089
2024-12-27T00:00:00.000,Noise - Residential,816
2024-12-27T00:00:00.000,Noise - Street/Sidewalk,151
2024-12-27T00:00:00.000,Rodent,58
2024-12-27T00:00:00.000,Snow or Ice,34
2024-12-27T00:00:00.000,Street Condition,83
2024-12-28T00:00:00.000,Blocked Driveway,461
2024-12-28T00:00:00.000,Damaged Tree,14
2024-12-28T00:00:00.000,Dead/Dying Tree,3
2024-12-28T00:00:00.000,Dirty Condition,103
2024-12-28T00:00:00.000,HEAT/HOT WATER,1127
2024-12-28T00:00:00.000,Illegal Fireworks,5
2024-12-28T00:00:00.000,Illegal Parking,1118
2024-12-28T00:00:00.000,Noise - Residential,1671
2024-12-28T00:00:00.000,Noise - Street/Sidewalk,158
2024-12-28T00:00:00.000,Rodent,41
2024-12-28T00:00:00.000,Snow or Ice,2
2024-12-28T00:00:00.000,Street Condition,71
2024-12-29T00:00:00.000,Blocked Driveway,439
2024-12-29T00:00:00.000,Damaged Tree,28
2024-12-29T00:00:00.000,Dead/Dying Tree,3
2024-12-29T00:00:00.000,Dirty Condition,170
2024-12-29T00:00:00.000,HEAT/HOT WATER,695
2024-12-29T00:00:00.000,Illegal Fireworks,8
2024-12-29T00:00:00.000,Illegal Parking,1332
2024-12-29T00:00:00.000,Noise - Residential,4648
2024-12-29T00:00:00.000,Noise - Street/Sidewalk,294
2024-12-29T00:00:00.000,Rodent,56
2024-12-29T00:00:00.000,Street Condition,195
2024-12-30T00:00:00.000,Blocked Driveway,481
2024-12-30T00:00:00.000,Damaged Tree,58
2024-12-30T00:00:00.000,Dead/Dying Tree,25
2024-12-30T00:00:00.000,Dirty Condition,183
2024-12-30T00:00:00.000,HEAT/HOT WATER,966
2024-12-30T00:00:00.000,Illegal Fireworks,17
2024-12-30T00:00:00.000,Illegal Parking,1336
2024-12-30T00:00:00.000,Noise - Residential,3041
2024-12-30T00:00:00.000,Noise - Street/Sidewalk,244
2024-12-30T00:00:00.000,Rodent,73
2024-12-30T00:00:00.000,Street Condition,187
2024-12-31T00:00:00.000,Blocked Driveway,467
2024-12-31T00:00:00.000,Damaged Tree,20
2024-12-31T00:00:00.000,Dead/Dying Tree,5
2024-12-31T00:00:00.000,Dirty Condition,142
2024-12-31T00:00:00.000,HEAT/HOT WATER,828
2024-12-31T00:00:00.000,Illegal Fireworks,90
2024-12-31T00:00:00.000,Illegal Parking,1384
2024-12-31T00:00:00.000,Noise - Residential,4441
2024-12-31T00:00:00.000,Noise - Street/Sidewalk,239
2024-12-31T00:00:00.000,Rodent,53
2024-12-31T00:00:00.000,Snow or Ice,1
2024-12-31T00:00:00.000,Street Condition,154
2025-01-01T00:00:00.000,Blocked Driveway,513
2025-01-01T00:00:00.000,Damaged Tree,37
2025-01-01T00:00:00.000,Dead/Dying Tree,18
2025-01-01T00:00:00.000,Dirty Condition,110
2025-01-01T00:00:00.000,HEAT/HOT WATER,951
2025-01-01T00:00:00.000,Illegal Fireworks,232
2025-01-01T00:00:00.000,Illegal Parking,1282
2025-01-01T00:00:00.000,Noise - Residential,4692
2025-01-01T00:00:00.000,Noise - Street/Sidewalk,395
2025-01-01T00:00:00.000,Rodent,53
2025-01-01T00:00:00.000,Street Condition,189
2025-01-02T00:00:00.000,Blocked Driveway,447
2025-01-02T00:00:00.000,Damaged Tree,68
2025-01-02T00:00:00.000,Dead/Dying Tree,18
2025-01-02T00:00:00.000,Dirty Condition,158
2025-01-02T00:00:00.000,HEAT/HOT WATER,1704
2025-01-02T00:00:00.000,Illegal Fireworks,4
2025-01-02T00:00:00.000,Illegal Parking,1474
2025-01-02T00:00:00.000,Noise - Residential,4945
2025-01-02T00:00:00.000,Noise - Street/Sidewalk,121
2025-01-02T00:00:00.000,Rodent,68
2025-01-02T00:00:00.000,Snow or Ice,2
2025-01-02T00:00:00.000,Street Condition,240
2025-01-03T00:00:00.000,Blocked Driveway,461
2025-01-03T00:00:00.000,Damaged Tree,29
2025-01-03T00:00:00.000,Dead/Dying Tree,11
2025-01-03T00:00:00.000,Dirty Condition,171
2025-01-03T00:00:00.000,HEAT/HOT WATER,1638
2025-01-03T00:00:00.000,Illegal Fireworks,8
2025-01-03T00:00:00.000,Illegal Parking,1495
2025-01-03T00:00:00.000,Noise - Residential,2892
2025-01-03T00:00:00.000,Noise - Street/Sidewalk,148
2025-01-03T00:00:00.000,Rodent,78
2025-01-03T00:00:00.000,Snow or Ice,5
2025-01-03T00:00:00.000,Street Condition,136
2025-01-04T00:00:00.000,Blocked Driveway,433
2025-01-04T00:00:00.000,Damaged Tree,29
2025-01-04T00:00:00.000,Dead/Dying Tree,10
2025-01-04T00:00:00.000,Dirty Condition,116
2025-01-04T00:00:00.000,HEAT/HOT WATER,2339
2025-01-04T00:00:00.000,Illegal Fireworks,6
2025-01-04T00:00:00.000,Illegal Parking,1276
2025-01-04T00:00:00.000,Noise - Residential,3809
2025-01-04T00:00:00.000,Noise - Street/Sidewalk,131
2025-01-04T00:00:00.000,Rodent,57
2025-01-04T00:00:00.000,Snow or Ice,10
2025-01-04T00:00:00.000,Street Condition,110
2025-01-05T00:00:00.000,Blocked Driveway,477
2025-01-05T00:00:00.000,Damaged Tree,17
2025-01-05T00:00:00.000,Dead/Dying Tree,4
2025-01-05T00:00:00.000,Dirty Condition,108
2025-01-05T00:00:00.000,HEAT/HOT WATER,2205
2025-01-05T00:00:00.000,Illegal Fireworks,10
2025-01-05T00:00:00.000,Illegal Parking,1392
2025-01-05T00:00:00.000,Noise - Residential,6053
2025-01-05T00:00:00.000,Noise - Street/Sidewalk,141
2025-01-05T00:00:00.000,Rodent,36
2025-01-05T00:00:00.000,Snow or Ice,12
2025-01-05T00:00:00.000,Street Condition,155
2025-01-06T00:00:00.000,Blocked Driveway,446
2025-01-06T00:00:00.000,Damaged Tree,31
2025-01-06T00:00:00.000,Dead/Dying Tree,17
2025-01-06T00:00:00.000,Dirty Condition,156
2025-01-06T00:00:00.000,HEAT/HOT WATER,2498
2025-01-06T00:00:00.000,Illegal Fireworks,5
2025-01-06T00:00:00.000,Illegal Parking,1354
2025-01-06T00:00:00.000,Noise - Residential,4449
2025-01-06T00:00:00.000,Noise - Street/Sidewalk,60
2025-01-06T00:00:00.000,Rodent,74
2025-01-06T00:00:00.000,Snow or Ice,156
2025-01-06T00:00:00.000,Street Condition,251
2025-01-07T00:00:00.000,Blocked Driveway,520
2025-01-07T00:00:00.000,Damaged Tree,66
2025-01-07T00:00:00.000,Dead/Dying Tree,12
2025-01-07T00:00:00.000,Dirty Condition,116
2025-01-07T00:00:00.000,HEAT/HOT WATER,3659
2025-01-07T00:00:00.000,Illegal Parking,1472
2025-01-07T00:00:00.000,Noise - Residential,3414
2025-01-07T00:00:00.000,Noise - Street/Sidewalk,58
2025-01-07T00:00:00.000,Rodent,84
2025-01-07T00:00:00.000,Snow or Ice,362
2025-01-07T00:00:00.000,Street Condition,291
2025-01-08T00:00:00.000,Blocked Driveway,477
2025-01-08T00:00:00.000,Damaged Tree,49
2025-01-08T00:00:00.000,Dead/Dying Tree,18
2025-01-08T00:00:00.000,Dirty Condition,132
2025-01-08T00:00:00.000,HEAT/HOT WATER,3845
2025-01-08T00:00:00.000,Illegal Parking,1427
2025-01-08T00:00:00.000,Noise - Residential,2174
2025-01-08T00:00:00.000,Noise - Street/Sidewalk,64
2025-01-08T00:00:00.000,Rodent,49
2025-01-08T00:00:00.000,Snow or Ice,51
2025-01-08T00:00:00.000,Street Condition,225
2025-01-09T00:00:00.000,Blocked Driveway,441
2025-01-09T00:00:00.000,Damaged Tree,85
2025-01-09T00:00:00.000,Dead/Dying Tree,17
2025-01-09T00:00:00.000,Dirty Condition,123
2025-01-09T00:00:00.000,HEAT/HOT WATER,3599
2025-01-09T00:00:00.000,Illegal Parking,1461
2025-01-09T00:00:00.000,Noise - Residential,3620
2025-01-09T00:00:00.000,Noise - Street/Sidewalk,49
2025-01-09T00:00:00.000,Rodent,73
2025-01-09T00:00:00.000,Snow or Ice,36
2025-01-09T00:00:00.000,Street Condition,238
2025-01-10T00:00:00.000,Blocked Driveway,510
2025-01-10T00:00:00.000,Damaged Tree,43
2025-01-10T00:00:00.000,Dead/Dying Tree,12
2025-01-10T00:00:00.000,Dirty Condition,150
2025-01-10T00:00:00.000,HEAT/HOT WATER,2094
2025-01-10T00:00:00.000,Illegal Parking,1502
2025-01-10T00:00:00.000,Noise - Residential,4770
2025-01-10T00:00:00.000,Noise - Street/Sidewalk,131
2025-01-10T00:00:00.000,Rodent,67
2025-01-10T00:00:00.000,Snow or Ice,19
2025-01-10T00:00:00.000,Street Condition,133
2025-01-11T00:00:00.000,Blocked Driveway,478
2025-01-11T00:00:00.000,Damaged Tree,27
2025-01-11T00:00:00.000,Dead/Dying Tree,5
2025-01-11T00:00:00.000,Dirty Condition,129
2025-01-11T00:00:00.000,HEAT/HOT WATER,1440
2025-01-11T00:00:00.000,Illegal Fireworks,3
2025-01-11T00:00:00.000,Illegal Parking,1354
2025-01-11T00:00:00.000,Noise - Residential,4552
2025-01-11T00:00:00.000,Noise - Street/Sidewalk,163
2025-01-11T00:00:00.000,Rodent,57
2025-01-11T00:00:00.000,Snow or Ice,2
2025-01-11T00:00:00.000,Street Condition,78
2025-01-12T00:00:00.000,Blocked Driveway,501
2025-01-12T00:00:00.000,Damaged Tree,15
2025-01-12T00:00:00.000,Dead/Dying Tree,4
2025-01-12T00:00:00.000,Dirty Condition,148
2025-01-12T00:00:00.000,HEAT/HOT WATER,1346
2025-01-12T00:00:00.000,Illegal Fireworks,3
2025-01-12T00:00:00.000,Illegal Parking,1382
2025-01-12T00:00:00.000,Noise - Residential,4742
2025-01-12T00:00:00.000,Noise - Street/Sidewalk,214
2025-01-12T00:00:00.000,Rodent,69
2025-01-12T00:00:00.000,Snow or Ice,6
2025-01-12T00:00:00.000,Street Condition,186
2025-01-13T00:00:00.000,Blocked Driveway,463
2025-01-13T00:00:00.000,Damaged Tree,47
2025-01-13T00:00:00.000,Dead/Dying Tree,7
2025-01-13T00:00:00.000,Dirty Condition,208
2025-01-13T00:00:00.000,HEAT/HOT WATER,1494
2025-01-13T00:00:00.000,Illegal Parking,1569
2025-01-13T00:00:00.000,Noise - Residential,3795
2025-01-13T00:00:00.000,Noise - Street/Sidewalk,115
2025-01-13T00:00:00.000,Rodent,96
2025-01-13T00:00:00.000,Snow or Ice,8
2025-01-13T00:00:00.000,Street Condition,231
2025-01-14T00:00:00.000,Blocked Driveway,493
2025-01-14T00:00:00.000,Damaged Tree,32
2025-01-14T00:00:00.000,Dead/Dying Tree,13
2025-01-14T00:00:00.000,Dirty Condition,146
2025-01-14T00:00:00.000,HEAT/HOT WATER,1916
2025-01-14T00:00:00.000,Illegal Parking,1526
2025-01-14T00:00:00.000,Noise - Residential,717
2025-01-14T00:00:00.000,Noise - Street/Sidewalk,91
2025-01-14T00:00:00.000,Rodent,90
2025-01-14T00:00:00.000,Snow or Ice,8
2025-01-14T00:00:00.000,Street Condition,244
2025-01-15T00:00:00.000,Blocked Driveway,457
2025-01-15T00:00:00.000,Damaged Tree,33
2025-01-15T00:00:00.000,Dead/Dying Tree,14
2025-01-15T00:00:00.000,Dirty Condition,140
2025-01-15T00:00:00.000,HEAT/HOT WATER,2228
2025-01-15T00:00:00.000,Illegal Fireworks,3
2025-01-15T00:00:00.000,Illegal Parking,1468
2025-01-15T00:00:00.000,Noise - Residential,638
2025-01-15T00:00:00.000,Noise - Street/Sidewalk,57
2025-01-15T00:00:00.000,Rodent,61
2025-01-15T00:00:00.000,Snow or Ice,9
2025-01-15T00:00:00.000,Street Condition,250
2025-01-16T00:00:00.000,Blocked Driveway,493
2025-01-16T00:00:00.000,Damaged Tree,28
2025-01-16T00:00:00.000,Dead/Dying Tree,15
2025-01-16T00:00:00.000,Dirty Condition,134
2025-01-16T00:00:00.000,HEAT/HOT WATER,2070
2025-01-16T00:00:00.000,Illegal Fireworks,1
2025-01-16T00:00:00.000,Illegal Parking,1468
2025-01-16T00:00:00.000,Noise - Residential,668
2025-01-16T00:00:00.000,Noise - Street/Sidewalk,99
2025-01-16T00:00:00.000,Rodent,94
2025-01-16T00:00:00.000,Snow or Ice,16
2025-01-16T00:00:00.000,Street Condition,206
2025-01-17T00:00:00.000,Blocked Driveway,541
2025-01-17T00:00:00.000,Damaged Tree,28
2025-01-17T00:00:00.000,Dead/Dying Tree,7
2025-01-17T00:00:00.000,Dirty Condition,145
2025-01-17T00:00:00.000,HEAT/HOT WATER,1579
2025-01-17T00:00:00.000,Illegal Fireworks,1
2025-01-17T00:00:00.000,Illegal Parking,1542
2025-01-17T00:00:00.000,Noise - Residential,749
2025-01-17T00:00:00.000,Noise - Street/Sidewalk,136
2025-01-17T00:00:00.000,Rodent,81
2025-01-17T00:00:00.000,Snow or Ice,11
2025-01-17T00:00:00.000,Street Condition,122
2025-01-18T00:00:00.000,Blocked Driveway,484
2025-01-18T00:00:00.000,Damaged Tree,13
2025-01-18T00:00:00.000,Dead/Dying Tree,4
2025-01-18T00:00:00.000,Dirty Condition,111
2025-01-18T00:00:00.000,HEAT/HOT WATER,1305
2025-01-18T00:00:00.000,Illegal Fireworks,12
2025-01-18T00:00:00.000,Illegal Parking,1429
2025-01-18T00:00:00.000,Noise - Residential,1123
2025-01-18T00:00:00.000,Noise - Street/Sidewalk,208
2025-01-18T00:00:00.000,Rodent,50
2025-01-18T00:00:00.000,Snow or Ice,4
2025-01-18T00:00:00.000,Street Condition,64
2025-01-19T00:00:00.000,Blocked Driveway,463
2025-01-19T00:00:00.000,Damaged Tree,12
2025-01-19T00:00:00.000,Dead/Dying Tree,2
2025-01-19T00:00:00.000,Dirty Condition,98
2025-01-19T00:00:00.000,HEAT/HOT WATER,1526
2025-01-19T00:00:00.000,Illegal Parking,1298
2025-01-19T00:00:00.000,Noise - Residential,1115
2025-01-19T00:00:00.000,Noise - Street/Sidewalk,164
2025-01-19T00:00:00.000,Rodent,55
2025-01-19T00:00:00.000,Snow or Ice,85
2025-01-19T00:00:00.000,Street Condition,57
2025-01-20T00:00:00.000,Blocked Driveway,426
2025-01-20T00:00:00.000,Damaged Tree,19
2025-01-20T00:00:00.000,Dead/Dying Tree,2
2025-01-20T00:00:00.000,Dirty Condition,73
2025-01-20T00:00:00.000,HEAT/HOT WATER,2775
2025-01-20T00:00:00.000,Illegal Fireworks,10
2025-01-20T00:00:00.000,Illegal Parking,923
2025-01-20T00:00:00.000,Noise - Residential,881
2025-01-20T00:00:00.000,Noise - Street/Sidewalk,58
2025-01-20T00:00:00.000,Rodent,58
2025-01-20T00:00:00.000,Snow or Ice,976
2025-01-20T00:00:00.000,Street Condition,148
2025-01-21T00:00:00.000,Blocked Driveway,423
2025-01-21T00:00:00.000,Damaged Tree,20
2025-01-21T00:00:00.000,Dead/Dying Tree,4
2025-01-21T00:00:00.000,Dirty Condition,102
2025-01-21T00:00:00.000,HEAT/HOT WATER,4810
2025-01-21T00:00:00.000,Illegal Fireworks,2
2025-01-21T00:00:00.000,Illegal Parking,1216
2025-01-21T00:00:00.000,Noise - Residential,671
2025-01-21T00:00:00.000,Noise - Street/Sidewalk,55
2025-01-21T00:00:00.000,Rodent,68
2025-01-21T00:00:00.000,Snow or Ice,1386
2025-01-21T00:00:00.000,Street Condition,182
2025-01-22T00:00:00.000,Blocked Driveway,450
2025-01-22T00:00:00.000,Damaged Tree,23
2025-01-22T00:00:00.000,Dead/Dying Tree,10
2025-01-22T00:00:00.000,Dirty Condition,84
2025-01-22T00:00:00.000,HEAT/HOT WATER,4905
2025-01-22T00:00:00.000,Illegal Fireworks,3
2025-01-22T00:00:00.000,Illegal Parking,1206
2025-01-22T00:00:00.000,Noise - Residential,688
2025-01-22T00:00:00.000,Noise - Street/Sidewalk,55
2025-01-22T00:00:00.000,Rodent,69
2025-01-22T00:00:00.000,Snow or Ice,904
2025-01-22T00:00:00.000,Street Condition,227
2025-01-23T00:00:00.000,Blocked Driveway,429
2025-01-23T00:00:00.000,Damaged Tree,25
2025-01-23T00:00:00.000,Dead/Dying Tree,11
2025-01-23T00:00:00.000,Dirty Condition,84
2025-01-23T00:00:00.000,HEAT/HOT WATER,3237
2025-01-23T00:00:00.000,Illegal Fireworks,2
2025-01-23T00:00:00.000,Illegal Parking,1294
2025-01-23T00:00:00.000,Noise - Residential,666
2025-01-23T00:00:00.000,Noise - Street/Sidewalk,66
2025-01-23T00:00:00.000,Rodent,82
2025-01-23T00:00:00.000,Snow or Ice,539
2025-01-23T00:00:00.000,Street Condition,206
2025-01-24T00:00:00.000,Blocked Driveway,493
2025-01-24T00:00:00.000,Damaged Tree,16
2025-01-24T00:00:00.000,Dead/Dying Tree,4
2025-01-24T00:00:00.000,Dirty Condition,128
2025-01-24T00:00:00.000,HEAT/HOT WATER,2144
2025-01-24T00:00:00.000,Illegal Fireworks,2
2025-01-24T00:00:00.000,Illegal Parking,1359
2025-01-24T00:00:00.000,Noise - Residential,3144
2025-01-24T00:00:00.000,Noise - Street/Sidewalk,92
2025-01-24T00:00:00.000,Rodent,66
2025-01-24T00:00:00.000,Snow or Ice,310
2025-01-24T00:00:00.000,Street Condition,111
2025-01-25T00:00:00.000,Blocked Driveway,477
2025-01-25T00:00:00.000,Damaged Tree,12
2025-01-25T00:00:00.000,Dead/Dying Tree,5
2025-01-25T00:00:00.000,Dirty Condition,76
2025-01-25T00:00:00.000,HEAT/HOT WATER,2058
2025-01-25T00:00:00.000,Illegal Fireworks,2
2025-01-25T00:00:00.000,Illegal Parking,1330
2025-01-25T00:00:00.000,Noise - Residential,1162
2025-01-25T00:00:00.000,Noise - Street/Sidewalk,138
2025-01-25T00:00:00.000,Rodent,49
2025-01-25T00:00:00.000,Snow or Ice,116
2025-01-25T00:00:00.000,Street Condition,74
2025-01-26T00:00:00.000,Blocked Driveway,488
2025-01-26T00:00:00.000,Damaged Tree,10
2025-01-26T00:00:00.000,Dead/Dying Tree,3
2025-01-26T00:00:00.000,Dirty Condition,100
2025-01-26T00:00:00.000,HEAT/HOT WATER,1370
2025-01-26T00:00:00.000,Illegal Fireworks,1
2025-01-26T00:00:00.000,Illegal Parking,1398
2025-01-26T00:00:00.000,Noise - Residential,1155
2025-01-26T00:00:00.000,Noise - Street/Sidewalk,148
2025-01-26T00:00:00.000,Rodent,66
2025-01-26T00:00:00.000,Snow or Ice,48
2025-01-26T00:00:00.000,Street Condition,131
2025-01-27T00:00:00.000,Blocked Driveway,476
2025-01-27T00:00:00.000,Damaged Tree,21
2025-01-27T00:00:00.000,Dead/Dying Tree,11
2025-01-27T00:00:00.000,Dirty Condition,126
2025-01-27T00:00:00.000,HEAT/HOT WATER,1484
2025-01-27T00:00:00.000,Illegal Fireworks,4
2025-01-27T00:00:00.000,Illegal Parking,1452
2025-01-27T00:00:00.000,Noise - Residential,734
2025-01-27T00:00:00.000,Noise - Street/Sidewalk,128
2025-01-27T00:00:00.000,Rodent,103
2025-01-27T00:00:00.000,Snow or Ice,37
2025-01-27T00:00:00.000,Street Condition,206
2025-01-28T00:00:00.000,Blocked Driveway,488
2025-01-28T00:00:00.000,Damaged Tree,29
2025-01-28T00:00:00.000,Dead/Dying Tree,20
2025-01-28T00:00:00.000,Dirty Condition,152
2025-01-28T00:00:00.000,HEAT/HOT WATER,1375
2025-01-28T00:00:00.000,Illegal Fireworks,102
2025-01-28T00:00:00.000,Illegal Parking,1422
2025-01-28T00:00:00.000,Noise - Residential,709
2025-01-28T00:00:00.000,Noise - Street/Sidewalk,134
2025-01-28T00:00:00.000,Rodent,99
2025-01-28T00:00:00.000,Snow or Ice,16
2025-01-28T00:00:00.000,Street Condition,224
2025-01-29T00:00:00.000,Blocked Driveway,446
2025-01-29T00:00:00.000,Damaged Tree,66
2025-01-29T00:00:00.000,Dead/Dying Tree,17
2025-01-29T00:00:00.000,Dirty Condition,152
2025-01-29T00:00:00.000,HEAT/HOT WATER,1188
2025-01-29T00:00:00.000,Illegal Fireworks,54
2025-01-29T00:00:00.000,Illegal Parking,1356
2025-01-29T00:00:00.000,Noise - Residential,679
2025-01-29T00:00:00.000,Noise - Street/Sidewalk,134
2025-01-29T00:00:00.000,Rodent,62
2025-01-29T00:00:00.000,Snow or Ice,12
2025-01-29T00:00:00.000,Street Condition,188
2025-01-30T00:00:00.000,Blocked Driveway,455
2025-01-30T00:00:00.000,Damaged Tree,47
2025-01-30T00:00:00.000,Dead/Dying Tree,24
2025-01-30T00:00:00.000,Dirty Condition,152
2025-01-30T00:00:00.000,HEAT/HOT WATER,1439
2025-01-30T00:00:00.000,Illegal Fireworks,6
2025-01-30T00:00:00.000,Illegal Parking,1479
2025-01-30T00:00:00.000,Noise - Residential,652
2025-01-30T00:00:00.000,Noise - Street/Sidewalk,79
2025-01-30T00:00:00.000,Rodent,86
2025-01-30T00:00:00.000,Snow or Ice,14
2025-01-30T00:00:00.000,Street Condition,252
2025-01-31T00:00:00.000,Blocked Driveway,512
2025-01-31T00:00:00.000,Damaged Tree,37
2025-01-31T00:00:00.000,Dead/Dying Tree,5
2025-01-31T00:00:00.000,Dirty Condition,166
2025-01-31T00:00:00.000,HEAT/HOT WATER,1008
2025-01-31T00:00:00.000,Illegal Fireworks,3
2025-01-31T00:00:00.000,Illegal Parking,1533
2025-01-31T00:00:00.000,Noise - Residential,779
2025-01-31T00:00:00.000,Noise - Street/Sidewalk,125
2025-01-31T00:00:00.000,Rodent,80
2025-01-31T00:00:00.000,Snow or Ice,1
2025-01-31T00:00:00.000,Street Condition,119
2025-02-01T00:00:00.000,Blocked Driveway,446
2025-02-01T00:00:00.000,Damaged Tree,24
2025-02-01T00:00:00.000,Dead/Dying Tree,3
2025-02-01T00:00:00.000,Dirty Condition,120
2025-02-01T00:00:00.000,HEAT/HOT WATER,1347
2025-02-01T00:00:00.000,Illegal Fireworks,10
2025-02-01T00:00:00.000,Illegal Parking,1379
2025-02-01T00:00:00.000,Noise - Residential,1135
2025-02-01T00:00:00.000,Noise - Street/Sidewalk,190
2025-02-01T00:00:00.000,Rodent,52
2025-02-01T00:00:00.000,Snow or Ice,1
2025-02-01T00:00:00.000,Street Condition,125
2025-02-02T00:00:00.000,Blocked Driveway,447
2025-02-02T00:00:00.000,Damaged Tree,11
2025-02-02T00:00:00.000,Dead/Dying Tree,5
2025-02-02T00:00:00.000,Dirty Condition,108
2025-02-02T00:00:00.000,HEAT/HOT WATER,2044
2025-02-02T00:00:00.000,Illegal Fireworks,24
2025-02-02T00:00:00.000,Illegal Parking,1339
2025-02-02T00:00:00.000,Noise - Residential,1142
2025-02-02T00:00:00.000,Noise - Street/Sidewalk,152
2025-02-02T00:00:00.000,Rodent,50
2025-02-02T00:00:00.000,Snow or Ice,23
2025-02-02T00:00:00.000,Street Condition,118
2025-02-03T00:00:00.000,Blocked Driveway,435
2025-02-03T00:00:00.000,Damaged Tree,27
2025-02-03T00:00:00.000,Dead/Dying Tree,11
2025-02-03T00:00:00.000,Dirty Condition,193
2025-02-03T00:00:00.000,HEAT/HOT WATER,1328
2025-02-03T00:00:00.000,Illegal Fireworks,2
2025-02-03T00:00:00.000,Illegal Parking,1461
2025-02-03T00:00:00.000,Noise - Residential,667
2025-02-03T00:00:00.000,Noise - Street/Sidewalk,142
2025-02-03T00:00:00.000,Rodent,93
2025-02-03T00:00:00.000,Snow or Ice,35
2025-02-03T00:00:00.000,Street Condition,257
2025-02-04T00:00:00.000,Blocked Driveway,434
2025-02-04T00:00:00.000,Damaged Tree,68
2025-02-04T00:00:00.000,Dead/Dying Tree,14
2025-02-04T00:00:00.000,Dirty Condition,191
2025-02-04T00:00:00.000,HEAT/HOT WATER,1344
2025-02-04T00:00:00.000,Illegal Fireworks,3
2025-02-04T00:00:00.000,Illegal Parking,1527
2025-02-04T00:00:00.000,Noise - Residential,1634
2025-02-04T00:00:00.000,Noise - Street/Sidewalk,102
2025-02-04T00:00:00.000,Rodent,61
2025-02-04T00:00:00.000,Snow or Ice,2
2025-02-04T00:00:00.000,Street Condition,261
2025-02-05T00:00:00.000,Blocked Driveway,420
2025-02-05T00:00:00.000,Damaged Tree,30
2025-02-05T00:00:00.000,Dead/Dying Tree,12
2025-02-05T00:00:00.000,Dirty Condition,143
2025-02-05T00:00:00.000,HEAT/HOT WATER,1644
2025-02-05T00:00:00.000,Illegal Fireworks,1
2025-02-05T00:00:00.000,Illegal Parking,1567
2025-02-05T00:00:00.000,Noise - Residential,760
2025-02-05T00:00:00.000,Noise - Street/Sidewalk,153
2025-02-05T00:00:00.000,Rodent,95
2025-02-05T00:00:00.000,Snow or Ice,5
2025-02-05T00:00:00.000,Street Condition,192
2025-02-06T00:00:00.000,Blocked Driveway,461
2025-02-06T00:00:00.000,Damaged Tree,13
2025-02-06T00:00:00.000,Dead/Dying Tree,13
2025-02-06T00:00:00.000,Dirty Condition,86
2025-02-06T00:00:00.000,HEAT/HOT WATER,1524
2025-02-06T00:00:00.000,Illegal Fireworks,2
2025-02-06T00:00:00.000,Illegal Parking,1290
2025-02-06T00:00:00.000,Noise - Residential,653
2025-02-06T00:00:00.000,Noise - Street/Sidewalk,107
2025-02-06T00:00:00.000,Rodent,78
2025-02-06T00:00:00.000,Snow or Ice,12
2025-02-06T00:00:00.000,Street Condition,198
2025-02-07T00:00:00.000,Blocked Driveway,505
2025-02-07T00:00:00.000,Damaged Tree,40
2025-02-07T00:00:00.000,Dead/Dying Tree,15
2025-02-07T00:00:00.000,Dirty Condition,148
2025-02-07T00:00:00.000,HEAT/HOT WATER,1131
2025-02-07T00:00:00.000,Illegal Parking,1526
2025-02-07T00:00:00.000,Noise - Residential,750
2025-02-07T00:00:00.000,Noise - Street/Sidewalk,178
2025-02-07T00:00:00.000,Rodent,78
2025-02-07T00:00:00.000,Snow or Ice,1
2025-02-07T00:00:00.000,Street Condition,156
2025-02-08T00:00:00.000,Blocked Driveway,463
2025-02-08T00:00:00.000,Damaged Tree,18
2025-02-08T00:00:00.000,Dead/Dying Tree,6
2025-02-08T00:00:00.000,Dirty Condition,139
2025-02-08T00:00:00.000,HEAT/HOT WATER,1552
2025-02-08T00:00:00.000,Illegal Parking,1351
2025-02-08T00:00:00.000,Noise - Residential,1052
2025-02-08T00:00:00.000,Noise - Street/Sidewalk,175
2025-02-08T00:00:00.000,Rodent,56
2025-02-08T00:00:00.000,Snow or Ice,47
2025-02-08T00:00:00.000,Street Condition,120
2025-02-09T00:00:00.000,Blocked Driveway,587
2025-02-09T00:00:00.000,Damaged Tree,24
2025-02-09T00:00:00.000,Dead/Dying Tree,11
2025-02-09T00:00:00.000,Dirty Condition,47
2025-02-09T00:00:00.000,HEAT/HOT WATER,1281
2025-02-09T00:00:00.000,Illegal Fireworks,6
2025-02-09T00:00:00.000,Illegal Parking,1299
2025-02-09T00:00:00.000,Noise - Residential,1027
2025-02-09T00:00:00.000,Noise - Street/Sidewalk,125
2025-02-09T00:00:00.000,Rodent,44
2025-02-09T00:00:00.000,Snow or Ice,974
2025-02-09T00:00:00.000,Street Condition,138
2025-02-10T00:00:00.000,Blocked Driveway,532
2025-02-10T00:00:00.000,Damaged Tree,20
2025-02-10T00:00:00.000,Dead/Dying Tree,6
2025-02-10T00:00:00.000,Dirty Condition,99
2025-02-10T00:00:00.000,HEAT/HOT WATER,1404
2025-02-10T00:00:00.000,Illegal Fireworks,2
2025-02-10T00:00:00.000,Illegal Parking,1483
2025-02-10T00:00:00.000,Noise - Residential,687
2025-02-10T00:00:00.000,Noise - Street/Sidewalk,105
2025-02-10T00:00:00.000,Rodent,76
2025-02-10T00:00:00.000,Snow or Ice,1080
2025-02-10T00:00:00.000,Street Condition,192
2025-02-11T00:00:00.000,Blocked Driveway,486
2025-02-11T00:00:00.000,Damaged Tree,26
2025-02-11T00:00:00.000,Dead/Dying Tree,9
2025-02-11T00:00:00.000,Dirty Condition,101
2025-02-11T00:00:00.000,HEAT/HOT WATER,1576
2025-02-11T00:00:00.000,Illegal Fireworks,2
2025-02-11T00:00:00.000,Illegal Parking,1523
2025-02-11T00:00:00.000,Noise - Residential,654
2025-02-11T00:00:00.000,Noise - Street/Sidewalk,78
2025-02-11T00:00:00.000,Rodent,81
2025-02-11T00:00:00.000,Snow or Ice,292
2025-02-11T00:00:00.000,Street Condition,159
2025-02-12T00:00:00.000,Blocked Driveway,483
2025-02-12T00:00:00.000,Damaged Tree,24
2025-02-12T00:00:00.000,Dead/Dying Tree,5
2025-02-12T00:00:00.000,Dirty Condition,63
2025-02-12T00:00:00.000,HEAT/HOT WATER,1570
2025-02-12T00:00:00.000,Illegal Fireworks,2
2025-02-12T00:00:00.000,Illegal Parking,1621
2025-02-12T00:00:00.000,Noise - Residential,696
2025-02-12T00:00:00.000,Noise - Street/Sidewalk,90
2025-02-12T00:00:00.000,Rodent,68
2025-02-12T00:00:00.000,Snow or Ice,131
2025-02-12T00:00:00.000,Street Condition,210
2025-02-13T00:00:00.000,Blocked Driveway,434
2025-02-13T00:00:00.000,Damaged Tree,44
2025-02-13T00:00:00.000,Dead/Dying Tree,12
2025-02-13T00:00:00.000,Dirty Condition,123
2025-02-13T00:00:00.000,HEAT/HOT WATER,1265
2025-02-13T00:00:00.000,Illegal Parking,1797
2025-02-13T00:00:00.000,Noise - Residential,760
2025-02-13T00:00:00.000,Noise - Street/Sidewalk,102
2025-02-13T00:00:00.000,Rodent,84
2025-02-13T00:00:00.000,Snow or Ice,36
2025-02-13T00:00:00.000,Street Condition,229
2025-02-14T00:00:00.000,Blocked Driveway,448
2025-02-14T00:00:00.000,Damaged Tree,28
2025-02-14T00:00:00.000,Dead/Dying Tree,10
2025-02-14T00:00:00.000,Dirty Condition,126
2025-02-14T00:00:00.000,HEAT/HOT WATER,1282
2025-02-14T00:00:00.000,Illegal Parking,1628
2025-02-14T00:00:00.000,Noise - Residential,791
2025-02-14T00:00:00.000,Noise - Street/Sidewalk,164
2025-02-14T00:00:00.000,Rodent,60
2025-02-14T00:00:00.000,Snow or Ice,15
2025-02-14T00:00:00.000,Street Condition,180
2025-02-15T00:00:00.000,Blocked Driveway,458
2025-02-15T00:00:00.000,Damaged Tree,15
2025-02-15T00:00:00.000,Dead/Dying Tree,2
2025-02-15T00:00:00.000,Dirty Condition,81
2025-02-15T00:00:00.000,HEAT/HOT WATER,1382
2025-02-15T00:00:00.000,Illegal Fireworks,3
2025-02-15T00:00:00.000,Illegal Parking,1555
2025-02-15T00:00:00.000,Noise - Residential,1031
2025-02-15T00:00:00.000,Noise - Street/Sidewalk,147
2025-02-15T00:00:00.000,Rodent,50
2025-02-15T00:00:00.000,Snow or Ice,2
2025-02-15T00:00:00.000,Street Condition,96
2025-02-16T00:00:00.000,Blocked Driveway,373
2025-02-16T00:00:00.000,Damaged Tree,93
2025-02-16T00:00:00.000,Dead/Dying Tree,13
2025-02-16T00:00:00.000,Dirty Condition,64
2025-02-16T00:00:00.000,HEAT/HOT WATER,1191
2025-02-16T00:00:00.000,Illegal Parking,1399
2025-02-16T00:00:00.000,Noise - Residential,942
2025-02-16T00:00:00.000,Noise - Street/Sidewalk,122
2025-02-16T00:00:00.000,Rodent,42
2025-02-16T00:00:00.000,Snow or Ice,1
2025-02-16T00:00:00.000,Street Condition,116
2025-02-17T00:00:00.000,Blocked Driveway,392
2025-02-17T00:00:00.000,Damaged Tree,306
2025-02-17T00:00:00.000,Dead/Dying Tree,36
2025-02-17T00:00:00.000,Dirty Condition,152
2025-02-17T00:00:00.000,HEAT/HOT WATER,1941
2025-02-17T00:00:00.000,Illegal Fireworks,1
2025-02-17T00:00:00.000,Illegal Parking,1274
2025-02-17T00:00:00.000,Noise - Residential,748
2025-02-17T00:00:00.000,Noise - Street/Sidewalk,105
2025-02-17T00:00:00.000,Rodent,90
2025-02-17T00:00:00.000,Snow or Ice,33
2025-02-17T00:00:00.000,Street Condition,186
2025-02-18T00:00:00.000,Blocked Driveway,355
2025-02-18T00:00:00.000,Damaged Tree,108
2025-02-18T00:00:00.000,Dead/Dying Tree,24
2025-02-18T00:00:00.000,Dirty Condition,137
2025-02-18T00:00:00.000,HEAT/HOT WATER,2526
2025-02-18T00:00:00.000,Illegal Fireworks,2
2025-02-18T00:00:00.000,Illegal Parking,1357
2025-02-18T00:00:00.000,Noise - Residential,1303
2025-02-18T00:00:00.000,Noise - Street/Sidewalk,53
2025-02-18T00:00:00.000,Rodent,80
2025-02-18T00:00:00.000,Snow or Ice,35
2025-02-18T00:00:00.000,Street Condition,270
2025-02-19T00:00:00.000,Blocked Driveway,367
2025-02-19T00:00:00.000,Damaged Tree,60
2025-02-19T00:00:00.000,Dead/Dying Tree,18
2025-02-19T00:00:00.000,Dirty Condition,170
2025-02-19T00:00:00.000,HEAT/HOT WATER,2383
2025-02-19T00:00:00.000,Illegal Parking,1387
2025-02-19T00:00:00.000,Noise - Residential,2044
2025-02-19T00:00:00.000,Noise - Street/Sidewalk,67
2025-02-19T00:00:00.000,Rodent,84
2025-02-19T00:00:00.000,Snow or Ice,39
2025-02-19T00:00:00.000,Street Condition,271
2025-02-20T00:00:00.000,Blocked Driveway,387
2025-02-20T00:00:00.000,Damaged Tree,45
2025-02-20T00:00:00.000,Dead/Dying Tree,16
2025-02-20T00:00:00.000,Dirty Condition,148
2025-02-20T00:00:00.000,HEAT/HOT WATER,2119
2025-02-20T00:00:00.000,Illegal Parking,1370
2025-02-20T00:00:00.000,Noise - Residential,705
2025-02-20T00:00:00.000,Noise - Street/Sidewalk,72
2025-02-20T00:00:00.000,Rodent,82
2025-02-20T00:00:00.000,Snow or Ice,27
2025-02-20T00:00:00.000,Street Condition,290
2025-02-21T00:00:00.000,Blocked Driveway,411
2025-02-21T00:00:00.000,Damaged Tree,30
2025-02-21T00:00:00.000,Dead/Dying Tree,8
2025-02-21T00:00:00.000,Dirty Condition,127
2025-02-21T00:00:00.000,HEAT/HOT WATER,1949
2025-02-21T00:00:00.000,Illegal Fireworks,2
2025-02-21T00:00:00.000,Illegal Parking,1289
2025-02-21T00:00:00.000,Noise - Residential,846
2025-02-21T00:00:00.000,Noise - Street/Sidewalk,87
2025-02-21T00:00:00.000,Rodent,76
2025-02-21T00:00:00.000,Snow or Ice,12
2025-02-21T00:00:00.000,Street Condition,178
2025-02-22T00:00:00.000,Blocked Driveway,444
2025-02-22T00:00:00.000,Damaged Tree,22
2025-02-22T00:00:00.000,Dead/Dying Tree,5
2025-02-22T00:00:00.000,Dirty Condition,93
2025-02-22T00:00:00.000,HEAT/HOT WATER,1428
2025-02-22T00:00:00.000,Illegal Fireworks,2
2025-02-22T00:00:00.000,Illegal Parking,1567
2025-02-22T00:00:00.000,Noise - Residential,1525
2025-02-22T00:00:00.000,Noise - Street/Sidewalk,195
2025-02-22T00:00:00.000,Rodent,52
2025-02-22T00:00:00.000,Snow or Ice,11
2025-02-22T00:00:00.000,Street Condition,115
2025-02-23T00:00:00.000,Blocked Driveway,456
2025-02-23T00:00:00.000,Damaged Tree,16
2025-02-23T00:00:00.000,Dead/Dying Tree,1
2025-02-23T00:00:00.000,Dirty Condition,160
2025-02-23T00:00:00.000,HEAT/HOT WATER,1109
2025-02-23T00:00:00.000,Illegal Fireworks,2
2025-02-23T00:00:00.000,Illegal Parking,1668
2025-02-23T00:00:00.000,Noise - Residential,1920
2025-02-23T00:00:00.000,Noise - Street/Sidewalk,253
2025-02-23T00:00:00.000,Rodent,64
2025-02-23T00:00:00.000,Snow or Ice,2
2025-02-23T00:00:00.000,Street Condition,153
2025-02-24T00:00:00.000,Blocked Driveway,479
2025-02-24T00:00:00.000,Damaged Tree,40
2025-02-24T00:00:00.000,Dead/Dying Tree,10
2025-02-24T00:00:00.000,Dirty Condition,231
2025-02-24T00:00:00.000,HEAT/HOT WATER,1154
2025-02-24T00:00:00.000,Illegal Parking,1680
2025-02-24T00:00:00.000,Noise - Residential,794
2025-02-24T00:00:00.000,Noise - Street/Sidewalk,165
2025-02-24T00:00:00.000,Rodent,107
2025-02-24T00:00:00.000,Snow or Ice,1
2025-02-24T00:00:00.000,Street Condition,327
2025-02-25T00:00:00.000,Blocked Driveway,462
2025-02-25T00:00:00.000,Damaged Tree,42
2025-02-25T00:00:00.000,Dead/Dying Tree,10
2025-02-25T00:00:00.000,Dirty Condition,214
2025-02-25T00:00:00.000,HEAT/HOT WATER,877
2025-02-25T00:00:00.000,Illegal Fireworks,1
2025-02-25T00:00:00.000,Illegal Parking,1876
2025-02-25T00:00:00.000,Noise - Residential,671
2025-02-25T00:00:00.000,Noise - Street/Sidewalk,184
2025-02-25T00:00:00.000,Rodent,88
2025-02-25T00:00:00.000,Street Condition,363
2025-02-26T00:00:00.000,Blocked Driveway,437
2025-02-26T00:00:00.000,Damaged Tree,36
2025-02-26T00:00:00.000,Dead/Dying Tree,16
2025-02-26T00:00:00.000,Dirty Condition,185
2025-02-26T00:00:00.000,HEAT/HOT WATER,777
2025-02-26T00:00:00.000,Illegal Fireworks,1
2025-02-26T00:00:00.000,Illegal Parking,1665
2025-02-26T00:00:00.000,Noise - Residential,622
2025-02-26T00:00:00.000,Noise - Street/Sidewalk,207
2025-02-26T00:00:00.000,Rodent,99
2025-02-26T00:00:00.000,Street Condition,303
2025-02-27T00:00:00.000,Blocked Driveway,459
2025-02-27T00:00:00.000,Damaged Tree,32
2025-02-27T00:00:00.000,Dead/Dying Tree,20
2025-02-27T00:00:00.000,Dirty Condition,187
2025-02-27T00:00:00.000,HEAT/HOT WATER,792
2025-02-27T00:00:00.000,Illegal Parking,1657
2025-02-27T00:00:00.000,Noise - Residential,613
2025-02-27T00:00:00.000,Noise - Street/Sidewalk,182
2025-02-27T00:00:00.000,Rodent,111
2025-02-27T00:00:00.000,Street Condition,250
2025-02-28T00:00:00.000,Blocked Driveway,455
2025-02-28T00:00:00.000,Damaged Tree,43
2025-02-28T00:00:00.000,Dead/Dying Tree,11
2025-02-28T00:00:00.000,Dirty Condition,146
2025-02-28T00:00:00.000,HEAT/HOT WATER,779
2025-02-28T00:00:00.000,Illegal Fireworks,4
2025-02-28T00:00:00.000,Illegal Parking,1732
2025-02-28T00:00:00.000,Noise - Residential,773
2025-02-28T00:00:00.000,Noise - Street/Sidewalk,179
2025-02-28T00:00:00.000,Rodent,76
2025-02-28T00:00:00.000,Street Condition,170
2025-03-01T00:00:00.000,Blocked Driveway,501
2025-03-01T00:00:00.000,Damaged Tree,47
2025-03-01T00:00:00.000,Dead/Dying Tree,9
2025-03-01T00:00:00.000,Dirty Condition,150
2025-03-01T00:00:00.000,HEAT/HOT WATER,861
2025-03-01T00:00:00.000,Illegal Fireworks,2
2025-03-01T00:00:00.000,Illegal Parking,1759
2025-03-01T00:00:00.000,Noise - Residential,1024
2025-03-01T00:00:00.000,Noise - Street/Sidewalk,301
2025-03-01T00:00:00.000,Rodent,77
2025-03-01T00:00:00.000,Street Condition,130
2025-03-02T00:00:00.000,Blocked Driveway,496
2025-03-02T00:00:00.000,Damaged Tree,23
2025-03-02T00:00:00.000,Dead/Dying Tree,2
2025-03-02T00:00:00.000,Dirty Condition,141
2025-03-02T00:00:00.000,HEAT/HOT WATER,1830
2025-03-02T00:00:00.000,Illegal Fireworks,1
2025-03-02T00:00:00.000,Illegal Parking,1668
2025-03-02T00:00:00.000,Noise - Residential,1070
2025-03-02T00:00:00.000,Noise - Street/Sidewalk,128
2025-03-02T00:00:00.000,Rodent,53
2025-03-02T00:00:00.000,Snow or Ice,5
2025-03-02T00:00:00.000,Street Condition,173
2025-03-03T00:00:00.000,Blocked Driveway,500
2025-03-03T00:00:00.000,Damaged Tree,30
2025-03-03T00:00:00.000,Dead/Dying Tree,10
2025-03-03T00:00:00.000,Dirty Condition,163
2025-03-03T00:00:00.000,HEAT/HOT WATER,1594
2025-03-03T00:00:00.000,Illegal Parking,1677
2025-03-03T00:00:00.000,Noise - Residential,665
2025-03-03T00:00:00.000,Noise - Street/Sidewalk,116
2025-03-03T00:00:00.000,Rodent,86
2025-03-03T00:00:00.000,Snow or Ice,3
2025-03-03T00:00:00.000,Street Condition,320
2025-03-04T00:00:00.000,Blocked Driveway,463
2025-03-04T00:00:00.000,Damaged Tree,39
2025-03-04T00:00:00.000,Dead/Dying Tree,13
2025-03-04T00:00:00.000,Dirty Condition,177
2025-03-04T00:00:00.000,HEAT/HOT WATER,915
2025-03-04T00:00:00.000,Illegal Parking,1774
2025-03-04T00:00:00.000,Noise - Residential,643
2025-03-04T00:00:00.000,Noise - Street/Sidewalk,123
2025-03-04T00:00:00.000,Rodent,102
2025-03-04T00:00:00.000,Snow or Ice,2
2025-03-04T00:00:00.000,Street Condition,319
2025-03-05T00:00:00.000,Blocked Driveway,403
2025-03-05T00:00:00.000,Damaged Tree,70
2025-03-05T00:00:00.000,Dead/Dying Tree,31
2025-03-05T00:00:00.000,Dirty Condition,179
2025-03-05T00:00:00.000,HEAT/HOT WATER,923
2025-03-05T00:00:00.000,Illegal Parking,1506
2025-03-05T00:00:00.000,Noise - Residential,577
2025-03-05T00:00:00.000,Noise - Street/Sidewalk,79
2025-03-05T00:00:00.000,Rodent,76
2025-03-05T00:00:00.000,Street Condition,291
2025-03-06T00:00:00.000,Blocked Driveway,430
2025-03-06T00:00:00.000,Damaged Tree,93
2025-03-06T00:00:00.000,Dead/Dying Tree,43
2025-03-06T00:00:00.000,Dirty Condition,170
2025-03-06T00:00:00.000,HEAT/HOT WATER,936
2025-03-06T00:00:00.000,Illegal Parking,1729
2025-03-06T00:00:00.000,Noise - Residential,592
2025-03-06T00:00:00.000,Noise - Street/Sidewalk,110
2025-03-06T00:00:00.000,Rodent,101
2025-03-06T00:00:00.000,Street Condition,329
2025-03-07T00:00:00.000,Blocked Driveway,493
2025-03-07T00:00:00.000,Damaged Tree,198
2025-03-07T00:00:00.000,Dead/Dying Tree,34
2025-03-07T00:00:00.000,Dirty Condition,143
2025-03-07T00:00:00.000,HEAT/HOT WATER,967
2025-03-07T00:00:00.000,Illegal Fireworks,1
2025-03-07T00:00:00.000,Illegal Parking,1710
2025-03-07T00:00:00.000,Noise - Residential,920
2025-03-07T00:00:00.000,Noise - Street/Sidewalk,186
2025-03-07T00:00:00.000,Rodent,73
2025-03-07T00:00:00.000,Street Condition,224
2025-03-08T00:00:00.000,Blocked Driveway,442
2025-03-08T00:00:00.000,Damaged Tree,44
2025-03-08T00:00:00.000,Dead/Dying Tree,11
2025-03-08T00:00:00.000,Dirty Condition,142
2025-03-08T00:00:00.000,HEAT/HOT WATER,824
2025-03-08T00:00:00.000,Illegal Fireworks,3
2025-03-08T00:00:00.000,Illegal Parking,1562
2025-03-08T00:00:00.000,Noise - Residential,2642
2025-03-08T00:00:00.000,Noise - Street/Sidewalk,231
2025-03-08T00:00:00.000,Rodent,80
2025-03-08T00:00:00.000,Street Condition,146
2025-03-09T00:00:00.000,Blocked Driveway,442
2025-03-09T00:00:00.000,Damaged Tree,25
2025-03-09T00:00:00.000,Dead/Dying Tree,10
2025-03-09T00:00:00.000,Dirty Condition,122
2025-03-09T00:00:00.000,HEAT/HOT WATER,801
2025-03-09T00:00:00.000,Illegal Fireworks,3
2025-03-09T00:00:00.000,Illegal Parking,1648
2025-03-09T00:00:00.000,Noise - Residential,1024
2025-03-09T00:00:00.000,Noise - Street/Sidewalk,230
2025-03-09T00:00:00.000,Rodent,90
2025-03-09T00:00:00.000,Snow or Ice,2
2025-03-09T00:00:00.000,Street Condition,150
2025-03-10T00:00:00.000,Blocked Driveway,434
2025-03-10T00:00:00.000,Damaged Tree,54
2025-03-10T00:00:00.000,Dead/Dying Tree,20
2025-03-10T00:00:00.000,Dirty Condition,180
2025-03-10T00:00:00.000,HEAT/HOT WATER,589
2025-03-10T00:00:00.000,Illegal Fireworks,2
2025-03-10T00:00:00.000,Illegal Parking,1806
2025-03-10T00:00:00.000,Noise - Residential,703
2025-03-10T00:00:00.000,Noise - Street/Sidewalk,361
2025-03-10T00:00:00.000,Rodent,119
2025-03-10T00:00:00.000,Street Condition,284
2025-03-11T00:00:00.000,Blocked Driveway,448
2025-03-11T00:00:00.000,Damaged Tree,50
2025-03-11T00:00:00.000,Dead/Dying Tree,23
2025-03-11T00:00:00.000,Dirty Condition,183
2025-03-11T00:00:00.000,HEAT/HOT WATER,653
2025-03-11T00:00:00.000,Illegal Fireworks,5
2025-03-11T00:00:00.000,Illegal Parking,1851
2025-03-11T00:00:00.000,Noise - Residential,1189
2025-03-11T00:00:00.000,Noise - Street/Sidewalk,345
2025-03-11T00:00:00.000,Rodent,130
2025-03-11T00:00:00.000,Street Condition,308
2025-03-12T00:00:00.000,Blocked Driveway,449
2025-03-12T00:00:00.000,Damaged Tree,43
2025-03-12T00:00:00.000,Dead/Dying Tree,35
2025-03-12T00:00:00.000,Dirty Condition,156
2025-03-12T00:00:00.000,HEAT/HOT WATER,857
2025-03-12T00:00:00.000,Illegal Fireworks,5
2025-03-12T00:00:00.000,Illegal Parking,1781
2025-03-12T00:00:00.000,Noise - Residential,753
2025-03-12T00:00:00.000,Noise - Street/Sidewalk,203
2025-03-12T00:00:00.000,Rodent,95
2025-03-12T00:00:00.000,Street Condition,290
2025-03-13T00:00:00.000,Blocked Driveway,393
2025-03-13T00:00:00.000,Damaged Tree,41
2025-03-13T00:00:00.000,Dead/Dying Tree,16
2025-03-13T00:00:00.000,Dirty Condition,176
2025-03-13T00:00:00.000,HEAT/HOT WATER,946
2025-03-13T00:00:00.000,Illegal Fireworks,16
2025-03-13T00:00:00.000,Illegal Parking,1897
2025-03-13T00:00:00.000,Noise - Residential,768
2025-03-13T00:00:00.000,Noise - Street/Sidewalk,250
2025-03-13T00:00:00.000,Rodent,94
2025-03-13T00:00:00.000,Street Condition,277
2025-03-14T00:00:00.000,Blocked Driveway,435
2025-03-14T00:00:00.000,Damaged Tree,38
2025-03-14T00:00:00.000,Dead/Dying Tree,17
2025-03-14T00:00:00.000,Dirty Condition,147
2025-03-14T00:00:00.000,HEAT/HOT WATER,769
2025-03-14T00:00:00.000,Illegal Fireworks,19
2025-03-14T00:00:00.000,Illegal Parking,1673
2025-03-14T00:00:00.000,Noise - Residential,918
2025-03-14T00:00:00.000,Noise - Street/Sidewalk,319
2025-03-14T00:00:00.000,Rodent,101
2025-03-14T00:00:00.000,Street Condition,196
2025-03-15T00:00:00.000,Blocked Driveway,509
2025-03-15T00:00:00.000,Damaged Tree,28
2025-03-15T00:00:00.000,Dead/Dying Tree,11
2025-03-15T00:00:00.000,Dirty Condition,104
2025-03-15T00:00:00.000,HEAT/HOT WATER,912
2025-03-15T00:00:00.000,Illegal Fireworks,3
2025-03-15T00:00:00.000,Illegal Parking,1672
2025-03-15T00:00:00.000,Noise - Residential,1288
2025-03-15T00:00:00.000,Noise - Street/Sidewalk,333
2025-03-15T00:00:00.000,Rodent,87
2025-03-15T00:00:00.000,Street Condition,118
2025-03-16T00:00:00.000,Blocked Driveway,486
2025-03-16T00:00:00.000,Damaged Tree,31
2025-03-16T00:00:00.000,Dead/Dying Tree,13
2025-03-16T00:00:00.000,Dirty Condition,146
2025-03-16T00:00:00.000,HEAT/HOT WATER,312
2025-03-16T00:00:00.000,Illegal Fireworks,3
2025-03-16T00:00:00.000,Illegal Parking,1725
2025-03-16T00:00:00.000,Noise - Residential,1166
2025-03-16T00:00:00.000,Noise - Street/Sidewalk,345
2025-03-16T00:00:00.000,Rodent,73
2025-03-16T00:00:00.000,Street Condition,119
2025-03-17T00:00:00.000,Blocked Driveway,467
2025-03-17T00:00:00.000,Damaged Tree,67
2025-03-17T00:00:00.000,Dead/Dying Tree,29
2025-03-17T00:00:00.000,Dirty Condition,194
2025-03-17T00:00:00.000,HEAT/HOT WATER,1177
2025-03-17T00:00:00.000,Illegal Fireworks,2
2025-03-17T00:00:00.000,Illegal Parking,1730
2025-03-17T00:00:00.000,Noise - Residential,701
2025-03-17T00:00:00.000,Noise - Street/Sidewalk,157
2025-03-17T00:00:00.000,Rodent,122
2025-03-17T00:00:00.000,Street Condition,280
2025-03-18T00:00:00.000,Blocked Driveway,464
2025-03-18T00:00:00.000,Damaged Tree,54
2025-03-18T00:00:00.000,Dead/Dying Tree,27
2025-03-18T00:00:00.000,Dirty Condition,162
2025-03-18T00:00:00.000,HEAT/HOT WATER,896
2025-03-18T00:00:00.000,Illegal Parking,1725
2025-03-18T00:00:00.000,Noise - Residential,704
2025-03-18T00:00:00.000,Noise - Street/Sidewalk,329
2025-03-18T00:00:00.000,Rodent,122
2025-03-18T00:00:00.000,Street Condition,268
2025-03-19T00:00:00.000,Blocked Driveway,455
2025-03-19T00:00:00.000,Damaged Tree,41
2025-03-19T00:00:00.000,Dead/Dying Tree,22
2025-03-19T00:00:00.000,Dirty Condition,170
2025-03-19T00:00:00.000,HEAT/HOT WATER,647
2025-03-19T00:00:00.000,Illegal Fireworks,2
2025-03-19T00:00:00.000,Illegal Parking,1756
2025-03-19T00:00:00.000,Noise - Residential,749
2025-03-19T00:00:00.000,Noise - Street/Sidewalk,334
2025-03-19T00:00:00.000,Rodent,125
2025-03-19T00:00:00.000,Street Condition,277
2025-03-20T00:00:00.000,Blocked Driveway,434
2025-03-20T00:00:00.000,Damaged Tree,54
2025-03-20T00:00:00.000,Dead/Dying Tree,24
2025-03-20T00:00:00.000,Dirty Condition,160
2025-03-20T00:00:00.000,HEAT/HOT WATER,828
2025-03-20T00:00:00.000,Illegal Parking,1714
2025-03-20T00:00:00.000,Noise - Residential,646
2025-03-20T00:00:00.000,Noise - Street/Sidewalk,161
2025-03-20T00:00:00.000,Rodent,111
2025-03-20T00:00:00.000,Street Condition,254
2025-03-21T00:00:00.000,Blocked Driveway,513
2025-03-21T00:00:00.000,Damaged Tree,88
2025-03-21T00:00:00.000,Dead/Dying Tree,32
2025-03-21T00:00:00.000,Dirty Condition,144
2025-03-21T00:00:00.000,HEAT/HOT WATER,863
2025-03-21T00:00:00.000,Illegal Fireworks,4
2025-03-21T00:00:00.000,Illegal Parking,1829
2025-03-21T00:00:00.000,Noise - Residential,711
2025-03-21T00:00:00.000,Noise - Street/Sidewalk,215
2025-03-21T00:00:00.000,Rodent,106
2025-03-21T00:00:00.000,Street Condition,220
2025-03-22T00:00:00.000,Blocked Driveway,454
2025-03-22T00:00:00.000,Damaged Tree,43
2025-03-22T00:00:00.000,Dead/Dying Tree,11
2025-03-22T00:00:00.000,Dirty Condition,138
2025-03-22T00:00:00.000,HEAT/HOT WATER,585
2025-03-22T00:00:00.000,Illegal Parking,1704
2025-03-22T00:00:00.000,Noise - Residential,1204
2025-03-22T00:00:00.000,Noise - Street/Sidewalk,432
2025-03-22T00:00:00.000,Rodent,70
2025-03-22T00:00:00.000,Street Condition,148
2025-03-23T00:00:00.000,Blocked Driveway,449
2025-03-23T00:00:00.000,Damaged Tree,30
2025-03-23T00:00:00.000,Dead/Dying Tree,11
2025-03-23T00:00:00.000,Dirty Condition,127
2025-03-23T00:00:00.000,HEAT/HOT WATER,1035
2025-03-23T00:00:00.000,Illegal Fireworks,11
2025-03-23T00:00:00.000,Illegal Parking,1834
2025-03-23T00:00:00.000,Noise - Residential,1113
2025-03-23T00:00:00.000,Noise - Street/Sidewalk,363
2025-03-23T00:00:00.000,Rodent,66
2025-03-23T00:00:00.000,Street Condition,123
2025-03-24T00:00:00.000,Blocked Driveway,460
2025-03-24T00:00:00.000,Damaged Tree,46
2025-03-24T00:00:00.000,Dead/Dying Tree,20
2025-03-24T00:00:00.000,Dirty Condition,134
2025-03-24T00:00:00.000,HEAT/HOT WATER,943
2025-03-24T00:00:00.000,Illegal Fireworks,1
2025-03-24T00:00:00.000,Illegal Parking,1662
2025-03-24T00:00:00.000,Noise - Residential,660
2025-03-24T00:00:00.000,Noise - Street/Sidewalk,177
2025-03-24T00:00:00.000,Rodent,92
2025-03-24T00:00:00.000,Street Condition,220
2025-03-25T00:00:00.000,Blocked Driveway,444
2025-03-25T00:00:00.000,Damaged Tree,38
2025-03-25T00:00:00.000,Dead/Dying Tree,21
2025-03-25T00:00:00.000,Dirty Condition,161
2025-03-25T00:00:00.000,HEAT/HOT WATER,594
2025-03-25T00:00:00.000,Illegal Fireworks,1
2025-03-25T00:00:00.000,Illegal Parking,1914
2025-03-25T00:00:00.000,Noise - Residential,697
2025-03-25T00:00:00.000,Noise - Street/Sidewalk,284
2025-03-25T00:00:00.000,Rodent,116
2025-03-25T00:00:00.000,Street Condition,271
2025-03-26T00:00:00.000,Blocked Driveway,392
2025-03-26T00:00:00.000,Damaged Tree,65
2025-03-26T00:00:00.000,Dead/Dying Tree,37
2025-03-26T00:00:00.000,Dirty Condition,156
2025-03-26T00:00:00.000,HEAT/HOT WATER,801
2025-03-26T00:00:00.000,Illegal Fireworks,4
2025-03-26T00:00:00.000,Illegal Parking,1754
2025-03-26T00:00:00.000,Noise - Residential,774
2025-03-26T00:00:00.000,Noise - Street/Sidewalk,257
2025-03-26T00:00:00.000,Rodent,96
2025-03-26T00:00:00.000,Street Condition,281
2025-03-27T00:00:00.000,Blocked Driveway,435
2025-03-27T00:00:00.000,Damaged Tree,46
2025-03-27T00:00:00.000,Dead/Dying Tree,12
2025-03-27T00:00:00.000,Dirty Condition,155
2025-03-27T00:00:00.000,HEAT/HOT WATER,891
2025-03-27T00:00:00.000,Illegal Fireworks,2
2025-03-27T00:00:00.000,Illegal Parking,1713
2025-03-27T00:00:00.000,Noise - Residential,688
2025-03-27T00:00:00.000,Noise - Street/Sidewalk,203
2025-03-27T00:00:00.000,Rodent,90
2025-03-27T00:00:00.000,Street Condition,279
2025-03-28T00:00:00.000,Blocked Driveway,472
2025-03-28T00:00:00.000,Damaged Tree,45
2025-03-28T00:00:00.000,Dead/Dying Tree,20
2025-03-28T00:00:00.000,Dirty Condition,168
2025-03-28T00:00:00.000,HEAT/HOT WATER,564
2025-03-28T00:00:00.000,Illegal Fireworks,4
2025-03-28T00:00:00.000,Illegal Parking,1846
2025-03-28T00:00:00.000,Noise - Residential,888
2025-03-28T00:00:00.000,Noise - Street/Sidewalk,420
2025-03-28T00:00:00.000,Rodent,103
2025-03-28T00:00:00.000,Street Condition,201
2025-03-29T00:00:00.000,Blocked Driveway,429
2025-03-29T00:00:00.000,Damaged Tree,31
2025-03-29T00:00:00.000,Dead/Dying Tree,23
2025-03-29T00:00:00.000,Dirty Condition,115
2025-03-29T00:00:00.000,HEAT/HOT WATER,425
2025-03-29T00:00:00.000,Illegal Fireworks,33
2025-03-29T00:00:00.000,Illegal Parking,1683
2025-03-29T00:00:00.000,Noise - Residential,1342
2025-03-29T00:00:00.000,Noise - Street/Sidewalk,658
2025-03-29T00:00:00.000,Rodent,65
2025-03-29T00:00:00.000,Street Condition,145
2025-03-30T00:00:00.000,Blocked Driveway,482
2025-03-30T00:00:00.000,Damaged Tree,23
2025-03-30T00:00:00.000,Dead/Dying Tree,6
2025-03-30T00:00:00.000,Dirty Condition,152
2025-03-30T00:00:00.000,HEAT/HOT WATER,885
2025-03-30T00:00:00.000,Illegal Fireworks,29
2025-03-30T00:00:00.000,Illegal Parking,1901
2025-03-30T00:00:00.000,Noise - Residential,1341
2025-03-30T00:00:00.000,Noise - Street/Sidewalk,433
2025-03-30T00:00:00.000,Rodent,71
2025-03-30T00:00:00.000,Street Condition,152
2025-03-31T00:00:00.000,Blocked Driveway,476
2025-03-31T00:00:00.000,Damaged Tree,50
2025-03-31T00:00:00.000,Dead/Dying Tree,37
2025-03-31T00:00:00.000,Dirty Condition,197
2025-03-31T00:00:00.000,HEAT/HOT WATER,453
2025-03-31T00:00:00.000,Illegal Fireworks,2
2025-03-31T00:00:00.000,Illegal Parking,1537
2025-03-31T00:00:00.000,Noise - Residential,690
2025-03-31T00:00:00.000,Noise - Street/Sidewalk,237
2025-03-31T00:00:00.000,Rodent,104
2025-03-31T00:00:00.000,Street Condition,242
2025-04-01T00:00:00.000,Blocked Driveway,443
2025-04-01T00:00:00.000,Damaged Tree,44
2025-04-01T00:00:00.000,Dead/Dying Tree,35
2025-04-01T00:00:00.000,Dirty Condition,154
2025-04-01T00:00:00.000,HEAT/HOT WATER,749
2025-04-01T00:00:00.000,Illegal Fireworks,2
2025-04-01T00:00:00.000,Illegal Parking,1501
2025-04-01T00:00:00.000,Noise - Residential,618
2025-04-01T00:00:00.000,Noise - Street/Sidewalk,211
2025-04-01T00:00:00.000,Rodent,104
2025-04-01T00:00:00.000,Street Condition,234
2025-04-02T00:00:00.000,Blocked Driveway,443
2025-04-02T00:00:00.000,Damaged Tree,46
2025-04-02T00:00:00.000,Dead/Dying Tree,23
2025-04-02T00:00:00.000,Dirty Condition,143
2025-04-02T00:00:00.000,HEAT/HOT WATER,1089
2025-04-02T00:00:00.000,Illegal Fireworks,2
2025-04-02T00:00:00.000,Illegal Parking,1692
2025-04-02T00:00:00.000,Noise - Residential,566
2025-04-02T00:00:00.000,Noise - Street/Sidewalk,167
2025-04-02T00:00:00.000,Rodent,90
2025-04-02T00:00:00.000,Street Condition,260
2025-04-03T00:00:00.000,Blocked Driveway,471
2025-04-03T00:00:00.000,Damaged Tree,33
2025-04-03T00:00:00.000,Dead/Dying Tree,20
2025-04-03T00:00:00.000,Dirty Condition,162
2025-04-03T00:00:00.000,HEAT/HOT WATER,506
2025-04-03T00:00:00.000,Illegal Fireworks,3
2025-04-03T00:00:00.000,Illegal Parking,1618
2025-04-03T00:00:00.000,Noise - Residential,712
2025-04-03T00:00:00.000,Noise - Street/Sidewalk,370
2025-04-03T00:00:00.000,Rodent,94
2025-04-03T00:00:00.000,Street Condition,234
2025-04-04T00:00:00.000,Blocked Driveway,499
2025-04-04T00:00:00.000,Damaged Tree,57
2025-04-04T00:00:00.000,Dead/Dying Tree,38
2025-04-04T00:00:00.000,Dirty Condition,170
2025-04-04T00:00:00.000,HEAT/HOT WATER,292
2025-04-04T00:00:00.000,Illegal Fireworks,5
2025-04-04T00:00:00.000,Illegal Parking,1792
2025-04-04T00:00:00.000,Noise - Residential,938
2025-04-04T00:00:00.000,Noise - Street/Sidewalk,588
2025-04-04T00:00:00.000,Rodent,103
2025-04-04T00:00:00.000,Street Condition,242
2025-04-05T00:00:00.000,Blocked Driveway,446
2025-04-05T00:00:00.000,Damaged Tree,40
2025-04-05T00:00:00.000,Dead/Dying Tree,16
2025-04-05T00:00:00.000,Dirty Condition,120
2025-04-05T00:00:00.000,HEAT/HOT WATER,766
2025-04-05T00:00:00.000,Illegal Fireworks,6
2025-04-05T00:00:00.000,Illegal Parking,1484
2025-04-05T00:00:00.000,Noise - Residential,1231
2025-04-05T00:00:00.000,Noise - Street/Sidewalk,403
2025-04-05T00:00:00.000,Rodent,72
2025-04-05T00:00:00.000,Street Condition,155
2025-04-06T00:00:00.000,Blocked Driveway,432
2025-04-06T00:00:00.000,Damaged Tree,27
2025-04-06T00:00:00.000,Dead/Dying Tree,14
2025-04-06T00:00:00.000,Dirty Condition,171
2025-04-06T00:00:00.000,HEAT/HOT WATER,626
2025-04-06T00:00:00.000,Illegal Fireworks,4
2025-04-06T00:00:00.000,Illegal Parking,1624
2025-04-06T00:00:00.000,Noise - Residential,1199
2025-04-06T00:00:00.000,Noise - Street/Sidewalk,385
2025-04-06T00:00:00.000,Rodent,61
2025-04-06T00:00:00.000,Street Condition,150
2025-04-07T00:00:00.000,Blocked Driveway,451
2025-04-07T00:00:00.000,Damaged Tree,40
2025-04-07T00:00:00.000,Dead/Dying Tree,27
2025-04-07T00:00:00.000,Dirty Condition,163
2025-04-07T00:00:00.000,HEAT/HOT WATER,996
2025-04-07T00:00:00.000,Illegal Fireworks,2
2025-04-07T00:00:00.000,Illegal Parking,1571
2025-04-07T00:00:00.000,Noise - Residential,715
2025-04-07T00:00:00.000,Noise - Street/Sidewalk,213
2025-04-07T00:00:00.000,Rodent,121
2025-04-07T00:00:00.000,Street Condition,248
2025-04-08T00:00:00.000,Blocked Driveway,436
2025-04-08T00:00:00.000,Damaged Tree,68
2025-04-08T00:00:00.000,Dead/Dying Tree,29
2025-04-08T00:00:00.000,Dirty Condition,167
2025-04-08T00:00:00.000,HEAT/HOT WATER,1158
2025-04-08T00:00:00.000,Illegal Fireworks,1
2025-04-08T00:00:00.000,Illegal Parking,1646
2025-04-08T00:00:00.000,Noise - Residential,641
2025-04-08T00:00:00.000,Noise - Street/Sidewalk,149
2025-04-08T00:00:00.000,Rodent,110
2025-04-08T00:00:00.000,Street Condition,275
2025-04-09T00:00:00.000,Blocked Driveway,423
2025-04-09T00:00:00.000,Damaged Tree,47
2025-04-09T00:00:00.000,Dead/Dying Tree,22
2025-04-09T00:00:00.000,Dirty Condition,141
2025-04-09T00:00:00.000,HEAT/HOT WATER,1183
2025-04-09T00:00:00.000,Illegal Fireworks,5
2025-04-09T00:00:00.000,Illegal Parking,1554
2025-04-09T00:00:00.000,Noise - Residential,658
2025-04-09T00:00:00.000,Noise - Street/Sidewalk,165
2025-04-09T00:00:00.000,Rodent,87
2025-04-09T00:00:00.000,Street Condition,274
2025-04-10T00:00:00.000,Blocked Driveway,395
2025-04-10T00:00:00.000,Damaged Tree,33
2025-04-10T00:00:00.000,Dead/Dying Tree,19
2025-04-10T00:00:00.000,Dirty Condition,126
2025-04-10T00:00:00.000,HEAT/HOT WATER,847
2025-04-10T00:00:00.000,Illegal Parking,1595
2025-04-10T00:00:00.000,Noise - Residential,713
2025-04-10T00:00:00.000,Noise - Street/Sidewalk,170
2025-04-10T00:00:00.000,Rodent,107
2025-04-10T00:00:00.000,Street Condition,279
2025-04-11T00:00:00.000,Blocked Driveway,455
2025-04-11T00:00:00.000,Damaged Tree,36
2025-04-11T00:00:00.000,Dead/Dying Tree,23
2025-04-11T00:00:00.000,Dirty Condition,104
2025-04-11T00:00:00.000,HEAT/HOT WATER,830
2025-04-11T00:00:00.000,Illegal Parking,1532
2025-04-11T00:00:00.000,Noise - Residential,772
2025-04-11T00:00:00.000,Noise - Street/Sidewalk,131
2025-04-11T00:00:00.000,Rodent,84
2025-04-11T00:00:00.000,Street Condition,178
2025-04-12T00:00:00.000,Blocked Driveway,456
2025-04-12T00:00:00.000,Damaged Tree,53
2025-04-12T00:00:00.000,Dead/Dying Tree,9
2025-04-12T00:00:00.000,Dirty Condition,85
2025-04-12T00:00:00.000,HEAT/HOT WATER,909
2025-04-12T00:00:00.000,Illegal Parking,1371
2025-04-12T00:00:00.000,Noise - Residential,1035
2025-04-12T00:00:00.000,Noise - Street/Sidewalk,154
2025-04-12T00:00:00.000,Rodent,54
2025-04-12T00:00:00.000,Street Condition,139
2025-04-13T00:00:00.000,Blocked Driveway,442
2025-04-13T00:00:00.000,Damaged Tree,29
2025-04-13T00:00:00.000,Dead/Dying Tree,8
2025-04-13T00:00:00.000,Dirty Condition,141
2025-04-13T00:00:00.000,HEAT/HOT WATER,651
2025-04-13T00:00:00.000,Illegal Fireworks,1
2025-04-13T00:00:00.000,Illegal Parking,1627
2025-04-13T00:00:00.000,Noise - Residential,1194
2025-04-13T00:00:00.000,Noise - Street/Sidewalk,511
2025-04-13T00:00:00.000,Rodent,73
2025-04-13T00:00:00.000,Street Condition,169
2025-04-14T00:00:00.000,Blocked Driveway,398
2025-04-14T00:00:00.000,Damaged Tree,48
2025-04-14T00:00:00.000,Dead/Dying Tree,19
2025-04-14T00:00:00.000,Dirty Condition,180
2025-04-14T00:00:00.000,HEAT/HOT WATER,537
2025-04-14T00:00:00.000,Illegal Fireworks,1
2025-04-14T00:00:00.000,Illegal Parking,1419
2025-04-14T00:00:00.000,Noise - Residential,789
2025-04-14T00:00:00.000,Noise - Street/Sidewalk,424
2025-04-14T00:00:00.000,Rodent,135
2025-04-14T00:00:00.000,Street Condition,278
2025-04-15T00:00:00.000,Blocked Driveway,399
2025-04-15T00:00:00.000,Damaged Tree,40
2025-04-15T00:00:00.000,Dead/Dying Tree,42
2025-04-15T00:00:00.000,Dirty Condition,221
2025-04-15T00:00:00.000,HEAT/HOT WATER,460
2025-04-15T00:00:00.000,Illegal Parking,1604
2025-04-15T00:00:00.000,Noise - Residential,724
2025-04-15T00:00:00.000,Noise - Street/Sidewalk,307
2025-04-15T00:00:00.000,Rodent,118
2025-04-15T00:00:00.000,Street Condition,272
2025-04-16T00:00:00.000,Blocked Driveway,368
2025-04-16T00:00:00.000,Damaged Tree,65
2025-04-16T00:00:00.000,Dead/Dying Tree,38
2025-04-16T00:00:00.000,Dirty Condition,177
2025-04-16T00:00:00.000,HEAT/HOT WATER,856
2025-04-16T00:00:00.000,Illegal Fireworks,1
2025-04-16T00:00:00.000,Illegal Parking,1411
2025-04-16T00:00:00.000,Noise - Residential,726
2025-04-16T00:00:00.000,Noise - Street/Sidewalk,144
2025-04-16T00:00:00.000,Rodent,116
2025-04-16T00:00:00.000,Street Condition,289
2025-04-17T00:00:00.000,Blocked Driveway,385
2025-04-17T00:00:00.000,Damaged Tree,52
2025-04-17T00:00:00.000,Dead/Dying Tree,30
2025-04-17T00:00:00.000,Dirty Condition,128
2025-04-17T00:00:00.000,HEAT/HOT WATER,527
2025-04-17T00:00:00.000,Illegal Fireworks,3
2025-04-17T00:00:00.000,Illegal Parking,1409
2025-04-17T00:00:00.000,Noise - Residential,848
2025-04-17T00:00:00.000,Noise - Street/Sidewalk,422
2025-04-17T00:00:00.000,Rodent,90
2025-04-17T00:00:00.000,Street Condition,200
2025-04-18T00:00:00.000,Blocked Driveway,421
2025-04-18T00:00:00.000,Damaged Tree,76
2025-04-18T00:00:00.000,Dead/Dying Tree,34
2025-04-18T00:00:00.000,Dirty Condition,159
2025-04-18T00:00:00.000,HEAT/HOT WATER,415
2025-04-18T00:00:00.000,Illegal Fireworks,5
2025-04-18T00:00:00.000,Illegal Parking,1418
2025-04-18T00:00:00.000,Noise - Residential,1882
2025-04-18T00:00:00.000,Noise - Street/Sidewalk,483
2025-04-18T00:00:00.000,Rodent,66
2025-04-18T00:00:00.000,Street Condition,192
2025-04-19T00:00:00.000,Blocked Driveway,423
2025-04-19T00:00:00.000,Damaged Tree,53
2025-04-19T00:00:00.000,Dead/Dying Tree,24
2025-04-19T00:00:00.000,Dirty Condition,127
2025-04-19T00:00:00.000,HEAT/HOT WATER,241
2025-04-19T00:00:00.000,Illegal Fireworks,19
2025-04-19T00:00:00.000,Illegal Parking,1475
2025-04-19T00:00:00.000,Noise - Residential,1898
2025-04-19T00:00:00.000,Noise - Street/Sidewalk,1254
2025-04-19T00:00:00.000,Rodent,67
2025-04-19T00:00:00.000,Street Condition,129
2025-04-20T00:00:00.000,Blocked Driveway,381
2025-04-20T00:00:00.000,Damaged Tree,35
2025-04-20T00:00:00.000,Dead/Dying Tree,15
2025-04-20T00:00:00.000,Dirty Condition,117
2025-04-20T00:00:00.000,HEAT/HOT WATER,211
2025-04-20T00:00:00.000,Illegal Fireworks,27
2025-04-20T00:00:00.000,Illegal Parking,1391
2025-04-20T00:00:00.000,Noise - Residential,1570
2025-04-20T00:00:00.000,Noise - Street/Sidewalk,1243
2025-04-20T00:00:00.000,Rodent,64
2025-04-20T00:00:00.000,Street Condition,114
2025-04-21T00:00:00.000,Blocked Driveway,435
2025-04-21T00:00:00.000,Damaged Tree,58
2025-04-21T00:00:00.000,Dead/Dying Tree,48
2025-04-21T00:00:00.000,Dirty Condition,142
2025-04-21T00:00:00.000,HEAT/HOT WATER,536
2025-04-21T00:00:00.000,Illegal Fireworks,6
2025-04-21T00:00:00.000,Illegal Parking,1609
2025-04-21T00:00:00.000,Noise - Residential,656
2025-04-21T00:00:00.000,Noise - Street/Sidewalk,325
2025-04-21T00:00:00.000,Rodent,128
2025-04-21T00:00:00.000,Street Condition,270
2025-04-22T00:00:00.000,Blocked Driveway,392
2025-04-22T00:00:00.000,Damaged Tree,59
2025-04-22T00:00:00.000,Dead/Dying Tree,60
2025-04-22T00:00:00.000,Dirty Condition,167
2025-04-22T00:00:00.000,HEAT/HOT WATER,342
2025-04-22T00:00:00.000,Illegal Fireworks,4
2025-04-22T00:00:00.000,Illegal Parking,1721
2025-04-22T00:00:00.000,Noise - Residential,691
2025-04-22T00:00:00.000,Noise - Street/Sidewalk,549
2025-04-22T00:00:00.000,Rodent,109
2025-04-22T00:00:00.000,Street Condition,268
2025-04-23T00:00:00.000,Blocked Driveway,385
2025-04-23T00:00:00.000,Damaged Tree,63
2025-04-23T00:00:00.000,Dead/Dying Tree,29
2025-04-23T00:00:00.000,Dirty Condition,156
2025-04-23T00:00:00.000,HEAT/HOT WATER,266
2025-04-23T00:00:00.000,Illegal Fireworks,9
2025-04-23T00:00:00.000,Illegal Parking,1680
2025-04-23T00:00:00.000,Noise - Residential,657
2025-04-23T00:00:00.000,Noise - Street/Sidewalk,484
2025-04-23T00:00:00.000,Rodent,136
2025-04-23T00:00:00.000,Street Condition,273
2025-04-24T00:00:00.000,Blocked Driveway,464
2025-04-24T00:00:00.000,Damaged Tree,73
2025-04-24T00:00:00.000,Dead/Dying Tree,54
2025-04-24T00:00:00.000,Dirty Condition,169
2025-04-24T00:00:00.000,HEAT/HOT WATER,216
2025-04-24T00:00:00.000,Illegal Fireworks,4
2025-04-24T00:00:00.000,Illegal Parking,1647
2025-04-24T00:00:00.000,Noise - Residential,717
2025-04-24T00:00:00.000,Noise - Street/Sidewalk,537
2025-04-24T00:00:00.000,Rodent,122
2025-04-24T00:00:00.000,Street Condition,222
2025-04-25T00:00:00.000,Blocked Driveway,470
2025-04-25T00:00:00.000,Damaged Tree,50
2025-04-25T00:00:00.000,Dead/Dying Tree,44
2025-04-25T00:00:00.000,Dirty Condition,159
2025-04-25T00:00:00.000,HEAT/HOT WATER,206
2025-04-25T00:00:00.000,Illegal Fireworks,3
2025-04-25T00:00:00.000,Illegal Parking,1704
2025-04-25T00:00:00.000,Noise - Residential,995
2025-04-25T00:00:00.000,Noise - Street/Sidewalk,694
2025-04-25T00:00:00.000,Rodent,100
2025-04-25T00:00:00.000,Street Condition,257
2025-04-26T00:00:00.000,Blocked Driveway,471
2025-04-26T00:00:00.000,Damaged Tree,60
2025-04-26T00:00:00.000,Dead/Dying Tree,34
2025-04-26T00:00:00.000,Dirty Condition,106
2025-04-26T00:00:00.000,HEAT/HOT WATER,213
2025-04-26T00:00:00.000,Illegal Fireworks,2
2025-04-26T00:00:00.000,Illegal Parking,1559
2025-04-26T00:00:00.000,Noise - Residential,1332
2025-04-26T00:00:00.000,Noise - Street/Sidewalk,566
2025-04-26T00:00:00.000,Rodent,67
2025-04-26T00:00:00.000,Street Condition,126
2025-04-27T00:00:00.000,Blocked Driveway,464
2025-04-27T00:00:00.000,Damaged Tree,176
2025-04-27T00:00:00.000,Dead/Dying Tree,30
2025-04-27T00:00:00.000,Dirty Condition,139
2025-04-27T00:00:00.000,HEAT/HOT WATER,429
2025-04-27T00:00:00.000,Illegal Fireworks,12
2025-04-27T00:00:00.000,Illegal Parking,1482
2025-04-27T00:00:00.000,Noise - Residential,1358
2025-04-27T00:00:00.000,Noise - Street/Sidewalk,722
2025-04-27T00:00:00.000,Rodent,76
2025-04-27T00:00:00.000,Street Condition,123
2025-04-28T00:00:00.000,Blocked Driveway,447
2025-04-28T00:00:00.000,Damaged Tree,126
2025-04-28T00:00:00.000,Dead/Dying Tree,61
2025-04-28T00:00:00.000,Dirty Condition,174
2025-04-28T00:00:00.000,HEAT/HOT WATER,312
2025-04-28T00:00:00.000,Illegal Fireworks,2
2025-04-28T00:00:00.000,Illegal Parking,1704
2025-04-28T00:00:00.000,Noise - Residential,757
2025-04-28T00:00:00.000,Noise - Street/Sidewalk,663
2025-04-28T00:00:00.000,Rodent,122
2025-04-28T00:00:00.000,Street Condition,261
2025-04-29T00:00:00.000,Blocked Driveway,431
2025-04-29T00:00:00.000,Damaged Tree,96
2025-04-29T00:00:00.000,Dead/Dying Tree,42
2025-04-29T00:00:00.000,Dirty Condition,180
2025-04-29T00:00:00.000,HEAT/HOT WATER,240
2025-04-29T00:00:00.000,Illegal Fireworks,7
2025-04-29T00:00:00.000,Illegal Parking,1786
2025-04-29T00:00:00.000,Noise - Residential,659
2025-04-29T00:00:00.000,Noise - Street/Sidewalk,572
2025-04-29T00:00:00.000,Rodent,104
2025-04-29T00:00:00.000,Street Condition,274
2025-04-30T00:00:00.000,Blocked Driveway,434
2025-04-30T00:00:00.000,Damaged Tree,78
2025-04-30T00:00:00.000,Dead/Dying Tree,44
2025-04-30T00:00:00.000,Dirty Condition,196
2025-04-30T00:00:00.000,HEAT/HOT WATER,215
2025-04-30T00:00:00.000,Illegal Fireworks,7
2025-04-30T00:00:00.000,Illegal Parking,1732
2025-04-30T00:00:00.000,Noise - Residential,768
2025-04-30T00:00:00.000,Noise - Street/Sidewalk,513
2025-04-30T00:00:00.000,Rodent,123
2025-04-30T00:00:00.000,Street Condition,274
2025-05-01T00:00:00.000,Blocked Driveway,493
2025-05-01T00:00:00.000,Damaged Tree,64
2025-05-01T00:00:00.000,Dead/Dying Tree,51
2025-05-01T00:00:00.000,Dirty Condition,141
2025-05-01T00:00:00.000,HEAT/HOT WATER,184
2025-05-01T00:00:00.000,Illegal Fireworks,7
2025-05-01T00:00:00.000,Illegal Parking,1757
2025-05-01T00:00:00.000,Noise - Residential,737
2025-05-01T00:00:00.000,Noise - Street/Sidewalk,460
2025-05-01T00:00:00.000,Rodent,120
2025-05-01T00:00:00.000,Street Condition,276
2025-05-02T00:00:00.000,Blocked Driveway,463
2025-05-02T00:00:00.000,Damaged Tree,58
2025-05-02T00:00:00.000,Dead/Dying Tree,48
2025-05-02T00:00:00.000,Dirty Condition,182
2025-05-02T00:00:00.000,HEAT/HOT WATER,150
2025-05-02T00:00:00.000,Illegal Fireworks,4
2025-05-02T00:00:00.000,Illegal Parking,1747
2025-05-02T00:00:00.000,Noise - Residential,970
2025-05-02T00:00:00.000,Noise - Street/Sidewalk,922
2025-05-02T00:00:00.000,Rodent,139
2025-05-02T00:00:00.000,Street Condition,257
2025-05-03T00:00:00.000,Blocked Driveway,437
2025-05-03T00:00:00.000,Damaged Tree,63
2025-05-03T00:00:00.000,Dead/Dying Tree,47
2025-05-03T00:00:00.000,Dirty Condition,135
2025-05-03T00:00:00.000,HEAT/HOT WATER,148
2025-05-03T00:00:00.000,Illegal Fireworks,11
2025-05-03T00:00:00.000,Illegal Parking,1535
2025-05-03T00:00:00.000,Noise - Residential,1647
2025-05-03T00:00:00.000,Noise - Street/Sidewalk,1232
2025-05-03T00:00:00.000,Rodent,68
2025-05-03T00:00:00.000,Street Condition,124
2025-05-04T00:00:00.000,Blocked Driveway,481
2025-05-04T00:00:00.000,Damaged Tree,68
2025-05-04T00:00:00.000,Dead/Dying Tree,27
2025-05-04T00:00:00.000,Dirty Condition,143
2025-05-04T00:00:00.000,HEAT/HOT WATER,158
2025-05-04T00:00:00.000,Illegal Fireworks,6
2025-05-04T00:00:00.000,Illegal Parking,1584
2025-05-04T00:00:00.000,Noise - Residential,1356
2025-05-04T00:00:00.000,Noise - Street/Sidewalk,704
2025-05-04T00:00:00.000,Rodent,79
2025-05-04T00:00:00.000,Street Condition,126
2025-05-05T00:00:00.000,Blocked Driveway,465
2025-05-05T00:00:00.000,Damaged Tree,94
2025-05-05T00:00:00.000,Dead/Dying Tree,45
2025-05-05T00:00:00.000,Dirty Condition,151
2025-05-05T00:00:00.000,HEAT/HOT WATER,221
2025-05-05T00:00:00.000,Illegal Fireworks,1
2025-05-05T00:00:00.000,Illegal Parking,1621
2025-05-05T00:00:00.000,Noise - Residential,662
2025-05-05T00:00:00.000,Noise - Street/Sidewalk,230
2025-05-05T00:00:00.000,Rodent,124
2025-05-05T00:00:00.000,Street Condition,214
2025-05-06T00:00:00.000,Blocked Driveway,480
2025-05-06T00:00:00.000,Damaged Tree,150
2025-05-06T00:00:00.000,Dead/Dying Tree,48
2025-05-06T00:00:00.000,Dirty Condition,179
2025-05-06T00:00:00.000,HEAT/HOT WATER,206
2025-05-06T00:00:00.000,Illegal Parking,1704
2025-05-06T00:00:00.000,Noise - Residential,670
2025-05-06T00:00:00.000,Noise - Street/Sidewalk,209
2025-05-06T00:00:00.000,Rodent,114
2025-05-06T00:00:00.000,Street Condition,264
2025-05-07T00:00:00.000,Blocked Driveway,457
2025-05-07T00:00:00.000,Damaged Tree,83
2025-05-07T00:00:00.000,Dead/Dying Tree,75
2025-05-07T00:00:00.000,Dirty Condition,158
2025-05-07T00:00:00.000,HEAT/HOT WATER,174
2025-05-07T00:00:00.000,Illegal Fireworks,6
2025-05-07T00:00:00.000,Illegal Parking,1716
2025-05-07T00:00:00.000,Noise - Residential,768
2025-05-07T00:00:00.000,Noise - Street/Sidewalk,506
2025-05-07T00:00:00.000,Rodent,119
2025-05-07T00:00:00.000,Street Condition,258
2025-05-08T00:00:00.000,Blocked Driveway,433
2025-05-08T00:00:00.000,Damaged Tree,78
2025-05-08T00:00:00.000,Dead/Dying Tree,45
2025-05-08T00:00:00.000,Dirty Condition,196
2025-05-08T00:00:00.000,HEAT/HOT WATER,155
2025-05-08T00:00:00.000,Illegal Fireworks,2
2025-05-08T00:00:00.000,Illegal Parking,1773
2025-05-08T00:00:00.000,Noise - Residential,805
2025-05-08T00:00:00.000,Noise - Street/Sidewalk,448
2025-05-08T00:00:00.000,Rodent,125
2025-05-08T00:00:00.000,Street Condition,265
2025-05-09T00:00:00.000,Blocked Driveway,474
2025-05-09T00:00:00.000,Damaged Tree,92
2025-05-09T00:00:00.000,Dead/Dying Tree,46
2025-05-09T00:00:00.000,Dirty Condition,122
2025-05-09T00:00:00.000,HEAT/HOT WATER,220
2025-05-09T00:00:00.000,Illegal Fireworks,10
2025-05-09T00:00:00.000,Illegal Parking,1529
2025-05-09T00:00:00.000,Noise - Residential,774
2025-05-09T00:00:00.000,Noise - Street/Sidewalk,314
2025-05-09T00:00:00.000,Rodent,96
2025-05-09T00:00:00.000,Street Condition,189
2025-05-10T00:00:00.000,Blocked Driveway,531
2025-05-10T00:00:00.000,Damaged Tree,65
2025-05-10T00:00:00.000,Dead/Dying Tree,32
2025-05-10T00:00:00.000,Dirty Condition,125
2025-05-10T00:00:00.000,HEAT/HOT WATER,210
2025-05-10T00:00:00.000,Illegal Fireworks,9
2025-05-10T00:00:00.000,Illegal Parking,1646
2025-05-10T00:00:00.000,Noise - Residential,1844
2025-05-10T00:00:00.000,Noise - Street/Sidewalk,1251
2025-05-10T00:00:00.000,Rodent,97
2025-05-10T00:00:00.000,Street Condition,174
2025-05-11T00:00:00.000,Blocked Driveway,463
2025-05-11T00:00:00.000,Damaged Tree,42
2025-05-11T00:00:00.000,Dead/Dying Tree,17
2025-05-11T00:00:00.000,Dirty Condition,119
2025-05-11T00:00:00.000,HEAT/HOT WATER,143
2025-05-11T00:00:00.000,Illegal Fireworks,15
2025-05-11T00:00:00.000,Illegal Parking,1620
2025-05-11T00:00:00.000,Noise - Residential,2242
2025-05-11T00:00:00.000,Noise - Street/Sidewalk,1870
2025-05-11T00:00:00.000,Rodent,77
2025-05-11T00:00:00.000,Street Condition,145
2025-05-12T00:00:00.000,Blocked Driveway,506
2025-05-12T00:00:00.000,Damaged Tree,102
2025-05-12T00:00:00.000,Dead/Dying Tree,75
2025-05-12T00:00:00.000,Dirty Condition,200
2025-05-12T00:00:00.000,HEAT/HOT WATER,208
2025-05-12T00:00:00.000,Illegal Fireworks,7
2025-05-12T00:00:00.000,Illegal Parking,1788
2025-05-12T00:00:00.000,Noise - Residential,828
2025-05-12T00:00:00.000,Noise - Street/Sidewalk,710
2025-05-12T00:00:00.000,Rodent,138
2025-05-12T00:00:00.000,Street Condition,408
2025-05-13T00:00:00.000,Blocked Driveway,463
2025-05-13T00:00:00.000,Damaged Tree,76
2025-05-13T00:00:00.000,Dead/Dying Tree,68
2025-05-13T00:00:00.000,Dirty Condition,169
2025-05-13T00:00:00.000,HEAT/HOT WATER,188
2025-05-13T00:00:00.000,Illegal Fireworks,15
2025-05-13T00:00:00.000,Illegal Parking,1770
2025-05-13T00:00:00.000,Noise - Residential,599
2025-05-13T00:00:00.000,Noise - Street/Sidewalk,268
2025-05-13T00:00:00.000,Rodent,114
2025-05-13T00:00:00.000,Street Condition,307
2025-05-14T00:00:00.000,Blocked Driveway,424
2025-05-14T00:00:00.000,Damaged Tree,210
2025-05-14T00:00:00.000,Dead/Dying Tree,52
2025-05-14T00:00:00.000,Dirty Condition,147
2025-05-14T00:00:00.000,HEAT/HOT WATER,198
2025-05-14T00:00:00.000,Illegal Fireworks,14
2025-05-14T00:00:00.000,Illegal Parking,1479
2025-05-14T00:00:00.000,Noise - Residential,630
2025-05-14T00:00:00.000,Noise - Street/Sidewalk,165
2025-05-14T00:00:00.000,Rodent,105
2025-05-14T00:00:00.000,Street Condition,426
2025-05-15T00:00:00.000,Blocked Driveway,445
2025-05-15T00:00:00.000,Damaged Tree,135
2025-05-15T00:00:00.000,Dead/Dying Tree,54
2025-05-15T00:00:00.000,Dirty Condition,195
2025-05-15T00:00:00.000,HEAT/HOT WATER,191
2025-05-15T00:00:00.000,Illegal Fireworks,8
2025-05-15T00:00:00.000,Illegal Parking,1739
2025-05-15T00:00:00.000,Noise - Residential,777
2025-05-15T00:00:00.000,Noise - Street/Sidewalk,547
2025-05-15T00:00:00.000,Rodent,152
2025-05-15T00:00:00.000,Street Condition,294
2025-05-16T00:00:00.000,Blocked Driveway,463
2025-05-16T00:00:00.000,Damaged Tree,90
2025-05-16T00:00:00.000,Dead/Dying Tree,52
2025-05-16T00:00:00.000,Dirty Condition,187
2025-05-16T00:00:00.000,HEAT/HOT WATER,136
2025-05-16T00:00:00.000,Illegal Fireworks,25
2025-05-16T00:00:00.000,Illegal Parking,1790
2025-05-16T00:00:00.000,Noise - Residential,973
2025-05-16T00:00:00.000,Noise - Street/Sidewalk,634
2025-05-16T00:00:00.000,Rodent,129
2025-05-16T00:00:00.000,Street Condition,308
2025-05-17T00:00:00.000,Blocked Driveway,466
2025-05-17T00:00:00.000,Damaged Tree,86
2025-05-17T00:00:00.000,Dead/Dying Tree,36
2025-05-17T00:00:00.000,Dirty Condition,141
2025-05-17T00:00:00.000,HEAT/HOT WATER,148
2025-05-17T00:00:00.000,Illegal Fireworks,31
2025-05-17T00:00:00.000,Illegal Parking,1721
2025-05-17T00:00:00.000,Noise - Residential,1748
2025-05-17T00:00:00.000,Noise - Street/Sidewalk,1398
2025-05-17T00:00:00.000,Rodent,103
2025-05-17T00:00:00.000,Street Condition,178
2025-05-18T00:00:00.000,Blocked Driveway,479
2025-05-18T00:00:00.000,Damaged Tree,129
2025-05-18T00:00:00.000,Dead/Dying Tree,42
2025-05-18T00:00:00.000,Dirty Condition,157
2025-05-18T00:00:00.000,HEAT/HOT WATER,142
2025-05-18T00:00:00.000,Illegal Fireworks,14
2025-05-18T00:00:00.000,Illegal Parking,1861
2025-05-18T00:00:00.000,Noise - Residential,1614
2025-05-18T00:00:00.000,Noise - Street/Sidewalk,1481
2025-05-18T00:00:00.000,Rodent,87
2025-05-18T00:00:00.000,Street Condition,155
2025-05-19T00:00:00.000,Blocked Driveway,466
2025-05-19T00:00:00.000,Damaged Tree,198
2025-05-19T00:00:00.000,Dead/Dying Tree,72
2025-05-19T00:00:00.000,Dirty Condition,180
2025-05-19T00:00:00.000,HEAT/HOT WATER,197
2025-05-19T00:00:00.000,Illegal Fireworks,2
2025-05-19T00:00:00.000,Illegal Parking,1765
2025-05-19T00:00:00.000,Noise - Residential,790
2025-05-19T00:00:00.000,Noise - Street/Sidewalk,385
2025-05-19T00:00:00.000,Rodent,116
2025-05-19T00:00:00.000,Street Condition,309
2025-05-20T00:00:00.000,Blocked Driveway,451
2025-05-20T00:00:00.000,Damaged Tree,117
2025-05-20T00:00:00.000,Dead/Dying Tree,47
2025-05-20T00:00:00.000,Dirty Condition,169
2025-05-20T00:00:00.000,HEAT/HOT WATER,253
2025-05-20T00:00:00.000,Illegal Fireworks,15
2025-05-20T00:00:00.000,Illegal Parking,1790
2025-05-20T00:00:00.000,Noise - Residential,650
2025-05-20T00:00:00.000,Noise - Street/Sidewalk,385
2025-05-20T00:00:00.000,Rodent,136
2025-05-20T00:00:00.000,Street Condition,309
2025-05-21T00:00:00.000,Blocked Driveway,461
2025-05-21T00:00:00.000,Damaged Tree,81
2025-05-21T00:00:00.000,Dead/Dying Tree,38
2025-05-21T00:00:00.000,Dirty Condition,123
2025-05-21T00:00:00.000,HEAT/HOT WATER,509
2025-05-21T00:00:00.000,Illegal Fireworks,1
2025-05-21T00:00:00.000,Illegal Parking,1653
2025-05-21T00:00:00.000,Noise - Residential,675
2025-05-21T00:00:00.000,Noise - Street/Sidewalk,193
2025-05-21T00:00:00.000,Rodent,85
2025-05-21T00:00:00.000,Street Condition,232
2025-05-22T00:00:00.000,Blocked Driveway,430
2025-05-22T00:00:00.000,Damaged Tree,88
2025-05-22T00:00:00.000,Dead/Dying Tree,53
2025-05-22T00:00:00.000,Dirty Condition,102
2025-05-22T00:00:00.000,HEAT/HOT WATER,853
2025-05-22T00:00:00.000,Illegal Fireworks,1
2025-05-22T00:00:00.000,Illegal Parking,1472
2025-05-22T00:00:00.000,Noise - Residential,652
2025-05-22T00:00:00.000,Noise - Street/Sidewalk,143
2025-05-22T00:00:00.000,Rodent,88
2025-05-22T00:00:00.000,Street Condition,182
2025-05-23T00:00:00.000,Blocked Driveway,474
2025-05-23T00:00:00.000,Damaged Tree,79
2025-05-23T00:00:00.000,Dead/Dying Tree,41
2025-05-23T00:00:00.000,Dirty Condition,125
2025-05-23T00:00:00.000,HEAT/HOT WATER,635
2025-05-23T00:00:00.000,Illegal Fireworks,4
2025-05-23T00:00:00.000,Illegal Parking,1663
2025-05-23T00:00:00.000,Noise - Residential,886
2025-05-23T00:00:00.000,Noise - Street/Sidewalk,341
2025-05-23T00:00:00.000,Rodent,89
2025-05-23T00:00:00.000,Street Condition,266
2025-05-24T00:00:00.000,Blocked Driveway,422
2025-05-24T00:00:00.000,Damaged Tree,53
2025-05-24T00:00:00.000,Dead/Dying Tree,23
2025-05-24T00:00:00.000,Dirty Condition,120
2025-05-24T00:00:00.000,HEAT/HOT WATER,367
2025-05-24T00:00:00.000,Illegal Fireworks,8
2025-05-24T00:00:00.000,Illegal Parking,1391
2025-05-24T00:00:00.000,Noise - Residential,1475
2025-05-24T00:00:00.000,Noise - Street/Sidewalk,829
2025-05-24T00:00:00.000,Rodent,70
2025-05-24T00:00:00.000,Street Condition,153
2025-05-25T00:00:00.000,Blocked Driveway,414
2025-05-25T00:00:00.000,Damaged Tree,40
2025-05-25T00:00:00.000,Dead/Dying Tree,17
2025-05-25T00:00:00.000,Dirty Condition,132
2025-05-25T00:00:00.000,HEAT/HOT WATER,293
2025-05-25T00:00:00.000,Illegal Fireworks,48
2025-05-25T00:00:00.000,Illegal Parking,1533
2025-05-25T00:00:00.000,Noise - Residential,1830
2025-05-25T00:00:00.000,Noise - Street/Sidewalk,1173
2025-05-25T00:00:00.000,Rodent,72
2025-05-25T00:00:00.000,Street Condition,131
2025-05-26T00:00:00.000,Blocked Driveway,388
2025-05-26T00:00:00.000,Damaged Tree,34
2025-05-26T00:00:00.000,Dead/Dying Tree,18
2025-05-26T00:00:00.000,Dirty Condition,174
2025-05-26T00:00:00.000,HEAT/HOT WATER,229
2025-05-26T00:00:00.000,Illegal Fireworks,96
2025-05-26T00:00:00.000,Illegal Parking,1496
2025-05-26T00:00:00.000,Noise - Residential,1621
2025-05-26T00:00:00.000,Noise - Street/Sidewalk,1443
2025-05-26T00:00:00.000,Rodent,95
2025-05-26T00:00:00.000,Street Condition,146
2025-05-27T00:00:00.000,Blocked Driveway,476
2025-05-27T00:00:00.000,Damaged Tree,92
2025-05-27T00:00:00.000,Dead/Dying Tree,53
2025-05-27T00:00:00.000,Dirty Condition,241
2025-05-27T00:00:00.000,HEAT/HOT WATER,221
2025-05-27T00:00:00.000,Illegal Fireworks,11
2025-05-27T00:00:00.000,Illegal Parking,1721
2025-05-27T00:00:00.000,Noise - Residential,775
2025-05-27T00:00:00.000,Noise - Street/Sidewalk,597
2025-05-27T00:00:00.000,Rodent,161
2025-05-27T00:00:00.000,Street Condition,297
2025-05-28T00:00:00.000,Blocked Driveway,453
2025-05-28T00:00:00.000,Damaged Tree,63
2025-05-28T00:00:00.000,Dead/Dying Tree,38
2025-05-28T00:00:00.000,Dirty Condition,218
2025-05-28T00:00:00.000,HEAT/HOT WATER,207
2025-05-28T00:00:00.000,Illegal Fireworks,4
2025-05-28T00:00:00.000,Illegal Parking,1721
2025-05-28T00:00:00.000,Noise - Residential,689
2025-05-28T00:00:00.000,Noise - Street/Sidewalk,267
2025-05-28T00:00:00.000,Rodent,112
2025-05-28T00:00:00.000,Street Condition,313
2025-05-29T00:00:00.000,Blocked Driveway,422
2025-05-29T00:00:00.000,Damaged Tree,95
2025-05-29T00:00:00.000,Dead/Dying Tree,35
2025-05-29T00:00:00.000,Dirty Condition,197
2025-05-29T00:00:00.000,HEAT/HOT WATER,175
2025-05-29T00:00:00.000,Illegal Fireworks,8
2025-05-29T00:00:00.000,Illegal Parking,1718
2025-05-29T00:00:00.000,Noise - Residential,802
2025-05-29T00:00:00.000,Noise - Street/Sidewalk,430
2025-05-29T00:00:00.000,Rodent,96
2025-05-29T00:00:00.000,Street Condition,322
2025-05-30T00:00:00.000,Blocked Driveway,479
2025-05-30T00:00:00.000,Damaged Tree,80
2025-05-30T00:00:00.000,Dead/Dying Tree,34
2025-05-30T00:00:00.000,Dirty Condition,228
2025-05-30T00:00:00.000,HEAT/HOT WATER,178
2025-05-30T00:00:00.000,Illegal Fireworks,27
2025-05-30T00:00:00.000,Illegal Parking,1673
2025-05-30T00:00:00.000,Noise - Residential,885
2025-05-30T00:00:00.000,Noise - Street/Sidewalk,702
2025-05-30T00:00:00.000,Rodent,122
2025-05-30T00:00:00.000,Street Condition,267
2025-05-31T00:00:00.000,Blocked Driveway,497
2025-05-31T00:00:00.000,Damaged Tree,188
2025-05-31T00:00:00.000,Dead/Dying Tree,49
2025-05-31T00:00:00.000,Dirty Condition,137
2025-05-31T00:00:00.000,HEAT/HOT WATER,166
2025-05-31T00:00:00.000,Illegal Fireworks,17
2025-05-31T00:00:00.000,Illegal Parking,1581
2025-05-31T00:00:00.000,Noise - Residential,1531
2025-05-31T00:00:00.000,Noise - Street/Sidewalk,633
2025-05-31T00:00:00.000,Rodent,104
2025-05-31T00:00:00.000,Street Condition,154
2025-06-01T00:00:00.000,Blocked Driveway,438
2025-06-01T00:00:00.000,Damaged Tree,72
2025-06-01T00:00:00.000,Dead/Dying Tree,33
2025-06-01T00:00:00.000,Dirty Condition,189
2025-06-01T00:00:00.000,HEAT/HOT WATER,165
2025-06-01T00:00:00.000,Illegal Fireworks,18
2025-06-01T00:00:00.000,Illegal Parking,1754
2025-06-01T00:00:00.000,Noise - Residential,1578
2025-06-01T00:00:00.000,Noise - Street/Sidewalk,1094
2025-06-01T00:00:00.000,Rodent,110
2025-06-01T00:00:00.000,Street Condition,161
2025-06-02T00:00:00.000,Blocked Driveway,424
2025-06-02T00:00:00.000,Damaged Tree,91
2025-06-02T00:00:00.000,Dead/Dying Tree,55
2025-06-02T00:00:00.000,Dirty Condition,220
2025-06-02T00:00:00.000,HEAT/HOT WATER,197
2025-06-02T00:00:00.000,Illegal Fireworks,8
2025-06-02T00:00:00.000,Illegal Parking,1575
2025-06-02T00:00:00.000,Noise - Residential,849
2025-06-02T00:00:00.000,Noise - Street/Sidewalk,588
2025-06-02T00:00:00.000,Rodent,162
2025-06-02T00:00:00.000,Street Condition,295
2025-06-03T00:00:00.000,Blocked Driveway,394
2025-06-03T00:00:00.000,Damaged Tree,100
2025-06-03T00:00:00.000,Dead/Dying Tree,60
2025-06-03T00:00:00.000,Dirty Condition,219
2025-06-03T00:00:00.000,HEAT/HOT WATER,197
2025-06-03T00:00:00.000,Illegal Fireworks,13
2025-06-03T00:00:00.000,Illegal Parking,1541
2025-06-03T00:00:00.000,Noise - Residential,708
2025-06-03T00:00:00.000,Noise - Street/Sidewalk,588
2025-06-03T00:00:00.000,Rodent,116
2025-06-03T00:00:00.000,Street Condition,345
2025-06-04T00:00:00.000,Blocked Driveway,449
2025-06-04T00:00:00.000,Damaged Tree,87
2025-06-04T00:00:00.000,Dead/Dying Tree,59
2025-06-04T00:00:00.000,Dirty Condition,250
2025-06-04T00:00:00.000,HEAT/HOT WATER,191
2025-06-04T00:00:00.000,Illegal Fireworks,20
2025-06-04T00:00:00.000,Illegal Parking,1607
2025-06-04T00:00:00.000,Noise - Residential,776
2025-06-04T00:00:00.000,Noise - Street/Sidewalk,640
2025-06-04T00:00:00.000,Rodent,163
2025-06-04T00:00:00.000,Street Condition,327
2025-06-05T00:00:00.000,Blocked Driveway,471
2025-06-05T00:00:00.000,Damaged Tree,105
2025-06-05T00:00:00.000,Dead/Dying Tree,54
2025-06-05T00:00:00.000,Dirty Condition,221
2025-06-05T00:00:00.000,HEAT/HOT WATER,159
2025-06-05T00:00:00.000,Illegal Fireworks,11
2025-06-05T00:00:00.000,Illegal Parking,1522
2025-06-05T00:00:00.000,Noise - Residential,852
2025-06-05T00:00:00.000,Noise - Street/Sidewalk,853
2025-06-05T00:00:00.000,Rodent,121
2025-06-05T00:00:00.000,Street Condition,281
2025-06-06T00:00:00.000,Blocked Driveway,446
2025-06-06T00:00:00.000,Damaged Tree,92
2025-06-06T00:00:00.000,Dead/Dying Tree,67
2025-06-06T00:00:00.000,Dirty Condition,230
2025-06-06T00:00:00.000,HEAT/HOT WATER,150
2025-06-06T00:00:00.000,Illegal Fireworks,56
2025-06-06T00:00:00.000,Illegal Parking,1649
2025-06-06T00:00:00.000,Noise - Residential,972
2025-06-06T00:00:00.000,Noise - Street/Sidewalk,959
2025-06-06T00:00:00.000,Rodent,100
2025-06-06T00:00:00.000,Street Condition,218
2025-06-07T00:00:00.000,Blocked Driveway,520
2025-06-07T00:00:00.000,Damaged Tree,66
2025-06-07T00:00:00.000,Dead/Dying Tree,25
2025-06-07T00:00:00.000,Dirty Condition,188
2025-06-07T00:00:00.000,HEAT/HOT WATER,122
2025-06-07T00:00:00.000,Illegal Fireworks,51
2025-06-07T00:00:00.000,Illegal Parking,1569
2025-06-07T00:00:00.000,Noise - Residential,1551
2025-06-07T00:00:00.000,Noise - Street/Sidewalk,1105
2025-06-07T00:00:00.000,Rodent,81
2025-06-07T00:00:00.000,Street Condition,139
2025-06-08T00:00:00.000,Blocked Driveway,541
2025-06-08T00:00:00.000,Damaged Tree,63
2025-06-08T00:00:00.000,Dead/Dying Tree,21
2025-06-08T00:00:00.000,Dirty Condition,173
2025-06-08T00:00:00.000,HEAT/HOT WATER,116
2025-06-08T00:00:00.000,Illegal Fireworks,25
2025-06-08T00:00:00.000,Illegal Parking,1807
2025-06-08T00:00:00.000,Noise - Residential,1443
2025-06-08T00:00:00.000,Noise - Street/Sidewalk,1108
2025-06-08T00:00:00.000,Rodent,93
2025-06-08T00:00:00.000,Street Condition,162
2025-06-09T00:00:00.000,Blocked Driveway,492
2025-06-09T00:00:00.000,Damaged Tree,107
2025-06-09T00:00:00.000,Dead/Dying Tree,44
2025-06-09T00:00:00.000,Dirty Condition,242
2025-06-09T00:00:00.000,HEAT/HOT WATER,174
2025-06-09T00:00:00.000,Illegal Fireworks,9
2025-06-09T00:00:00.000,Illegal Parking,1656
2025-06-09T00:00:00.000,Noise - Residential,750
2025-06-09T00:00:00.000,Noise - Street/Sidewalk,358
2025-06-09T00:00:00.000,Rodent,148
2025-06-09T00:00:00.000,Street Condition,291
2025-06-10T00:00:00.000,Blocked Driveway,462
2025-06-10T00:00:00.000,Damaged Tree,93
2025-06-10T00:00:00.000,Dead/Dying Tree,48
2025-06-10T00:00:00.000,Dirty Condition,218
2025-06-10T00:00:00.000,HEAT/HOT WATER,134
2025-06-10T00:00:00.000,Illegal Fireworks,11
2025-06-10T00:00:00.000,Illegal Parking,1707
2025-06-10T00:00:00.000,Noise - Residential,727
2025-06-10T00:00:00.000,Noise - Street/Sidewalk,403
2025-06-10T00:00:00.000,Rodent,150
2025-06-10T00:00:00.000,Street Condition,285
2025-06-11T00:00:00.000,Blocked Driveway,463
2025-06-11T00:00:00.000,Damaged Tree,126
2025-06-11T00:00:00.000,Dead/Dying Tree,45
2025-06-11T00:00:00.000,Dirty Condition,240
2025-06-11T00:00:00.000,HEAT/HOT WATER,129
2025-06-11T00:00:00.000,Illegal Fireworks,20
2025-06-11T00:00:00.000,Illegal Parking,1809
2025-06-11T00:00:00.000,Noise - Residential,787
2025-06-11T00:00:00.000,Noise - Street/Sidewalk,603
2025-06-11T00:00:00.000,Rodent,168
2025-06-11T00:00:00.000,Street Condition,330
2025-06-12T00:00:00.000,Blocked Driveway,493
2025-06-12T00:00:00.000,Damaged Tree,78
2025-06-12T00:00:00.000,Dead/Dying Tree,50
2025-06-12T00:00:00.000,Dirty Condition,223
2025-06-12T00:00:00.000,HEAT/HOT WATER,82
2025-06-12T00:00:00.000,Illegal Fireworks,26
2025-06-12T00:00:00.000,Illegal Parking,1715
2025-06-12T00:00:00.000,Noise - Residential,775
2025-06-12T00:00:00.000,Noise - Street/Sidewalk,687
2025-06-12T00:00:00.000,Rodent,138
2025-06-12T00:00:00.000,Street Condition,306
2025-06-13T00:00:00.000,Blocked Driveway,524
2025-06-13T00:00:00.000,Damaged Tree,95
2025-06-13T00:00:00.000,Dead/Dying Tree,46
2025-06-13T00:00:00.000,Dirty Condition,216
2025-06-13T00:00:00.000,HEAT/HOT WATER,137
2025-06-13T00:00:00.000,Illegal Fireworks,43
2025-06-13T00:00:00.000,Illegal Parking,1764
2025-06-13T00:00:00.000,Noise - Residential,963
2025-06-13T00:00:00.000,Noise - Street/Sidewalk,925
2025-06-13T00:00:00.000,Rodent,140
2025-06-13T00:00:00.000,Street Condition,305
2025-06-14T00:00:00.000,Blocked Driveway,470
2025-06-14T00:00:00.000,Damaged Tree,87
2025-06-14T00:00:00.000,Dead/Dying Tree,28
2025-06-14T00:00:00.000,Dirty Condition,118
2025-06-14T00:00:00.000,HEAT/HOT WATER,111
2025-06-14T00:00:00.000,Illegal Fireworks,43
2025-06-14T00:00:00.000,Illegal Parking,1630
2025-06-14T00:00:00.000,Noise - Residential,1465
2025-06-14T00:00:00.000,Noise - Street/Sidewalk,892
2025-06-14T00:00:00.000,Rodent,59
2025-06-14T00:00:00.000,Street Condition,109
2025-06-15T00:00:00.000,Blocked Driveway,442
2025-06-15T00:00:00.000,Damaged Tree,50
2025-06-15T00:00:00.000,Dead/Dying Tree,16
2025-06-15T00:00:00.000,Dirty Condition,153
2025-06-15T00:00:00.000,HEAT/HOT WATER,109
2025-06-15T00:00:00.000,Illegal Fireworks,51
2025-06-15T00:00:00.000,Illegal Parking,1539
2025-06-15T00:00:00.000,Noise - Residential,1845
2025-06-15T00:00:00.000,Noise - Street/Sidewalk,1117
2025-06-15T00:00:00.000,Rodent,88
2025-06-15T00:00:00.000,Street Condition,154
2025-06-16T00:00:00.000,Blocked Driveway,513
2025-06-16T00:00:00.000,Damaged Tree,87
2025-06-16T00:00:00.000,Dead/Dying Tree,40
2025-06-16T00:00:00.000,Dirty Condition,232
2025-06-16T00:00:00.000,HEAT/HOT WATER,117
2025-06-16T00:00:00.000,Illegal Fireworks,13
2025-06-16T00:00:00.000,Illegal Parking,1746
2025-06-16T00:00:00.000,Noise - Residential,791
2025-06-16T00:00:00.000,Noise - Street/Sidewalk,473
2025-06-16T00:00:00.000,Rodent,156
2025-06-16T00:00:00.000,Street Condition,348
2025-06-17T00:00:00.000,Blocked Driveway,472
2025-06-17T00:00:00.000,Damaged Tree,83
2025-06-17T00:00:00.000,Dead/Dying Tree,38
2025-06-17T00:00:00.000,Dirty Condition,229
2025-06-17T00:00:00.000,HEAT/HOT WATER,106
2025-06-17T00:00:00.000,Illegal Fireworks,19
2025-06-17T00:00:00.000,Illegal Parking,1626
2025-06-17T00:00:00.000,Noise - Residential,691
2025-06-17T00:00:00.000,Noise - Street/Sidewalk,339
2025-06-17T00:00:00.000,Rodent,126
2025-06-17T00:00:00.000,Street Condition,298
2025-06-18T00:00:00.000,Blocked Driveway,466
2025-06-18T00:00:00.000,Damaged Tree,90
2025-06-18T00:00:00.000,Dead/Dying Tree,49
2025-06-18T00:00:00.000,Dirty Condition,186
2025-06-18T00:00:00.000,HEAT/HOT WATER,107
2025-06-18T00:00:00.000,Illegal Fireworks,42
2025-06-18T00:00:00.000,Illegal Parking,1593
2025-06-18T00:00:00.000,Noise - Residential,776
2025-06-18T00:00:00.000,Noise - Street/Sidewalk,585
2025-06-18T00:00:00.000,Rodent,140
2025-06-18T00:00:00.000,Street Condition,228
2025-06-19T00:00:00.000,Blocked Driveway,471
2025-06-19T00:00:00.000,Damaged Tree,542
2025-06-19T00:00:00.000,Dead/Dying Tree,48
2025-06-19T00:00:00.000,Dirty Condition,190
2025-06-19T00:00:00.000,HEAT/HOT WATER,104
2025-06-19T00:00:00.000,Illegal Fireworks,38
2025-06-19T00:00:00.000,Illegal Parking,1401
2025-06-19T00:00:00.000,Noise - Residential,802
2025-06-19T00:00:00.000,Noise - Street/Sidewalk,477
2025-06-19T00:00:00.000,Rodent,118
2025-06-19T00:00:00.000,Street Condition,200
2025-06-20T00:00:00.000,Blocked Driveway,470
2025-06-20T00:00:00.000,Damaged Tree,370
2025-06-20T00:00:00.000,Dead/Dying Tree,73
2025-06-20T00:00:00.000,Dirty Condition,194
2025-06-20T00:00:00.000,HEAT/HOT WATER,110
2025-06-20T00:00:00.000,Illegal Fireworks,59
2025-06-20T00:00:00.000,Illegal Parking,1637
2025-06-20T00:00:00.000,Noise - Residential,865
2025-06-20T00:00:00.000,Noise - Street/Sidewalk,820
2025-06-20T00:00:00.000,Rodent,114
2025-06-20T00:00:00.000,Street Condition,234
2025-06-21T00:00:00.000,Blocked Driveway,524
2025-06-21T00:00:00.000,Damaged Tree,110
2025-06-21T00:00:00.000,Dead/Dying Tree,22
2025-06-21T00:00:00.000,Dirty Condition,179
2025-06-21T00:00:00.000,HEAT/HOT WATER,103
2025-06-21T00:00:00.000,Illegal Fireworks,107
2025-06-21T00:00:00.000,Illegal Parking,1548
2025-06-21T00:00:00.000,Noise - Residential,1640
2025-06-21T00:00:00.000,Noise - Street/Sidewalk,1485
2025-06-21T00:00:00.000,Rodent,94
2025-06-21T00:00:00.000,Street Condition,128
2025-06-22T00:00:00.000,Blocked Driveway,525
2025-06-22T00:00:00.000,Damaged Tree,103
2025-06-22T00:00:00.000,Dead/Dying Tree,27
2025-06-22T00:00:00.000,Dirty Condition,187
2025-06-22T00:00:00.000,HEAT/HOT WATER,96
2025-06-22T00:00:00.000,Illegal Fireworks,85
2025-06-22T00:00:00.000,Illegal Parking,1700
2025-06-22T00:00:00.000,Noise - Residential,1462
2025-06-22T00:00:00.000,Noise - Street/Sidewalk,1429
2025-06-22T00:00:00.000,Rodent,110
2025-06-22T00:00:00.000,Street Condition,142
2025-06-23T00:00:00.000,Blocked Driveway,497
2025-06-23T00:00:00.000,Damaged Tree,148
2025-06-23T00:00:00.000,Dead/Dying Tree,51
2025-06-23T00:00:00.000,Dirty Condition,269
2025-06-23T00:00:00.000,HEAT/HOT WATER,189
2025-06-23T00:00:00.000,Illegal Fireworks,54
2025-06-23T00:00:00.000,Illegal Parking,1578
2025-06-23T00:00:00.000,Noise - Residential,640
2025-06-23T00:00:00.000,Noise - Street/Sidewalk,648
2025-06-23T00:00:00.000,Rodent,179
2025-06-23T00:00:00.000,Street Condition,241
2025-06-24T00:00:00.000,Blocked Driveway,461
2025-06-24T00:00:00.000,Damaged Tree,104
2025-06-24T00:00:00.000,Dead/Dying Tree,48
2025-06-24T00:00:00.000,Dirty Condition,236
2025-06-24T00:00:00.000,HEAT/HOT WATER,251
2025-06-24T00:00:00.000,Illegal Fireworks,33
2025-06-24T00:00:00.000,Illegal Parking,1504
2025-06-24T00:00:00.000,Noise - Residential,526
2025-06-24T00:00:00.000,Noise - Street/Sidewalk,819
2025-06-24T00:00:00.000,Rodent,130
2025-06-24T00:00:00.000,Street Condition,275
2025-06-25T00:00:00.000,Blocked Driveway,470
2025-06-25T00:00:00.000,Damaged Tree,158
2025-06-25T00:00:00.000,Dead/Dying Tree,36
2025-06-25T00:00:00.000,Dirty Condition,194
2025-06-25T00:00:00.000,HEAT/HOT WATER,222
2025-06-25T00:00:00.000,Illegal Fireworks,53
2025-06-25T00:00:00.000,Illegal Parking,1418
2025-06-25T00:00:00.000,Noise - Residential,535
2025-06-25T00:00:00.000,Noise - Street/Sidewalk,694
2025-06-25T00:00:00.000,Rodent,112
2025-06-25T00:00:00.000,Street Condition,312
2025-06-26T00:00:00.000,Blocked Driveway,453
2025-06-26T00:00:00.000,Damaged Tree,186
2025-06-26T00:00:00.000,Dead/Dying Tree,53
2025-06-26T00:00:00.000,Dirty Condition,281
2025-06-26T00:00:00.000,HEAT/HOT WATER,140
2025-06-26T00:00:00.000,Illegal Fireworks,46
2025-06-26T00:00:00.000,Illegal Parking,1544
2025-06-26T00:00:00.000,Noise - Residential,581
2025-06-26T00:00:00.000,Noise - Street/Sidewalk,511
2025-06-26T00:00:00.000,Rodent,127
2025-06-26T00:00:00.000,Street Condition,332
2025-06-27T00:00:00.000,Blocked Driveway,456
2025-06-27T00:00:00.000,Damaged Tree,100
2025-06-27T00:00:00.000,Dead/Dying Tree,40
2025-06-27T00:00:00.000,Dirty Condition,235
2025-06-27T00:00:00.000,HEAT/HOT WATER,126
2025-06-27T00:00:00.000,Illegal Fireworks,67
2025-06-27T00:00:00.000,Illegal Parking,1549
2025-06-27T00:00:00.000,Noise - Residential,843
2025-06-27T00:00:00.000,Noise - Street/Sidewalk,644
2025-06-27T00:00:00.000,Rodent,127
2025-06-27T00:00:00.000,Street Condition,275
2025-06-28T00:00:00.000,Blocked Driveway,494
2025-06-28T00:00:00.000,Damaged Tree,78
2025-06-28T00:00:00.000,Dead/Dying Tree,22
2025-06-28T00:00:00.000,Dirty Condition,181
2025-06-28T00:00:00.000,HEAT/HOT WATER,123
2025-06-28T00:00:00.000,Illegal Fireworks,149
2025-06-28T00:00:00.000,Illegal Parking,1307
2025-06-28T00:00:00.000,Noise - Residential,1545
2025-06-28T00:00:00.000,Noise - Street/Sidewalk,1197
2025-06-28T00:00:00.000,Rodent,94
2025-06-28T00:00:00.000,Street Condition,126
2025-06-29T00:00:00.000,Blocked Driveway,481
2025-06-29T00:00:00.000,Damaged Tree,74
2025-06-29T00:00:00.000,Dead/Dying Tree,19
2025-06-29T00:00:00.000,Dirty Condition,179
2025-06-29T00:00:00.000,HEAT/HOT WATER,124
2025-06-29T00:00:00.000,Illegal Fireworks,148
2025-06-29T00:00:00.000,Illegal Parking,1512
2025-06-29T00:00:00.000,Noise - Residential,1372
2025-06-29T00:00:00.000,Noise - Street/Sidewalk,1431
2025-06-29T00:00:00.000,Rodent,81
2025-06-29T00:00:00.000,Street Condition,138
2025-06-30T00:00:00.000,Blocked Driveway,472
2025-06-30T00:00:00.000,Damaged Tree,126
2025-06-30T00:00:00.000,Dead/Dying Tree,63
2025-06-30T00:00:00.000,Dirty Condition,265
2025-06-30T00:00:00.000,HEAT/HOT WATER,126
2025-06-30T00:00:00.000,Illegal Fireworks,146
2025-06-30T00:00:00.000,Illegal Parking,1525
2025-06-30T00:00:00.000,Noise - Residential,630
2025-06-30T00:00:00.000,Noise - Street/Sidewalk,609
2025-06-30T00:00:00.000,Rodent,149
2025-06-30T00:00:00.000,Street Condition,258
2025-07-01T00:00:00.000,Blocked Driveway,456
2025-07-01T00:00:00.000,Damaged Tree,157
2025-07-01T00:00:00.000,Dead/Dying Tree,45
2025-07-01T00:00:00.000,Dirty Condition,219
2025-07-01T00:00:00.000,HEAT/HOT WATER,125
2025-07-01T00:00:00.000,Illegal Fireworks,73
2025-07-01T00:00:00.000,Illegal Parking,1523
2025-07-01T00:00:00.000,Noise - Residential,462
2025-07-01T00:00:00.000,Noise - Street/Sidewalk,316
2025-07-01T00:00:00.000,Rodent,138
2025-07-01T00:00:00.000,Street Condition,238
2025-07-02T00:00:00.000,Blocked Driveway,425
2025-07-02T00:00:00.000,Damaged Tree,122
2025-07-02T00:00:00.000,Dead/Dying Tree,45
2025-07-02T00:00:00.000,Dirty Condition,234
2025-07-02T00:00:00.000,HEAT/HOT WATER,139
2025-07-02T00:00:00.000,Illegal Fireworks,229
2025-07-02T00:00:00.000,Illegal Parking,1549
2025-07-02T00:00:00.000,Noise - Residential,558
2025-07-02T00:00:00.000,Noise - Street/Sidewalk,502
2025-07-02T00:00:00.000,Rodent,150
2025-07-02T00:00:00.000,Street Condition,289
2025-07-03T00:00:00.000,Blocked Driveway,367
2025-07-03T00:00:00.000,Damaged Tree,152
2025-07-03T00:00:00.000,Dead/Dying Tree,73
2025-07-03T00:00:00.000,Dirty Condition,192
2025-07-03T00:00:00.000,HEAT/HOT WATER,89
2025-07-03T00:00:00.000,Illegal Fireworks,631
2025-07-03T00:00:00.000,Illegal Parking,1480
2025-07-03T00:00:00.000,Noise - Residential,640
2025-07-03T00:00:00.000,Noise - Street/Sidewalk,623
2025-07-03T00:00:00.000,Rodent,115
2025-07-03T00:00:00.000,Street Condition,227
2025-07-04T00:00:00.000,Blocked Driveway,382
2025-07-04T00:00:00.000,Damaged Tree,82
2025-07-04T00:00:00.000,Dead/Dying Tree,39
2025-07-04T00:00:00.000,Dirty Condition,164
2025-07-04T00:00:00.000,HEAT/HOT WATER,63
2025-07-04T00:00:00.000,Illegal Fireworks,3136
2025-07-04T00:00:00.000,Illegal Parking,1148
2025-07-04T00:00:00.000,Noise - Residential,1340
2025-07-04T00:00:00.000,Noise - Street/Sidewalk,1456
2025-07-04T00:00:00.000,Rodent,65
2025-07-04T00:00:00.000,Street Condition,64
2025-07-05T00:00:00.000,Blocked Driveway,405
2025-07-05T00:00:00.000,Damaged Tree,91
2025-07-05T00:00:00.000,Dead/Dying Tree,13
2025-07-05T00:00:00.000,Dirty Condition,163
2025-07-05T00:00:00.000,HEAT/HOT WATER,63
2025-07-05T00:00:00.000,Illegal Fireworks,1714
2025-07-05T00:00:00.000,Illegal Parking,1208
2025-07-05T00:00:00.000,Noise - Residential,1757
2025-07-05T00:00:00.000,Noise - Street/Sidewalk,1926
2025-07-05T00:00:00.000,Rodent,79
2025-07-05T00:00:00.000,Street Condition,115
2025-07-06T00:00:00.000,Blocked Driveway,387
2025-07-06T00:00:00.000,Damaged Tree,84
2025-07-06T00:00:00.000,Dead/Dying Tree,23
2025-07-06T00:00:00.000,Dirty Condition,175
2025-07-06T00:00:00.000,HEAT/HOT WATER,84
2025-07-06T00:00:00.000,Illegal Fireworks,529
2025-07-06T00:00:00.000,Illegal Parking,1391
2025-07-06T00:00:00.000,Noise - Residential,1291
2025-07-06T00:00:00.000,Noise - Street/Sidewalk,1260
2025-07-06T00:00:00.000,Rodent,96
2025-07-06T00:00:00.000,Street Condition,104
2025-07-07T00:00:00.000,Blocked Driveway,431
2025-07-07T00:00:00.000,Damaged Tree,127
2025-07-07T00:00:00.000,Dead/Dying Tree,60
2025-07-07T00:00:00.000,Dirty Condition,292
2025-07-07T00:00:00.000,HEAT/HOT WATER,114
2025-07-07T00:00:00.000,Illegal Fireworks,186
2025-07-07T00:00:00.000,Illegal Parking,1509
2025-07-07T00:00:00.000,Noise - Residential,549
2025-07-07T00:00:00.000,Noise - Street/Sidewalk,401
2025-07-07T00:00:00.000,Rodent,150
2025-07-07T00:00:00.000,Street Condition,222
2025-07-08T00:00:00.000,Blocked Driveway,408
2025-07-08T00:00:00.000,Damaged Tree,158
2025-07-08T00:00:00.000,Dead/Dying Tree,75
2025-07-08T00:00:00.000,Dirty Condition,245
2025-07-08T00:00:00.000,HEAT/HOT WATER,108
2025-07-08T00:00:00.000,Illegal Fireworks,81
2025-07-08T00:00:00.000,Illegal Parking,1547
2025-07-08T00:00:00.000,Noise - Residential,514
2025-07-08T00:00:00.000,Noise - Street/Sidewalk,308
2025-07-08T00:00:00.000,Rodent,120
2025-07-08T00:00:00.000,Street Condition,212
2025-07-09T00:00:00.000,Blocked Driveway,418
2025-07-09T00:00:00.000,Damaged Tree,175
2025-07-09T00:00:00.000,Dead/Dying Tree,59
2025-07-09T00:00:00.000,Dirty Condition,214
2025-07-09T00:00:00.000,HEAT/HOT WATER,103
2025-07-09T00:00:00.000,Illegal Fireworks,54
2025-07-09T00:00:00.000,Illegal Parking,1571
2025-07-09T00:00:00.000,Noise - Residential,507
2025-07-09T00:00:00.000,Noise - Street/Sidewalk,340
2025-07-09T00:00:00.000,Rodent,117
2025-07-09T00:00:00.000,Street Condition,271
2025-07-10T00:00:00.000,Blocked Driveway,439
2025-07-10T00:00:00.000,Damaged Tree,138
2025-07-10T00:00:00.000,Dead/Dying Tree,61
2025-07-10T00:00:00.000,Dirty Condition,260
2025-07-10T00:00:00.000,HEAT/HOT WATER,82
2025-07-10T00:00:00.000,Illegal Fireworks,44
2025-07-10T00:00:00.000,Illegal Parking,1635
2025-07-10T00:00:00.000,Noise - Residential,569
2025-07-10T00:00:00.000,Noise - Street/Sidewalk,397
2025-07-10T00:00:00.000,Rodent,155
2025-07-10T00:00:00.000,Street Condition,303
2025-07-11T00:00:00.000,Blocked Driveway,465
2025-07-11T00:00:00.000,Damaged Tree,105
2025-07-11T00:00:00.000,Dead/Dying Tree,49
2025-07-11T00:00:00.000,Dirty Condition,234
2025-07-11T00:00:00.000,HEAT/HOT WATER,92
2025-07-11T00:00:00.000,Illegal Fireworks,49
2025-07-11T00:00:00.000,Illegal Parking,1590
2025-07-11T00:00:00.000,Noise - Residential,716
2025-07-11T00:00:00.000,Noise - Street/Sidewalk,661
2025-07-11T00:00:00.000,Rodent,124
2025-07-11T00:00:00.000,Street Condition,175
2025-07-12T00:00:00.000,Blocked Driveway,505
2025-07-12T00:00:00.000,Damaged Tree,57
2025-07-12T00:00:00.000,Dead/Dying Tree,23
2025-07-12T00:00:00.000,Dirty Condition,178
2025-07-12T00:00:00.000,HEAT/HOT WATER,73
2025-07-12T00:00:00.000,Illegal Fireworks,97
2025-07-12T00:00:00.000,Illegal Parking,1539
2025-07-12T00:00:00.000,Noise - Residential,1309
2025-07-12T00:00:00.000,Noise - Street/Sidewalk,1272
2025-07-12T00:00:00.000,Rodent,89
2025-07-12T00:00:00.000,Street Condition,114
2025-07-13T00:00:00.000,Blocked Driveway,484
2025-07-13T00:00:00.000,Damaged Tree,57
2025-07-13T00:00:00.000,Dead/Dying Tree,13
2025-07-13T00:00:00.000,Dirty Condition,188
2025-07-13T00:00:00.000,HEAT/HOT WATER,89
2025-07-13T00:00:00.000,Illegal Fireworks,91
2025-07-13T00:00:00.000,Illegal Parking,1576
2025-07-13T00:00:00.000,Noise - Residential,1359
2025-07-13T00:00:00.000,Noise - Street/Sidewalk,1488
2025-07-13T00:00:00.000,Rodent,95
2025-07-13T00:00:00.000,Street Condition,146
2025-07-14T00:00:00.000,Blocked Driveway,469
2025-07-14T00:00:00.000,Damaged Tree,173
2025-07-14T00:00:00.000,Dead/Dying Tree,49
2025-07-14T00:00:00.000,Dirty Condition,250
2025-07-14T00:00:00.000,HEAT/HOT WATER,109
2025-07-14T00:00:00.000,Illegal Fireworks,10
2025-07-14T00:00:00.000,Illegal Parking,1429
2025-07-14T00:00:00.000,Noise - Residential,572
2025-07-14T00:00:00.000,Noise - Street/Sidewalk,311
2025-07-14T00:00:00.000,Rodent,142
2025-07-14T00:00:00.000,Street Condition,195
2025-07-15T00:00:00.000,Blocked Driveway,422
2025-07-15T00:00:00.000,Damaged Tree,224
2025-07-15T00:00:00.000,Dead/Dying Tree,69
2025-07-15T00:00:00.000,Dirty Condition,270
2025-07-15T00:00:00.000,HEAT/HOT WATER,147
2025-07-15T00:00:00.000,Illegal Fireworks,21
2025-07-15T00:00:00.000,Illegal Parking,1666
2025-07-15T00:00:00.000,Noise - Residential,487
2025-07-15T00:00:00.000,Noise - Street/Sidewalk,299
2025-07-15T00:00:00.000,Rodent,160
2025-07-15T00:00:00.000,Street Condition,279
2025-07-16T00:00:00.000,Blocked Driveway,405
2025-07-16T00:00:00.000,Damaged Tree,147
2025-07-16T00:00:00.000,Dead/Dying Tree,57
2025-07-16T00:00:00.000,Dirty Condition,243
2025-07-16T00:00:00.000,HEAT/HOT WATER,101
2025-07-16T00:00:00.000,Illegal Fireworks,32
2025-07-16T00:00:00.000,Illegal Parking,1571
2025-07-16T00:00:00.000,Noise - Residential,579
2025-07-16T00:00:00.000,Noise - Street/Sidewalk,475
2025-07-16T00:00:00.000,Rodent,140
2025-07-16T00:00:00.000,Street Condition,249
2025-07-17T00:00:00.000,Blocked Driveway,411
2025-07-17T00:00:00.000,Damaged Tree,139
2025-07-17T00:00:00.000,Dead/Dying Tree,59
2025-07-17T00:00:00.000,Dirty Condition,237
2025-07-17T00:00:00.000,HEAT/HOT WATER,104
2025-07-17T00:00:00.000,Illegal Fireworks,12
2025-07-17T00:00:00.000,Illegal Parking,1566
2025-07-17T00:00:00.000,Noise - Residential,574
2025-07-17T00:00:00.000,Noise - Street/Sidewalk,505
2025-07-17T00:00:00.000,Rodent,154
2025-07-17T00:00:00.000,Street Condition,269
2025-07-18T00:00:00.000,Blocked Driveway,452
2025-07-18T00:00:00.000,Damaged Tree,137
2025-07-18T00:00:00.000,Dead/Dying Tree,54
2025-07-18T00:00:00.000,Dirty Condition,231
2025-07-18T00:00:00.000,HEAT/HOT WATER,96
2025-07-18T00:00:00.000,Illegal Fireworks,24
2025-07-18T00:00:00.000,Illegal Parking,1581
2025-07-18T00:00:00.000,Noise - Residential,772
2025-07-18T00:00:00.000,Noise - Street/Sidewalk,747
2025-07-18T00:00:00.000,Rodent,99
2025-07-18T00:00:00.000,Street Condition,188
2025-07-19T00:00:00.000,Blocked Driveway,424
2025-07-19T00:00:00.000,Damaged Tree,68
2025-07-19T00:00:00.000,Dead/Dying Tree,21
2025-07-19T00:00:00.000,Dirty Condition,161
2025-07-19T00:00:00.000,HEAT/HOT WATER,71
2025-07-19T00:00:00.000,Illegal Fireworks,52
2025-07-19T00:00:00.000,Illegal Parking,1506
2025-07-19T00:00:00.000,Noise - Residential,1392
2025-07-19T00:00:00.000,Noise - Street/Sidewalk,1223
2025-07-19T00:00:00.000,Rodent,84
2025-07-19T00:00:00.000,Street Condition,108
2025-07-20T00:00:00.000,Blocked Driveway,454
2025-07-20T00:00:00.000,Damaged Tree,84
2025-07-20T00:00:00.000,Dead/Dying Tree,26
2025-07-20T00:00:00.000,Dirty Condition,162
2025-07-20T00:00:00.000,HEAT/HOT WATER,64
2025-07-20T00:00:00.000,Illegal Fireworks,61
2025-07-20T00:00:00.000,Illegal Parking,1607
2025-07-20T00:00:00.000,Noise - Residential,1476
2025-07-20T00:00:00.000,Noise - Street/Sidewalk,1359
2025-07-20T00:00:00.000,Rodent,70
2025-07-20T00:00:00.000,Street Condition,117
2025-07-21T00:00:00.000,Blocked Driveway,439
2025-07-21T00:00:00.000,Damaged Tree,127
2025-07-21T00:00:00.000,Dead/Dying Tree,59
2025-07-21T00:00:00.000,Dirty Condition,260
2025-07-21T00:00:00.000,HEAT/HOT WATER,115
2025-07-21T00:00:00.000,Illegal Fireworks,10
2025-07-21T00:00:00.000,Illegal Parking,1605
2025-07-21T00:00:00.000,Noise - Residential,720
2025-07-21T00:00:00.000,Noise - Street/Sidewalk,687
2025-07-21T00:00:00.000,Rodent,157
2025-07-21T00:00:00.000,Street Condition,240
2025-07-22T00:00:00.000,Blocked Driveway,398
2025-07-22T00:00:00.000,Damaged Tree,112
2025-07-22T00:00:00.000,Dead/Dying Tree,40
2025-07-22T00:00:00.000,Dirty Condition,271
2025-07-22T00:00:00.000,HEAT/HOT WATER,106
2025-07-22T00:00:00.000,Illegal Fireworks,18
2025-07-22T00:00:00.000,Illegal Parking,1690
2025-07-22T00:00:00.000,Noise - Residential,649
2025-07-22T00:00:00.000,Noise - Street/Sidewalk,491
2025-07-22T00:00:00.000,Rodent,120
2025-07-22T00:00:00.000,Street Condition,259
2025-07-23T00:00:00.000,Blocked Driveway,383
2025-07-23T00:00:00.000,Damaged Tree,102
2025-07-23T00:00:00.000,Dead/Dying Tree,43
2025-07-23T00:00:00.000,Dirty Condition,245
2025-07-23T00:00:00.000,HEAT/HOT WATER,97
2025-07-23T00:00:00.000,Illegal Fireworks,14
2025-07-23T00:00:00.000,Illegal Parking,1595
2025-07-23T00:00:00.000,Noise - Residential,665
2025-07-23T00:00:00.000,Noise - Street/Sidewalk,490
2025-07-23T00:00:00.000,Rodent,127
2025-07-23T00:00:00.000,Street Condition,278
2025-07-24T00:00:00.000,Blocked Driveway,387
2025-07-24T00:00:00.000,Damaged Tree,110
2025-07-24T00:00:00.000,Dead/Dying Tree,57
2025-07-24T00:00:00.000,Dirty Condition,247
2025-07-24T00:00:00.000,HEAT/HOT WATER,88
2025-07-24T00:00:00.000,Illegal Fireworks,20
2025-07-24T00:00:00.000,Illegal Parking,1536
2025-07-24T00:00:00.000,Noise - Residential,687
2025-07-24T00:00:00.000,Noise - Street/Sidewalk,464
2025-07-24T00:00:00.000,Rodent,99
2025-07-24T00:00:00.000,Street Condition,231
2025-07-25T00:00:00.000,Blocked Driveway,476
2025-07-25T00:00:00.000,Damaged Tree,409
2025-07-25T00:00:00.000,Dead/Dying Tree,52
2025-07-25T00:00:00.000,Dirty Condition,205
2025-07-25T00:00:00.000,HEAT/HOT WATER,82
2025-07-25T00:00:00.000,Illegal Fireworks,12
2025-07-25T00:00:00.000,Illegal Parking,1451
2025-07-25T00:00:00.000,Noise - Residential,790
2025-07-25T00:00:00.000,Noise - Street/Sidewalk,634
2025-07-25T00:00:00.000,Rodent,110
2025-07-25T00:00:00.000,Street Condition,176
2025-07-26T00:00:00.000,Blocked Driveway,446
2025-07-26T00:00:00.000,Damaged Tree,193
2025-07-26T00:00:00.000,Dead/Dying Tree,44
2025-07-26T00:00:00.000,Dirty Condition,169
2025-07-26T00:00:00.000,HEAT/HOT WATER,96
2025-07-26T00:00:00.000,Illegal Fireworks,41
2025-07-26T00:00:00.000,Illegal Parking,1542
2025-07-26T00:00:00.000,Noise - Residential,1736
2025-07-26T00:00:00.000,Noise - Street/Sidewalk,1220
2025-07-26T00:00:00.000,Rodent,80
2025-07-26T00:00:00.000,Street Condition,97
2025-07-27T00:00:00.000,Blocked Driveway,474
2025-07-27T00:00:00.000,Damaged Tree,128
2025-07-27T00:00:00.000,Dead/Dying Tree,28
2025-07-27T00:00:00.000,Dirty Condition,186
2025-07-27T00:00:00.000,HEAT/HOT WATER,97
2025-07-27T00:00:00.000,Illegal Fireworks,34
2025-07-27T00:00:00.000,Illegal Parking,1501
2025-07-27T00:00:00.000,Noise - Residential,1648
2025-07-27T00:00:00.000,Noise - Street/Sidewalk,1741
2025-07-27T00:00:00.000,Rodent,101
2025-07-27T00:00:00.000,Street Condition,128
2025-07-28T00:00:00.000,Blocked Driveway,451
2025-07-28T00:00:00.000,Damaged Tree,173
2025-07-28T00:00:00.000,Dead/Dying Tree,75
2025-07-28T00:00:00.000,Dirty Condition,284
2025-07-28T00:00:00.000,HEAT/HOT WATER,99
2025-07-28T00:00:00.000,Illegal Fireworks,12
2025-07-28T00:00:00.000,Illegal Parking,1574
2025-07-28T00:00:00.000,Noise - Residential,680
2025-07-28T00:00:00.000,Noise - Street/Sidewalk,562
2025-07-28T00:00:00.000,Rodent,140
2025-07-28T00:00:00.000,Street Condition,214
2025-07-29T00:00:00.000,Blocked Driveway,489
2025-07-29T00:00:00.000,Damaged Tree,148
2025-07-29T00:00:00.000,Dead/Dying Tree,60
2025-07-29T00:00:00.000,Dirty Condition,232
2025-07-29T00:00:00.000,HEAT/HOT WATER,118
2025-07-29T00:00:00.000,Illegal Fireworks,9
2025-07-29T00:00:00.000,Illegal Parking,1487
2025-07-29T00:00:00.000,Noise - Residential,607
2025-07-29T00:00:00.000,Noise - Street/Sidewalk,499
2025-07-29T00:00:00.000,Rodent,124
2025-07-29T00:00:00.000,Street Condition,230
2025-07-30T00:00:00.000,Blocked Driveway,449
2025-07-30T00:00:00.000,Damaged Tree,118
2025-07-30T00:00:00.000,Dead/Dying Tree,43
2025-07-30T00:00:00.000,Dirty Condition,233
2025-07-30T00:00:00.000,HEAT/HOT WATER,111
2025-07-30T00:00:00.000,Illegal Fireworks,7
2025-07-30T00:00:00.000,Illegal Parking,1446
2025-07-30T00:00:00.000,Noise - Residential,540
2025-07-30T00:00:00.000,Noise - Street/Sidewalk,384
2025-07-30T00:00:00.000,Rodent,124
2025-07-30T00:00:00.000,Street Condition,171
2025-07-31T00:00:00.000,Blocked Driveway,400
2025-07-31T00:00:00.000,Damaged Tree,198
2025-07-31T00:00:00.000,Dead/Dying Tree,52
2025-07-31T00:00:00.000,Dirty Condition,226
2025-07-31T00:00:00.000,HEAT/HOT WATER,83
2025-07-31T00:00:00.000,Illegal Fireworks,2
2025-07-31T00:00:00.000,Illegal Parking,1382
2025-07-31T00:00:00.000,Noise - Residential,514
2025-07-31T00:00:00.000,Noise - Street/Sidewalk,246
2025-07-31T00:00:00.000,Rodent,111
2025-07-31T00:00:00.000,Street Condition,229
2025-08-01T00:00:00.000,Blocked Driveway,420
2025-08-01T00:00:00.000,Damaged Tree,202
2025-08-01T00:00:00.000,Dead/Dying Tree,67
2025-08-01T00:00:00.000,Dirty Condition,220
2025-08-01T00:00:00.000,HEAT/HOT WATER,95
2025-08-01T00:00:00.000,Illegal Fireworks,21
2025-08-01T00:00:00.000,Illegal Parking,1458
2025-08-01T00:00:00.000,Noise - Residential,816
2025-08-01T00:00:00.000,Noise - Street/Sidewalk,637
2025-08-01T00:00:00.000,Rodent,107
2025-08-01T00:00:00.000,Street Condition,296
2025-08-02T00:00:00.000,Blocked Driveway,411
2025-08-02T00:00:00.000,Damaged Tree,100
2025-08-02T00:00:00.000,Dead/Dying Tree,25
2025-08-02T00:00:00.000,Dirty Condition,172
2025-08-02T00:00:00.000,HEAT/HOT WATER,68
2025-08-02T00:00:00.000,Illegal Fireworks,33
2025-08-02T00:00:00.000,Illegal Parking,1486
2025-08-02T00:00:00.000,Noise - Residential,2241
2025-08-02T00:00:00.000,Noise - Street/Sidewalk,1442
2025-08-02T00:00:00.000,Rodent,100
2025-08-02T00:00:00.000,Street Condition,150
2025-08-03T00:00:00.000,Blocked Driveway,474
2025-08-03T00:00:00.000,Damaged Tree,81
2025-08-03T00:00:00.000,Dead/Dying Tree,42
2025-08-03T00:00:00.000,Dirty Condition,186
2025-08-03T00:00:00.000,HEAT/HOT WATER,78
2025-08-03T00:00:00.000,Illegal Fireworks,34
2025-08-03T00:00:00.000,Illegal Parking,1525
2025-08-03T00:00:00.000,Noise - Residential,1662
2025-08-03T00:00:00.000,Noise - Street/Sidewalk,1580
2025-08-03T00:00:00.000,Rodent,89
2025-08-03T00:00:00.000,Street Condition,139
2025-08-04T00:00:00.000,Blocked Driveway,444
2025-08-04T00:00:00.000,Damaged Tree,129
2025-08-04T00:00:00.000,Dead/Dying Tree,61
2025-08-04T00:00:00.000,Dirty Condition,278
2025-08-04T00:00:00.000,HEAT/HOT WATER,98
2025-08-04T00:00:00.000,Illegal Fireworks,16
2025-08-04T00:00:00.000,Illegal Parking,1684
2025-08-04T00:00:00.000,Noise - Residential,794
2025-08-04T00:00:00.000,Noise - Street/Sidewalk,558
2025-08-04T00:00:00.000,Rodent,139
2025-08-04T00:00:00.000,Street Condition,214
2025-08-05T00:00:00.000,Blocked Driveway,408
2025-08-05T00:00:00.000,Damaged Tree,112
2025-08-05T00:00:00.000,Dead/Dying Tree,52
2025-08-05T00:00:00.000,Dirty Condition,283
2025-08-05T00:00:00.000,HEAT/HOT WATER,102
2025-08-05T00:00:00.000,Illegal Fireworks,13
2025-08-05T00:00:00.000,Illegal Parking,1657
2025-08-05T00:00:00.000,Noise - Residential,673
2025-08-05T00:00:00.000,Noise - Street/Sidewalk,410
2025-08-05T00:00:00.000,Rodent,126
2025-08-05T00:00:00.000,Street Condition,230
2025-08-06T00:00:00.000,Blocked Driveway,383
2025-08-06T00:00:00.000,Damaged Tree,98
2025-08-06T00:00:00.000,Dead/Dying Tree,45
2025-08-06T00:00:00.000,Dirty Condition,282
2025-08-06T00:00:00.000,HEAT/HOT WATER,79
2025-08-06T00:00:00.000,Illegal Fireworks,6
2025-08-06T00:00:00.000,Illegal Parking,1588
2025-08-06T00:00:00.000,Noise - Residential,664
2025-08-06T00:00:00.000,Noise - Street/Sidewalk,427
2025-08-06T00:00:00.000,Rodent,118
2025-08-06T00:00:00.000,Street Condition,252
2025-08-07T00:00:00.000,Blocked Driveway,435
2025-08-07T00:00:00.000,Damaged Tree,114
2025-08-07T00:00:00.000,Dead/Dying Tree,57
2025-08-07T00:00:00.000,Dirty Condition,255
2025-08-07T00:00:00.000,HEAT/HOT WATER,75
2025-08-07T00:00:00.000,Illegal Fireworks,8
2025-08-07T00:00:00.000,Illegal Parking,1511
2025-08-07T00:00:00.000,Noise - Residential,649
2025-08-07T00:00:00.000,Noise - Street/Sidewalk,521
2025-08-07T00:00:00.000,Rodent,119
2025-08-07T00:00:00.000,Street Condition,193
2025-08-08T00:00:00.000,Blocked Driveway,416
2025-08-08T00:00:00.000,Damaged Tree,88
2025-08-08T00:00:00.000,Dead/Dying Tree,45
2025-08-08T00:00:00.000,Dirty Condition,209
2025-08-08T00:00:00.000,HEAT/HOT WATER,79
2025-08-08T00:00:00.000,Illegal Fireworks,21
2025-08-08T00:00:00.000,Illegal Parking,1518
2025-08-08T00:00:00.000,Noise - Residential,850
2025-08-08T00:00:00.000,Noise - Street/Sidewalk,784
2025-08-08T00:00:00.000,Rodent,118
2025-08-08T00:00:00.000,Street Condition,152
2025-08-09T00:00:00.000,Blocked Driveway,474
2025-08-09T00:00:00.000,Damaged Tree,61
2025-08-09T00:00:00.000,Dead/Dying Tree,26
2025-08-09T00:00:00.000,Dirty Condition,166
2025-08-09T00:00:00.000,HEAT/HOT WATER,71
2025-08-09T00:00:00.000,Illegal Fireworks,44
2025-08-09T00:00:00.000,Illegal Parking,1453
2025-08-09T00:00:00.000,Noise - Residential,1630
2025-08-09T00:00:00.000,Noise - Street/Sidewalk,1365
2025-08-09T00:00:00.000,Rodent,81
2025-08-09T00:00:00.000,Street Condition,114
2025-08-10T00:00:00.000,Blocked Driveway,471
2025-08-10T00:00:00.000,Damaged Tree,67
2025-08-10T00:00:00.000,Dead/Dying Tree,31
2025-08-10T00:00:00.000,Dirty Condition,196
2025-08-10T00:00:00.000,HEAT/HOT WATER,84
2025-08-10T00:00:00.000,Illegal Fireworks,47
2025-08-10T00:00:00.000,Illegal Parking,1423
2025-08-10T00:00:00.000,Noise - Residential,1653
2025-08-10T00:00:00.000,Noise - Street/Sidewalk,1585
2025-08-10T00:00:00.000,Rodent,77
2025-08-10T00:00:00.000,Street Condition,130
2025-08-11T00:00:00.000,Blocked Driveway,444
2025-08-11T00:00:00.000,Damaged Tree,111
2025-08-11T00:00:00.000,Dead/Dying Tree,66
2025-08-11T00:00:00.000,Dirty Condition,281
2025-08-11T00:00:00.000,HEAT/HOT WATER,97
2025-08-11T00:00:00.000,Illegal Fireworks,13
2025-08-11T00:00:00.000,Illegal Parking,1609
2025-08-11T00:00:00.000,Noise - Residential,768
2025-08-11T00:00:00.000,Noise - Street/Sidewalk,611
2025-08-11T00:00:00.000,Rodent,110
2025-08-11T00:00:00.000,Street Condition,212
2025-08-12T00:00:00.000,Blocked Driveway,483
2025-08-12T00:00:00.000,Damaged Tree,97
2025-08-12T00:00:00.000,Dead/Dying Tree,68
2025-08-12T00:00:00.000,Dirty Condition,238
2025-08-12T00:00:00.000,HEAT/HOT WATER,94
2025-08-12T00:00:00.000,Illegal Fireworks,6
2025-08-12T00:00:00.000,Illegal Parking,1689
2025-08-12T00:00:00.000,Noise - Residential,575
2025-08-12T00:00:00.000,Noise - Street/Sidewalk,442
2025-08-12T00:00:00.000,Rodent,133
2025-08-12T00:00:00.000,Street Condition,202
2025-08-13T00:00:00.000,Blocked Driveway,430
2025-08-13T00:00:00.000,Damaged Tree,130
2025-08-13T00:00:00.000,Dead/Dying Tree,51
2025-08-13T00:00:00.000,Dirty Condition,250
2025-08-13T00:00:00.000,HEAT/HOT WATER,106
2025-08-13T00:00:00.000,Illegal Fireworks,3
2025-08-13T00:00:00.000,Illegal Parking,1504
2025-08-13T00:00:00.000,Noise - Residential,495
2025-08-13T00:00:00.000,Noise - Street/Sidewalk,323
2025-08-13T00:00:00.000,Rodent,119
2025-08-13T00:00:00.000,Street Condition,209
2025-08-14T00:00:00.000,Blocked Driveway,432
2025-08-14T00:00:00.000,Damaged Tree,185
2025-08-14T00:00:00.000,Dead/Dying Tree,60
2025-08-14T00:00:00.000,Dirty Condition,241
2025-08-14T00:00:00.000,HEAT/HOT WATER,94
2025-08-14T00:00:00.000,Illegal Fireworks,2
2025-08-14T00:00:00.000,Illegal Parking,1582
2025-08-14T00:00:00.000,Noise - Residential,619
2025-08-14T00:00:00.000,Noise - Street/Sidewalk,388
2025-08-14T00:00:00.000,Rodent,135
2025-08-14T00:00:00.000,Street Condition,237
2025-08-15T00:00:00.000,Blocked Driveway,402
2025-08-15T00:00:00.000,Damaged Tree,123
2025-08-15T00:00:00.000,Dead/Dying Tree,49
2025-08-15T00:00:00.000,Dirty Condition,153
2025-08-15T00:00:00.000,HEAT/HOT WATER,84
2025-08-15T00:00:00.000,Illegal Fireworks,16
2025-08-15T00:00:00.000,Illegal Parking,1661
2025-08-15T00:00:00.000,Noise - Residential,752
2025-08-15T00:00:00.000,Noise - Street/Sidewalk,730
2025-08-15T00:00:00.000,Rodent,125
2025-08-15T00:00:00.000,Street Condition,203
2025-08-16T00:00:00.000,Blocked Driveway,406
2025-08-16T00:00:00.000,Damaged Tree,60
2025-08-16T00:00:00.000,Dead/Dying Tree,18
2025-08-16T00:00:00.000,Dirty Condition,191
2025-08-16T00:00:00.000,HEAT/HOT WATER,69
2025-08-16T00:00:00.000,Illegal Fireworks,35
2025-08-16T00:00:00.000,Illegal Parking,1436
2025-08-16T00:00:00.000,Noise - Residential,1422
2025-08-16T00:00:00.000,Noise - Street/Sidewalk,1179
2025-08-16T00:00:00.000,Rodent,69
2025-08-16T00:00:00.000,Street Condition,110
2025-08-17T00:00:00.000,Blocked Driveway,432
2025-08-17T00:00:00.000,Damaged Tree,51
2025-08-17T00:00:00.000,Dead/Dying Tree,23
2025-08-17T00:00:00.000,Dirty Condition,184
2025-08-17T00:00:00.000,HEAT/HOT WATER,76
2025-08-17T00:00:00.000,Illegal Fireworks,11
2025-08-17T00:00:00.000,Illegal Parking,1492
2025-08-17T00:00:00.000,Noise - Residential,1325
2025-08-17T00:00:00.000,Noise - Street/Sidewalk,1097
2025-08-17T00:00:00.000,Rodent,85
2025-08-17T00:00:00.000,Street Condition,134
2025-08-18T00:00:00.000,Blocked Driveway,427
2025-08-18T00:00:00.000,Damaged Tree,188
2025-08-18T00:00:00.000,Dead/Dying Tree,47
2025-08-18T00:00:00.000,Dirty Condition,237
2025-08-18T00:00:00.000,HEAT/HOT WATER,101
2025-08-18T00:00:00.000,Illegal Fireworks,8
2025-08-18T00:00:00.000,Illegal Parking,1574
2025-08-18T00:00:00.000,Noise - Residential,702
2025-08-18T00:00:00.000,Noise - Street/Sidewalk,490
2025-08-18T00:00:00.000,Rodent,127
2025-08-18T00:00:00.000,Street Condition,213
2025-08-19T00:00:00.000,Blocked Driveway,396
2025-08-19T00:00:00.000,Damaged Tree,93
2025-08-19T00:00:00.000,Dead/Dying Tree,45
2025-08-19T00:00:00.000,Dirty Condition,227
2025-08-19T00:00:00.000,HEAT/HOT WATER,101
2025-08-19T00:00:00.000,Illegal Fireworks,7
2025-08-19T00:00:00.000,Illegal Parking,1680
2025-08-19T00:00:00.000,Noise - Residential,746
2025-08-19T00:00:00.000,Noise - Street/Sidewalk,492
2025-08-19T00:00:00.000,Rodent,120
2025-08-19T00:00:00.000,Street Condition,214
2025-08-20T00:00:00.000,Blocked Driveway,394
2025-08-20T00:00:00.000,Damaged Tree,111
2025-08-20T00:00:00.000,Dead/Dying Tree,44
2025-08-20T00:00:00.000,Dirty Condition,157
2025-08-20T00:00:00.000,HEAT/HOT WATER,95
2025-08-20T00:00:00.000,Illegal Fireworks,1
2025-08-20T00:00:00.000,Illegal Parking,1206
2025-08-20T00:00:00.000,Noise - Residential,668
2025-08-20T00:00:00.000,Noise - Street/Sidewalk,235
2025-08-20T00:00:00.000,Rodent,110
2025-08-20T00:00:00.000,Street Condition,207
2025-08-21T00:00:00.000,Blocked Driveway,389
2025-08-21T00:00:00.000,Damaged Tree,220
2025-08-21T00:00:00.000,Dead/Dying Tree,65
2025-08-21T00:00:00.000,Dirty Condition,153
2025-08-21T00:00:00.000,HEAT/HOT WATER,115
2025-08-21T00:00:00.000,Illegal Parking,1480
2025-08-21T00:00:00.000,Noise - Residential,677
2025-08-21T00:00:00.000,Noise - Street/Sidewalk,422
2025-08-21T00:00:00.000,Rodent,156
2025-08-21T00:00:00.000,Street Condition,163
2025-08-22T00:00:00.000,Blocked Driveway,422
2025-08-22T00:00:00.000,Damaged Tree,105
2025-08-22T00:00:00.000,Dead/Dying Tree,53
2025-08-22T00:00:00.000,Dirty Condition,165
2025-08-22T00:00:00.000,HEAT/HOT WATER,85
2025-08-22T00:00:00.000,Illegal Fireworks,6
2025-08-22T00:00:00.000,Illegal Parking,1481
2025-08-22T00:00:00.000,Noise - Residential,981
2025-08-22T00:00:00.000,Noise - Street/Sidewalk,855
2025-08-22T00:00:00.000,Rodent,108
2025-08-22T00:00:00.000,Street Condition,194
2025-08-23T00:00:00.000,Blocked Driveway,426
2025-08-23T00:00:00.000,Damaged Tree,77
2025-08-23T00:00:00.000,Dead/Dying Tree,27
2025-08-23T00:00:00.000,Dirty Condition,166
2025-08-23T00:00:00.000,HEAT/HOT WATER,99
2025-08-23T00:00:00.000,Illegal Fireworks,32
2025-08-23T00:00:00.000,Illegal Parking,1431
2025-08-23T00:00:00.000,Noise - Residential,1893
2025-08-23T00:00:00.000,Noise - Street/Sidewalk,1535
2025-08-23T00:00:00.000,Rodent,89
2025-08-23T00:00:00.000,Street Condition,109
2025-08-24T00:00:00.000,Blocked Driveway,409
2025-08-24T00:00:00.000,Damaged Tree,93
2025-08-24T00:00:00.000,Dead/Dying Tree,19
2025-08-24T00:00:00.000,Dirty Condition,181
2025-08-24T00:00:00.000,HEAT/HOT WATER,99
2025-08-24T00:00:00.000,Illegal Fireworks,11
2025-08-24T00:00:00.000,Illegal Parking,1443
2025-08-24T00:00:00.000,Noise - Residential,1503
2025-08-24T00:00:00.000,Noise - Street/Sidewalk,1462
2025-08-24T00:00:00.000,Rodent,77
2025-08-24T00:00:00.000,Street Condition,109
2025-08-25T00:00:00.000,Blocked Driveway,442
2025-08-25T00:00:00.000,Damaged Tree,108
2025-08-25T00:00:00.000,Dead/Dying Tree,52
2025-08-25T00:00:00.000,Dirty Condition,206
2025-08-25T00:00:00.000,HEAT/HOT WATER,113
2025-08-25T00:00:00.000,Illegal Fireworks,7
2025-08-25T00:00:00.000,Illegal Parking,1496
2025-08-25T00:00:00.000,Noise - Residential,785
2025-08-25T00:00:00.000,Noise - Street/Sidewalk,491
2025-08-25T00:00:00.000,Rodent,146
2025-08-25T00:00:00.000,Street Condition,215
2025-08-26T00:00:00.000,Blocked Driveway,431
2025-08-26T00:00:00.000,Damaged Tree,106
2025-08-26T00:00:00.000,Dead/Dying Tree,45
2025-08-26T00:00:00.000,Dirty Condition,196
2025-08-26T00:00:00.000,HEAT/HOT WATER,140
2025-08-26T00:00:00.000,Illegal Fireworks,2
2025-08-26T00:00:00.000,Illegal Parking,1648
2025-08-26T00:00:00.000,Noise - Residential,714
2025-08-26T00:00:00.000,Noise - Street/Sidewalk,513
2025-08-26T00:00:00.000,Rodent,108
2025-08-26T00:00:00.000,Street Condition,238
2025-08-27T00:00:00.000,Blocked Driveway,422
2025-08-27T00:00:00.000,Damaged Tree,120
2025-08-27T00:00:00.000,Dead/Dying Tree,47
2025-08-27T00:00:00.000,Dirty Condition,215
2025-08-27T00:00:00.000,HEAT/HOT WATER,109
2025-08-27T00:00:00.000,Illegal Fireworks,2
2025-08-27T00:00:00.000,Illegal Parking,1543
2025-08-27T00:00:00.000,Noise - Residential,771
2025-08-27T00:00:00.000,Noise - Street/Sidewalk,460
2025-08-27T00:00:00.000,Rodent,131
2025-08-27T00:00:00.000,Street Condition,205
2025-08-28T00:00:00.000,Blocked Driveway,402
2025-08-28T00:00:00.000,Damaged Tree,76
2025-08-28T00:00:00.000,Dead/Dying Tree,37
2025-08-28T00:00:00.000,Dirty Condition,209
2025-08-28T00:00:00.000,HEAT/HOT WATER,95
2025-08-28T00:00:00.000,Illegal Fireworks,4
2025-08-28T00:00:00.000,Illegal Parking,1614
2025-08-28T00:00:00.000,Noise - Residential,782
2025-08-28T00:00:00.000,Noise - Street/Sidewalk,558
2025-08-28T00:00:00.000,Rodent,109
2025-08-28T00:00:00.000,Street Condition,209
2025-08-29T00:00:00.000,Blocked Driveway,402
2025-08-29T00:00:00.000,Damaged Tree,88
2025-08-29T00:00:00.000,Dead/Dying Tree,32
2025-08-29T00:00:00.000,Dirty Condition,199
2025-08-29T00:00:00.000,HEAT/HOT WATER,108
2025-08-29T00:00:00.000,Illegal Fireworks,5
2025-08-29T00:00:00.000,Illegal Parking,1532
2025-08-29T00:00:00.000,Noise - Residential,964
2025-08-29T00:00:00.000,Noise - Street/Sidewalk,724
2025-08-29T00:00:00.000,Rodent,101
2025-08-29T00:00:00.000,Street Condition,156
2025-08-30T00:00:00.000,Blocked Driveway,441
2025-08-30T00:00:00.000,Damaged Tree,47
2025-08-30T00:00:00.000,Dead/Dying Tree,14
2025-08-30T00:00:00.000,Dirty Condition,140
2025-08-30T00:00:00.000,HEAT/HOT WATER,80
2025-08-30T00:00:00.000,Illegal Fireworks,26
2025-08-30T00:00:00.000,Illegal Parking,1462
2025-08-30T00:00:00.000,Noise - Residential,1797
2025-08-30T00:00:00.000,Noise - Street/Sidewalk,1347
2025-08-30T00:00:00.000,Rodent,76
2025-08-30T00:00:00.000,Street Condition,109
2025-08-31T00:00:00.000,Blocked Driveway,514
2025-08-31T00:00:00.000,Damaged Tree,59
2025-08-31T00:00:00.000,Dead/Dying Tree,16
2025-08-31T00:00:00.000,Dirty Condition,178
2025-08-31T00:00:00.000,HEAT/HOT WATER,140
2025-08-31T00:00:00.000,Illegal Fireworks,59
2025-08-31T00:00:00.000,Illegal Parking,1377
2025-08-31T00:00:00.000,Noise - Residential,2185
2025-08-31T00:00:00.000,Noise - Street/Sidewalk,1542
2025-08-31T00:00:00.000,Rodent,80
2025-08-31T00:00:00.000,Street Condition,72
2025-09-01T00:00:00.000,Blocked Driveway,508
2025-09-01T00:00:00.000,Damaged Tree,37
2025-09-01T00:00:00.000,Dead/Dying Tree,24
2025-09-01T00:00:00.000,Dirty Condition,185
2025-09-01T00:00:00.000,HEAT/HOT WATER,128
2025-09-01T00:00:00.000,Illegal Fireworks,74
2025-09-01T00:00:00.000,Illegal Parking,1426
2025-09-01T00:00:00.000,Noise - Residential,1626
2025-09-01T00:00:00.000,Noise - Street/Sidewalk,1300
2025-09-01T00:00:00.000,Rodent,95
2025-09-01T00:00:00.000,Street Condition,96
2025-09-02T00:00:00.000,Blocked Driveway,589
2025-09-02T00:00:00.000,Damaged Tree,79
2025-09-02T00:00:00.000,Dead/Dying Tree,45
2025-09-02T00:00:00.000,Dirty Condition,270
2025-09-02T00:00:00.000,HEAT/HOT WATER,126
2025-09-02T00:00:00.000,Illegal Fireworks,13
2025-09-02T00:00:00.000,Illegal Parking,1863
2025-09-02T00:00:00.000,Noise - Residential,739
2025-09-02T00:00:00.000,Noise - Street/Sidewalk,498
2025-09-02T00:00:00.000,Rodent,136
2025-09-02T00:00:00.000,Street Condition,241
2025-09-03T00:00:00.000,Blocked Driveway,466
2025-09-03T00:00:00.000,Damaged Tree,76
2025-09-03T00:00:00.000,Dead/Dying Tree,44
2025-09-03T00:00:00.000,Dirty Condition,254
2025-09-03T00:00:00.000,HEAT/HOT WATER,126
2025-09-03T00:00:00.000,Illegal Fireworks,8
2025-09-03T00:00:00.000,Illegal Parking,1758
2025-09-03T00:00:00.000,Noise - Residential,694
2025-09-03T00:00:00.000,Noise - Street/Sidewalk,442
2025-09-03T00:00:00.000,Rodent,143
2025-09-03T00:00:00.000,Street Condition,211
2025-09-04T00:00:00.000,Blocked Driveway,549
2025-09-04T00:00:00.000,Damaged Tree,163
2025-09-04T00:00:00.000,Dead/Dying Tree,42
2025-09-04T00:00:00.000,Dirty Condition,266
2025-09-04T00:00:00.000,HEAT/HOT WATER,106
2025-09-04T00:00:00.000,Illegal Fireworks,1
2025-09-04T00:00:00.000,Illegal Parking,1955
2025-09-04T00:00:00.000,Noise - Residential,631
2025-09-04T00:00:00.000,Noise - Street/Sidewalk,366
2025-09-04T00:00:00.000,Rodent,121
2025-09-04T00:00:00.000,Street Condition,194
2025-09-05T00:00:00.000,Blocked Driveway,521
2025-09-05T00:00:00.000,Damaged Tree,143
2025-09-05T00:00:00.000,Dead/Dying Tree,41
2025-09-05T00:00:00.000,Dirty Condition,249
2025-09-05T00:00:00.000,HEAT/HOT WATER,118
2025-09-05T00:00:00.000,Illegal Fireworks,8
2025-09-05T00:00:00.000,Illegal Parking,1848
2025-09-05T00:00:00.000,Noise - Residential,790
2025-09-05T00:00:00.000,Noise - Street/Sidewalk,625
2025-09-05T00:00:00.000,Rodent,113
2025-09-05T00:00:00.000,Street Condition,184
2025-09-06T00:00:00.000,Blocked Driveway,506
2025-09-06T00:00:00.000,Damaged Tree,188
2025-09-06T00:00:00.000,Dead/Dying Tree,18
2025-09-06T00:00:00.000,Dirty Condition,208
2025-09-06T00:00:00.000,HEAT/HOT WATER,92
2025-09-06T00:00:00.000,Illegal Fireworks,27
2025-09-06T00:00:00.000,Illegal Parking,1586
2025-09-06T00:00:00.000,Noise - Residential,1223
2025-09-06T00:00:00.000,Noise - Street/Sidewalk,836
2025-09-06T00:00:00.000,Rodent,79
2025-09-06T00:00:00.000,Street Condition,82
2025-09-07T00:00:00.000,Blocked Driveway,477
2025-09-07T00:00:00.000,Damaged Tree,167
2025-09-07T00:00:00.000,Dead/Dying Tree,22
2025-09-07T00:00:00.000,Dirty Condition,131
2025-09-07T00:00:00.000,HEAT/HOT WATER,137
2025-09-07T00:00:00.000,Illegal Fireworks,14
2025-09-07T00:00:00.000,Illegal Parking,1757
2025-09-07T00:00:00.000,Noise - Residential,1358
2025-09-07T00:00:00.000,Noise - Street/Sidewalk,709
2025-09-07T00:00:00.000,Rodent,83
2025-09-07T00:00:00.000,Street Condition,128
2025-09-08T00:00:00.000,Blocked Driveway,551
2025-09-08T00:00:00.000,Damaged Tree,171
2025-09-08T00:00:00.000,Dead/Dying Tree,60
2025-09-08T00:00:00.000,Dirty Condition,223
2025-09-08T00:00:00.000,HEAT/HOT WATER,124
2025-09-08T00:00:00.000,Illegal Fireworks,3
2025-09-08T00:00:00.000,Illegal Parking,1961
2025-09-08T00:00:00.000,Noise - Residential,777
2025-09-08T00:00:00.000,Noise - Street/Sidewalk,494
2025-09-08T00:00:00.000,Rodent,140
2025-09-08T00:00:00.000,Street Condition,258
2025-09-09T00:00:00.000,Blocked Driveway,551
2025-09-09T00:00:00.000,Damaged Tree,115
2025-09-09T00:00:00.000,Dead/Dying Tree,42
2025-09-09T00:00:00.000,Dirty Condition,255
2025-09-09T00:00:00.000,HEAT/HOT WATER,114
2025-09-09T00:00:00.000,Illegal Fireworks,3
2025-09-09T00:00:00.000,Illegal Parking,1933
2025-09-09T00:00:00.000,Noise - Residential,704
2025-09-09T00:00:00.000,Noise - Street/Sidewalk,430
2025-09-09T00:00:00.000,Rodent,156
2025-09-09T00:00:00.000,Street Condition,267
2025-09-10T00:00:00.000,Blocked Driveway,502
2025-09-10T00:00:00.000,Damaged Tree,145
2025-09-10T00:00:00.000,Dead/Dying Tree,44
2025-09-10T00:00:00.000,Dirty Condition,188
2025-09-10T00:00:00.000,HEAT/HOT WATER,139
2025-09-10T00:00:00.000,Illegal Parking,1885
2025-09-10T00:00:00.000,Noise - Residential,666
2025-09-10T00:00:00.000,Noise - Street/Sidewalk,401
2025-09-10T00:00:00.000,Rodent,114
2025-09-10T00:00:00.000,Street Condition,234
2025-09-11T00:00:00.000,Blocked Driveway,491
2025-09-11T00:00:00.000,Damaged Tree,94
2025-09-11T00:00:00.000,Dead/Dying Tree,50
2025-09-11T00:00:00.000,Dirty Condition,211
2025-09-11T00:00:00.000,HEAT/HOT WATER,122
2025-09-11T00:00:00.000,Illegal Fireworks,1
2025-09-11T00:00:00.000,Illegal Parking,1958
2025-09-11T00:00:00.000,Noise - Residential,707
2025-09-11T00:00:00.000,Noise - Street/Sidewalk,539
2025-09-11T00:00:00.000,Rodent,128
2025-09-11T00:00:00.000,Street Condition,203
2025-09-12T00:00:00.000,Blocked Driveway,536
2025-09-12T00:00:00.000,Damaged Tree,84
2025-09-12T00:00:00.000,Dead/Dying Tree,37
2025-09-12T00:00:00.000,Dirty Condition,198
2025-09-12T00:00:00.000,HEAT/HOT WATER,102
2025-09-12T00:00:00.000,Illegal Fireworks,7
2025-09-12T00:00:00.000,Illegal Parking,1849
2025-09-12T00:00:00.000,Noise - Residential,1012
2025-09-12T00:00:00.000,Noise - Street/Sidewalk,838
2025-09-12T00:00:00.000,Rodent,100
2025-09-12T00:00:00.000,Street Condition,220
2025-09-13T00:00:00.000,Blocked Driveway,526
2025-09-13T00:00:00.000,Damaged Tree,75
2025-09-13T00:00:00.000,Dead/Dying Tree,19
2025-09-13T00:00:00.000,Dirty Condition,139
2025-09-13T00:00:00.000,HEAT/HOT WATER,84
2025-09-13T00:00:00.000,Illegal Fireworks,33
2025-09-13T00:00:00.000,Illegal Parking,1754
2025-09-13T00:00:00.000,Noise - Residential,1761
2025-09-13T00:00:00.000,Noise - Street/Sidewalk,1165
2025-09-13T00:00:00.000,Rodent,76
2025-09-13T00:00:00.000,Street Condition,101
2025-09-14T00:00:00.000,Blocked Driveway,500
2025-09-14T00:00:00.000,Damaged Tree,48
2025-09-14T00:00:00.000,Dead/Dying Tree,16
2025-09-14T00:00:00.000,Dirty Condition,176
2025-09-14T00:00:00.000,HEAT/HOT WATER,80
2025-09-14T00:00:00.000,Illegal Fireworks,4
2025-09-14T00:00:00.000,Illegal Parking,1760
2025-09-14T00:00:00.000,Noise - Residential,1898
2025-09-14T00:00:00.000,Noise - Street/Sidewalk,1237
2025-09-14T00:00:00.000,Rodent,87
2025-09-14T00:00:00.000,Street Condition,106
2025-09-15T00:00:00.000,Blocked Driveway,592
2025-09-15T00:00:00.000,Damaged Tree,79
2025-09-15T00:00:00.000,Dead/Dying Tree,40
2025-09-15T00:00:00.000,Dirty Condition,276
2025-09-15T00:00:00.000,HEAT/HOT WATER,133
2025-09-15T00:00:00.000,Illegal Fireworks,3
2025-09-15T00:00:00.000,Illegal Parking,1866
2025-09-15T00:00:00.000,Noise - Residential,691
2025-09-15T00:00:00.000,Noise - Street/Sidewalk,453
2025-09-15T00:00:00.000,Rodent,140
2025-09-15T00:00:00.000,Street Condition,211
2025-09-16T00:00:00.000,Blocked Driveway,518
2025-09-16T00:00:00.000,Damaged Tree,85
2025-09-16T00:00:00.000,Dead/Dying Tree,38
2025-09-16T00:00:00.000,Dirty Condition,250
2025-09-16T00:00:00.000,HEAT/HOT WATER,117
2025-09-16T00:00:00.000,Illegal Fireworks,3
2025-09-16T00:00:00.000,Illegal Parking,2121
2025-09-16T00:00:00.000,Noise - Residential,684
2025-09-16T00:00:00.000,Noise - Street/Sidewalk,386
2025-09-16T00:00:00.000,Rodent,107
2025-09-16T00:00:00.000,Street Condition,243
2025-09-17T00:00:00.000,Blocked Driveway,486
2025-09-17T00:00:00.000,Damaged Tree,77
2025-09-17T00:00:00.000,Dead/Dying Tree,35
2025-09-17T00:00:00.000,Dirty Condition,246
2025-09-17T00:00:00.000,HEAT/HOT WATER,139
2025-09-17T00:00:00.000,Illegal Fireworks,3
2025-09-17T00:00:00.000,Illegal Parking,1823
2025-09-17T00:00:00.000,Noise - Residential,665
2025-09-17T00:00:00.000,Noise - Street/Sidewalk,301
2025-09-17T00:00:00.000,Rodent,58
2025-09-17T00:00:00.000,Street Condition,251
2025-09-18T00:00:00.000,Blocked Driveway,496
2025-09-18T00:00:00.000,Damaged Tree,63
2025-09-18T00:00:00.000,Dead/Dying Tree,31
2025-09-18T00:00:00.000,Dirty Condition,219
2025-09-18T00:00:00.000,HEAT/HOT WATER,137
2025-09-18T00:00:00.000,Illegal Parking,1911
2025-09-18T00:00:00.000,Noise - Residential,740
2025-09-18T00:00:00.000,Noise - Street/Sidewalk,483
2025-09-18T00:00:00.000,Rodent,77
2025-09-18T00:00:00.000,Street Condition,192
2025-09-19T00:00:00.000,Blocked Driveway,544
2025-09-19T00:00:00.000,Damaged Tree,83
2025-09-19T00:00:00.000,Dead/Dying Tree,39
2025-09-19T00:00:00.000,Dirty Condition,185
2025-09-19T00:00:00.000,HEAT/HOT WATER,134
2025-09-19T00:00:00.000,Illegal Fireworks,10
2025-09-19T00:00:00.000,Illegal Parking,1816
2025-09-19T00:00:00.000,Noise - Residential,960
2025-09-19T00:00:00.000,Noise - Street/Sidewalk,792
2025-09-19T00:00:00.000,Rodent,67
2025-09-19T00:00:00.000,Street Condition,177
2025-09-20T00:00:00.000,Blocked Driveway,457
2025-09-20T00:00:00.000,Damaged Tree,62
2025-09-20T00:00:00.000,Dead/Dying Tree,26
2025-09-20T00:00:00.000,Dirty Condition,134
2025-09-20T00:00:00.000,HEAT/HOT WATER,89
2025-09-20T00:00:00.000,Illegal Fireworks,14
2025-09-20T00:00:00.000,Illegal Parking,1660
2025-09-20T00:00:00.000,Noise - Residential,2520
2025-09-20T00:00:00.000,Noise - Street/Sidewalk,1273
2025-09-20T00:00:00.000,Rodent,39
2025-09-20T00:00:00.000,Street Condition,110
2025-09-21T00:00:00.000,Blocked Driveway,509
2025-09-21T00:00:00.000,Damaged Tree,48
2025-09-21T00:00:00.000,Dead/Dying Tree,14
2025-09-21T00:00:00.000,Dirty Condition,187
2025-09-21T00:00:00.000,HEAT/HOT WATER,100
2025-09-21T00:00:00.000,Illegal Fireworks,5
2025-09-21T00:00:00.000,Illegal Parking,1740
2025-09-21T00:00:00.000,Noise - Residential,2751
2025-09-21T00:00:00.000,Noise - Street/Sidewalk,1078
2025-09-21T00:00:00.000,Rodent,44
2025-09-21T00:00:00.000,Street Condition,81
2025-09-22T00:00:00.000,Blocked Driveway,538
2025-09-22T00:00:00.000,Damaged Tree,78
2025-09-22T00:00:00.000,Dead/Dying Tree,35
2025-09-22T00:00:00.000,Dirty Condition,218
2025-09-22T00:00:00.000,HEAT/HOT WATER,118
2025-09-22T00:00:00.000,Illegal Parking,1822
2025-09-22T00:00:00.000,Noise - Residential,2033
2025-09-22T00:00:00.000,Noise - Street/Sidewalk,429
2025-09-22T00:00:00.000,Rodent,89
2025-09-22T00:00:00.000,Street Condition,227
2025-09-23T00:00:00.000,Blocked Driveway,401
2025-09-23T00:00:00.000,Damaged Tree,56
2025-09-23T00:00:00.000,Dead/Dying Tree,26
2025-09-23T00:00:00.000,Dirty Condition,219
2025-09-23T00:00:00.000,HEAT/HOT WATER,116
2025-09-23T00:00:00.000,Illegal Fireworks,6
2025-09-23T00:00:00.000,Illegal Parking,1547
2025-09-23T00:00:00.000,Noise - Residential,1774
2025-09-23T00:00:00.000,Noise - Street/Sidewalk,416
2025-09-23T00:00:00.000,Rodent,69
2025-09-23T00:00:00.000,Street Condition,177
2025-09-24T00:00:00.000,Blocked Driveway,411
2025-09-24T00:00:00.000,Damaged Tree,74
2025-09-24T00:00:00.000,Dead/Dying Tree,36
2025-09-24T00:00:00.000,Dirty Condition,258
2025-09-24T00:00:00.000,HEAT/HOT WATER,128
2025-09-24T00:00:00.000,Illegal Fireworks,2
2025-09-24T00:00:00.000,Illegal Parking,1612
2025-09-24T00:00:00.000,Noise - Residential,654
2025-09-24T00:00:00.000,Noise - Street/Sidewalk,326
2025-09-24T00:00:00.000,Rodent,79
2025-09-24T00:00:00.000,Street Condition,194
2025-09-25T00:00:00.000,Blocked Driveway,501
2025-09-25T00:00:00.000,Damaged Tree,121
2025-09-25T00:00:00.000,Dead/Dying Tree,38
2025-09-25T00:00:00.000,Dirty Condition,168
2025-09-25T00:00:00.000,HEAT/HOT WATER,117
2025-09-25T00:00:00.000,Illegal Fireworks,1
2025-09-25T00:00:00.000,Illegal Parking,1762
2025-09-25T00:00:00.000,Noise - Residential,912
2025-09-25T00:00:00.000,Noise - Street/Sidewalk,268
2025-09-25T00:00:00.000,Rodent,76
2025-09-25T00:00:00.000,Street Condition,183
2025-09-26T00:00:00.000,Blocked Driveway,567
2025-09-26T00:00:00.000,Damaged Tree,88
2025-09-26T00:00:00.000,Dead/Dying Tree,29
2025-09-26T00:00:00.000,Dirty Condition,179
2025-09-26T00:00:00.000,HEAT/HOT WATER,173
2025-09-26T00:00:00.000,Illegal Fireworks,2
2025-09-26T00:00:00.000,Illegal Parking,1822
2025-09-26T00:00:00.000,Noise - Residential,1462
2025-09-26T00:00:00.000,Noise - Street/Sidewalk,705
2025-09-26T00:00:00.000,Rodent,79
2025-09-26T00:00:00.000,Street Condition,188
2025-09-27T00:00:00.000,Blocked Driveway,473
2025-09-27T00:00:00.000,Damaged Tree,44
2025-09-27T00:00:00.000,Dead/Dying Tree,18
2025-09-27T00:00:00.000,Dirty Condition,164
2025-09-27T00:00:00.000,HEAT/HOT WATER,114
2025-09-27T00:00:00.000,Illegal Fireworks,6
2025-09-27T00:00:00.000,Illegal Parking,1729
2025-09-27T00:00:00.000,Noise - Residential,1568
2025-09-27T00:00:00.000,Noise - Street/Sidewalk,1076
2025-09-27T00:00:00.000,Rodent,68
2025-09-27T00:00:00.000,Street Condition,93
2025-09-28T00:00:00.000,Blocked Driveway,541
2025-09-28T00:00:00.000,Damaged Tree,49
2025-09-28T00:00:00.000,Dead/Dying Tree,17
2025-09-28T00:00:00.000,Dirty Condition,204
2025-09-28T00:00:00.000,HEAT/HOT WATER,109
2025-09-28T00:00:00.000,Illegal Fireworks,3
2025-09-28T00:00:00.000,Illegal Parking,1878
2025-09-28T00:00:00.000,Noise - Residential,2241
2025-09-28T00:00:00.000,Noise - Street/Sidewalk,952
2025-09-28T00:00:00.000,Rodent,54
2025-09-28T00:00:00.000,Street Condition,100
2025-09-29T00:00:00.000,Blocked Driveway,525
2025-09-29T00:00:00.000,Damaged Tree,94
2025-09-29T00:00:00.000,Dead/Dying Tree,68
2025-09-29T00:00:00.000,Dirty Condition,236
2025-09-29T00:00:00.000,HEAT/HOT WATER,133
2025-09-29T00:00:00.000,Illegal Fireworks,2
2025-09-29T00:00:00.000,Illegal Parking,1914
2025-09-29T00:00:00.000,Noise - Residential,779
2025-09-29T00:00:00.000,Noise - Street/Sidewalk,537
2025-09-29T00:00:00.000,Rodent,81
2025-09-29T00:00:00.000,Street Condition,197
2025-09-30T00:00:00.000,Blocked Driveway,531
2025-09-30T00:00:00.000,Damaged Tree,71
2025-09-30T00:00:00.000,Dead/Dying Tree,41
2025-09-30T00:00:00.000,Dirty Condition,242
2025-09-30T00:00:00.000,HEAT/HOT WATER,140
2025-09-30T00:00:00.000,Illegal Fireworks,2
2025-09-30T00:00:00.000,Illegal Parking,1997
2025-09-30T00:00:00.000,Noise - Residential,1122
2025-09-30T00:00:00.000,Noise - Street/Sidewalk,444
2025-09-30T00:00:00.000,Rodent,87
2025-09-30T00:00:00.000,Street Condition,262
2025-10-01T00:00:00.000,Blocked Driveway,533
2025-10-01T00:00:00.000,Damaged Tree,91
2025-10-01T00:00:00.000,Dead/Dying Tree,25
2025-10-01T00:00:00.000,Dirty Condition,213
2025-10-01T00:00:00.000,HEAT/HOT WATER,181
2025-10-01T00:00:00.000,Illegal Fireworks,3
2025-10-01T00:00:00.000,Illegal Parking,1756
2025-10-01T00:00:00.000,Noise - Residential,733
2025-10-01T00:00:00.000,Noise - Street/Sidewalk,400
2025-10-01T00:00:00.000,Rodent,84
2025-10-01T00:00:00.000,Street Condition,240
2025-10-02T00:00:00.000,Blocked Driveway,458
2025-10-02T00:00:00.000,Damaged Tree,57
2025-10-02T00:00:00.000,Dead/Dying Tree,21
2025-10-02T00:00:00.000,Dirty Condition,179
2025-10-02T00:00:00.000,HEAT/HOT WATER,242
2025-10-02T00:00:00.000,Illegal Fireworks,4
2025-10-02T00:00:00.000,Illegal Parking,1645
2025-10-02T00:00:00.000,Noise - Residential,775
2025-10-02T00:00:00.000,Noise - Street/Sidewalk,410
2025-10-02T00:00:00.000,Rodent,66
2025-10-02T00:00:00.000,Street Condition,164
2025-10-03T00:00:00.000,Blocked Driveway,557
2025-10-03T00:00:00.000,Damaged Tree,70
2025-10-03T00:00:00.000,Dead/Dying Tree,28
2025-10-03T00:00:00.000,Dirty Condition,195
2025-10-03T00:00:00.000,HEAT/HOT WATER,227
2025-10-03T00:00:00.000,Illegal Fireworks,9
2025-10-03T00:00:00.000,Illegal Parking,1812
2025-10-03T00:00:00.000,Noise - Residential,2055
2025-10-03T00:00:00.000,Noise - Street/Sidewalk,655
2025-10-03T00:00:00.000,Rodent,83
2025-10-03T00:00:00.000,Street Condition,140
2025-10-04T00:00:00.000,Blocked Driveway,482
2025-10-04T00:00:00.000,Damaged Tree,49
2025-10-04T00:00:00.000,Dead/Dying Tree,32
2025-10-04T00:00:00.000,Dirty Condition,155
2025-10-04T00:00:00.000,HEAT/HOT WATER,165
2025-10-04T00:00:00.000,Illegal Fireworks,9
2025-10-04T00:00:00.000,Illegal Parking,1613
2025-10-04T00:00:00.000,Noise - Residential,1785
2025-10-04T00:00:00.000,Noise - Street/Sidewalk,1213
2025-10-04T00:00:00.000,Rodent,51
2025-10-04T00:00:00.000,Street Condition,101
2025-10-05T00:00:00.000,Blocked Driveway,549
2025-10-05T00:00:00.000,Damaged Tree,42
2025-10-05T00:00:00.000,Dead/Dying Tree,15
2025-10-05T00:00:00.000,Dirty Condition,203
2025-10-05T00:00:00.000,HEAT/HOT WATER,158
2025-10-05T00:00:00.000,Illegal Fireworks,10
2025-10-05T00:00:00.000,Illegal Parking,1707
2025-10-05T00:00:00.000,Noise - Residential,2102
2025-10-05T00:00:00.000,Noise - Street/Sidewalk,1019
2025-10-05T00:00:00.000,Rodent,40
2025-10-05T00:00:00.000,Street Condition,110
2025-10-06T00:00:00.000,Blocked Driveway,540
2025-10-06T00:00:00.000,Damaged Tree,76
2025-10-06T00:00:00.000,Dead/Dying Tree,33
2025-10-06T00:00:00.000,Dirty Condition,244
2025-10-06T00:00:00.000,HEAT/HOT WATER,177
2025-10-06T00:00:00.000,Illegal Fireworks,4
2025-10-06T00:00:00.000,Illegal Parking,1856
2025-10-06T00:00:00.000,Noise - Residential,1550
2025-10-06T00:00:00.000,Noise - Street/Sidewalk,492
2025-10-06T00:00:00.000,Rodent,92
2025-10-06T00:00:00.000,Street Condition,202
2025-10-07T00:00:00.000,Blocked Driveway,481
2025-10-07T00:00:00.000,Damaged Tree,79
2025-10-07T00:00:00.000,Dead/Dying Tree,46
2025-10-07T00:00:00.000,Dirty Condition,233
2025-10-07T00:00:00.000,HEAT/HOT WATER,139
2025-10-07T00:00:00.000,Illegal Parking,1798
2025-10-07T00:00:00.000,Noise - Residential,1874
2025-10-07T00:00:00.000,Noise - Street/Sidewalk,382
2025-10-07T00:00:00.000,Rodent,82
2025-10-07T00:00:00.000,Street Condition,181
2025-10-08T00:00:00.000,Blocked Driveway,451
2025-10-08T00:00:00.000,Damaged Tree,94
2025-10-08T00:00:00.000,Dead/Dying Tree,24
2025-10-08T00:00:00.000,Dirty Condition,177
2025-10-08T00:00:00.000,HEAT/HOT WATER,184
2025-10-08T00:00:00.000,Illegal Parking,1619
2025-10-08T00:00:00.000,Noise - Residential,2325
2025-10-08T00:00:00.000,Noise - Street/Sidewalk,324
2025-10-08T00:00:00.000,Rodent,84
2025-10-08T00:00:00.000,Street Condition,188
2025-10-09T00:00:00.000,Blocked Driveway,492
2025-10-09T00:00:00.000,Damaged Tree,63
2025-10-09T00:00:00.000,Dead/Dying Tree,31
2025-10-09T00:00:00.000,Dirty Condition,161
2025-10-09T00:00:00.000,HEAT/HOT WATER,612
2025-10-09T00:00:00.000,Illegal Parking,1735
2025-10-09T00:00:00.000,Noise - Residential,922
2025-10-09T00:00:00.000,Noise - Street/Sidewalk,332
2025-10-09T00:00:00.000,Rodent,80
2025-10-09T00:00:00.000,Street Condition,185
2025-10-10T00:00:00.000,Blocked Driveway,513
2025-10-10T00:00:00.000,Damaged Tree,48
2025-10-10T00:00:00.000,Dead/Dying Tree,31
2025-10-10T00:00:00.000,Dirty Condition,138
2025-10-10T00:00:00.000,HEAT/HOT WATER,887
2025-10-10T00:00:00.000,Illegal Parking,1644
2025-10-10T00:00:00.000,Noise - Residential,877
2025-10-10T00:00:00.000,Noise - Street/Sidewalk,454
2025-10-10T00:00:00.000,Rodent,75
2025-10-10T00:00:00.000,Street Condition,133
2025-10-11T00:00:00.000,Blocked Driveway,492
2025-10-11T00:00:00.000,Damaged Tree,37
2025-10-11T00:00:00.000,Dead/Dying Tree,13
2025-10-11T00:00:00.000,Dirty Condition,127
2025-10-11T00:00:00.000,HEAT/HOT WATER,469
2025-10-11T00:00:00.000,Illegal Fireworks,17
2025-10-11T00:00:00.000,Illegal Parking,1504
2025-10-11T00:00:00.000,Noise - Residential,2450
2025-10-11T00:00:00.000,Noise - Street/Sidewalk,730
2025-10-11T00:00:00.000,Rodent,38
2025-10-11T00:00:00.000,Street Condition,109
2025-10-12T00:00:00.000,Blocked Driveway,461
2025-10-12T00:00:00.000,Damaged Tree,158
2025-10-12T00:00:00.000,Dead/Dying Tree,19
2025-10-12T00:00:00.000,Dirty Condition,131
2025-10-12T00:00:00.000,HEAT/HOT WATER,641
2025-10-12T00:00:00.000,Illegal Parking,1386
2025-10-12T00:00:00.000,Noise - Residential,3295
2025-10-12T00:00:00.000,Noise - Street/Sidewalk,435
2025-10-12T00:00:00.000,Rodent,36
2025-10-12T00:00:00.000,Street Condition,68
2025-10-13T00:00:00.000,Blocked Driveway,430
2025-10-13T00:00:00.000,Damaged Tree,616
2025-10-13T00:00:00.000,Dead/Dying Tree,66
2025-10-13T00:00:00.000,Dirty Condition,132
2025-10-13T00:00:00.000,HEAT/HOT WATER,1288
2025-10-13T00:00:00.000,Illegal Fireworks,6
2025-10-13T00:00:00.000,Illegal Parking,1207
2025-10-13T00:00:00.000,Noise - Residential,2767
2025-10-13T00:00:00.000,Noise - Street/Sidewalk,214
2025-10-13T00:00:00.000,Rodent,58
2025-10-13T00:00:00.000,Street Condition,111
2025-10-14T00:00:00.000,Blocked Driveway,454
2025-10-14T00:00:00.000,Damaged Tree,261
2025-10-14T00:00:00.000,Dead/Dying Tree,47
2025-10-14T00:00:00.000,Dirty Condition,199
2025-10-14T00:00:00.000,HEAT/HOT WATER,1236
2025-10-14T00:00:00.000,Illegal Parking,1632
2025-10-14T00:00:00.000,Noise - Residential,1664
2025-10-14T00:00:00.000,Noise - Street/Sidewalk,311
2025-10-14T00:00:00.000,Rodent,63
2025-10-14T00:00:00.000,Street Condition,174
2025-10-15T00:00:00.000,Blocked Driveway,466
2025-10-15T00:00:00.000,Damaged Tree,125
2025-10-15T00:00:00.000,Dead/Dying Tree,53
2025-10-15T00:00:00.000,Dirty Condition,217
2025-10-15T00:00:00.000,HEAT/HOT WATER,952
2025-10-15T00:00:00.000,Illegal Fireworks,4
2025-10-15T00:00:00.000,Illegal Parking,1663
2025-10-15T00:00:00.000,Noise - Residential,2001
2025-10-15T00:00:00.000,Noise - Street/Sidewalk,399
2025-10-15T00:00:00.000,Rodent,74
2025-10-15T00:00:00.000,Street Condition,207
2025-10-16T00:00:00.000,Blocked Driveway,486
2025-10-16T00:00:00.000,Damaged Tree,112
2025-10-16T00:00:00.000,Dead/Dying Tree,33
2025-10-16T00:00:00.000,Dirty Condition,188
2025-10-16T00:00:00.000,HEAT/HOT WATER,2432
2025-10-16T00:00:00.000,Illegal Fireworks,1
2025-10-16T00:00:00.000,Illegal Parking,1661
2025-10-16T00:00:00.000,Noise - Residential,1731
2025-10-16T00:00:00.000,Noise - Street/Sidewalk,323
2025-10-16T00:00:00.000,Rodent,75
2025-10-16T00:00:00.000,Street Condition,206
2025-10-17T00:00:00.000,Blocked Driveway,484
2025-10-17T00:00:00.000,Damaged Tree,90
2025-10-17T00:00:00.000,Dead/Dying Tree,30
2025-10-17T00:00:00.000,Dirty Condition,159
2025-10-17T00:00:00.000,HEAT/HOT WATER,2028
2025-10-17T00:00:00.000,Illegal Fireworks,5
2025-10-17T00:00:00.000,Illegal Parking,1664
2025-10-17T00:00:00.000,Noise - Residential,929
2025-10-17T00:00:00.000,Noise - Street/Sidewalk,564
2025-10-17T00:00:00.000,Rodent,67
2025-10-17T00:00:00.000,Street Condition,158
2025-10-18T00:00:00.000,Blocked Driveway,528
2025-10-18T00:00:00.000,Damaged Tree,29
2025-10-18T00:00:00.000,Dead/Dying Tree,21
2025-10-18T00:00:00.000,Dirty Condition,119
2025-10-18T00:00:00.000,HEAT/HOT WATER,975
2025-10-18T00:00:00.000,Illegal Fireworks,20
2025-10-18T00:00:00.000,Illegal Parking,1579
2025-10-18T00:00:00.000,Noise - Residential,2027
2025-10-18T00:00:00.000,Noise - Street/Sidewalk,880
2025-10-18T00:00:00.000,Rodent,42
2025-10-18T00:00:00.000,Street Condition,74
2025-10-19T00:00:00.000,Blocked Driveway,518
2025-10-19T00:00:00.000,Damaged Tree,83
2025-10-19T00:00:00.000,Dead/Dying Tree,20
2025-10-19T00:00:00.000,Dirty Condition,184
2025-10-19T00:00:00.000,HEAT/HOT WATER,511
2025-10-19T00:00:00.000,Illegal Fireworks,52
2025-10-19T00:00:00.000,Illegal Parking,1614
2025-10-19T00:00:00.000,Noise - Residential,2583
2025-10-19T00:00:00.000,Noise - Street/Sidewalk,1080
2025-10-19T00:00:00.000,Rodent,52
2025-10-19T00:00:00.000,Street Condition,92
2025-10-20T00:00:00.000,Blocked Driveway,491
2025-10-20T00:00:00.000,Damaged Tree,138
2025-10-20T00:00:00.000,Dead/Dying Tree,30
2025-10-20T00:00:00.000,Dirty Condition,194
2025-10-20T00:00:00.000,HEAT/HOT WATER,634
2025-10-20T00:00:00.000,Illegal Fireworks,44
2025-10-20T00:00:00.000,Illegal Parking,1667
2025-10-20T00:00:00.000,Noise - Residential,899
2025-10-20T00:00:00.000,Noise - Street/Sidewalk,376
2025-10-20T00:00:00.000,Rodent,73
2025-10-20T00:00:00.000,Street Condition,194
2025-10-21T00:00:00.000,Blocked Driveway,568
2025-10-21T00:00:00.000,Damaged Tree,102
2025-10-21T00:00:00.000,Dead/Dying Tree,29
2025-10-21T00:00:00.000,Dirty Condition,158
2025-10-21T00:00:00.000,HEAT/HOT WATER,908
2025-10-21T00:00:00.000,Illegal Fireworks,266
2025-10-21T00:00:00.000,Illegal Parking,1876
2025-10-21T00:00:00.000,Noise - Residential,1575
2025-10-21T00:00:00.000,Noise - Street/Sidewalk,423
2025-10-21T00:00:00.000,Rodent,64
2025-10-21T00:00:00.000,Street Condition,228
2025-10-22T00:00:00.000,Blocked Driveway,479
2025-10-22T00:00:00.000,Damaged Tree,93
2025-10-22T00:00:00.000,Dead/Dying Tree,25
2025-10-22T00:00:00.000,Dirty Condition,167
2025-10-22T00:00:00.000,HEAT/HOT WATER,798
2025-10-22T00:00:00.000,Illegal Fireworks,42
2025-10-22T00:00:00.000,Illegal Parking,1679
2025-10-22T00:00:00.000,Noise - Residential,818
2025-10-22T00:00:00.000,Noise - Street/Sidewalk,349
2025-10-22T00:00:00.000,Rodent,87
2025-10-22T00:00:00.000,Street Condition,213
2025-10-23T00:00:00.000,Blocked Driveway,503
2025-10-23T00:00:00.000,Damaged Tree,79
2025-10-23T00:00:00.000,Dead/Dying Tree,23
2025-10-23T00:00:00.000,Dirty Condition,134
2025-10-23T00:00:00.000,HEAT/HOT WATER,1668
2025-10-23T00:00:00.000,Illegal Fireworks,4
2025-10-23T00:00:00.000,Illegal Parking,1711
2025-10-23T00:00:00.000,Noise - Residential,709
2025-10-23T00:00:00.000,Noise - Street/Sidewalk,372
2025-10-23T00:00:00.000,Rodent,54
2025-10-23T00:00:00.000,Street Condition,201
2025-10-24T00:00:00.000,Blocked Driveway,505
2025-10-24T00:00:00.000,Damaged Tree,54
2025-10-24T00:00:00.000,Dead/Dying Tree,22
2025-10-24T00:00:00.000,Dirty Condition,172
2025-10-24T00:00:00.000,HEAT/HOT WATER,1729
2025-10-24T00:00:00.000,Illegal Parking,1769
2025-10-24T00:00:00.000,Noise - Residential,929
2025-10-24T00:00:00.000,Noise - Street/Sidewalk,427
2025-10-24T00:00:00.000,Rodent,64
2025-10-24T00:00:00.000,Street Condition,144
2025-10-25T00:00:00.000,Blocked Driveway,497
2025-10-25T00:00:00.000,Damaged Tree,25
2025-10-25T00:00:00.000,Dead/Dying Tree,17
2025-10-25T00:00:00.000,Dirty Condition,103
2025-10-25T00:00:00.000,HEAT/HOT WATER,1582
2025-10-25T00:00:00.000,Illegal Fireworks,8
2025-10-25T00:00:00.000,Illegal Parking,1445
2025-10-25T00:00:00.000,Noise - Residential,1981
2025-10-25T00:00:00.000,Noise - Street/Sidewalk,714
2025-10-25T00:00:00.000,Rodent,49
2025-10-25T00:00:00.000,Street Condition,92
2025-10-26T00:00:00.000,Blocked Driveway,517
2025-10-26T00:00:00.000,Damaged Tree,21
2025-10-26T00:00:00.000,Dead/Dying Tree,7
2025-10-26T00:00:00.000,Dirty Condition,135
2025-10-26T00:00:00.000,HEAT/HOT WATER,1412
2025-10-26T00:00:00.000,Illegal Fireworks,8
2025-10-26T00:00:00.000,Illegal Parking,1605
2025-10-26T00:00:00.000,Noise - Residential,3715
2025-10-26T00:00:00.000,Noise - Street/Sidewalk,685
2025-10-26T00:00:00.000,Rodent,32
2025-10-26T00:00:00.000,Street Condition,104
2025-10-27T00:00:00.000,Blocked Driveway,530
2025-10-27T00:00:00.000,Damaged Tree,67
2025-10-27T00:00:00.000,Dead/Dying Tree,24
2025-10-27T00:00:00.000,Dirty Condition,160
2025-10-27T00:00:00.000,HEAT/HOT WATER,2582
2025-10-27T00:00:00.000,Illegal Fireworks,1
2025-10-27T00:00:00.000,Illegal Parking,1762
2025-10-27T00:00:00.000,Noise - Residential,968
2025-10-27T00:00:00.000,Noise - Street/Sidewalk,299
2025-10-27T00:00:00.000,Rodent,84
2025-10-27T00:00:00.000,Street Condition,196
2025-10-28T00:00:00.000,Blocked Driveway,536
2025-10-28T00:00:00.000,Damaged Tree,55
2025-10-28T00:00:00.000,Dead/Dying Tree,16
2025-10-28T00:00:00.000,Dirty Condition,153
2025-10-28T00:00:00.000,HEAT/HOT WATER,2462
2025-10-28T00:00:00.000,Illegal Fireworks,1
2025-10-28T00:00:00.000,Illegal Parking,1793
2025-10-28T00:00:00.000,Noise - Residential,753
2025-10-28T00:00:00.000,Noise - Street/Sidewalk,317
2025-10-28T00:00:00.000,Rodent,53
2025-10-28T00:00:00.000,Street Condition,165
2025-10-29T00:00:00.000,Blocked Driveway,402
2025-10-29T00:00:00.000,Damaged Tree,30
2025-10-29T00:00:00.000,Dead/Dying Tree,17
2025-10-29T00:00:00.000,Dirty Condition,106
2025-10-29T00:00:00.000,HEAT/HOT WATER,1569
2025-10-29T00:00:00.000,Illegal Parking,1396
2025-10-29T00:00:00.000,Noise - Residential,589
2025-10-29T00:00:00.000,Noise - Street/Sidewalk,289
2025-10-29T00:00:00.000,Rodent,48
2025-10-29T00:00:00.000,Street Condition,166
2025-10-30T00:00:00.000,Blocked Driveway,514
2025-10-30T00:00:00.000,Damaged Tree,482
2025-10-30T00:00:00.000,Dead/Dying Tree,46
2025-10-30T00:00:00.000,Dirty Condition,114
2025-10-30T00:00:00.000,HEAT/HOT WATER,1378
2025-10-30T00:00:00.000,Illegal Fireworks,2
2025-10-30T00:00:00.000,Illegal Parking,1482
2025-10-30T00:00:00.000,Noise - Residential,718
2025-10-30T00:00:00.000,Noise - Street/Sidewalk,245
2025-10-30T00:00:00.000,Rodent,40
2025-10-30T00:00:00.000,Street Condition,139
2025-10-31T00:00:00.000,Blocked Driveway,564
2025-10-31T00:00:00.000,Damaged Tree,452
2025-10-31T00:00:00.000,Dead/Dying Tree,66
2025-10-31T00:00:00.000,Dirty Condition,116
2025-10-31T00:00:00.000,HEAT/HOT WATER,1632
2025-10-31T00:00:00.000,Illegal Parking,1793
2025-10-31T00:00:00.000,Noise - Residential,1083
2025-10-31T00:00:00.000,Noise - Street/Sidewalk,425
2025-10-31T00:00:00.000,Rodent,45
2025-10-31T00:00:00.000,Street Condition,144
2025-11-01T00:00:00.000,Blocked Driveway,595
2025-11-01T00:00:00.000,Damaged Tree,175
2025-11-01T00:00:00.000,Dead/Dying Tree,32
2025-11-01T00:00:00.000,Dirty Condition,125
2025-11-01T00:00:00.000,HEAT/HOT WATER,1438
2025-11-01T00:00:00.000,Illegal Fireworks,3
2025-11-01T00:00:00.000,Illegal Parking,1720
2025-11-01T00:00:00.000,Noise - Residential,1877
2025-11-01T00:00:00.000,Noise - Street/Sidewalk,648
2025-11-01T00:00:00.000,Rodent,26
2025-11-01T00:00:00.000,Street Condition,91
2025-11-02T00:00:00.000,Blocked Driveway,540
2025-11-02T00:00:00.000,Damaged Tree,84
2025-11-02T00:00:00.000,Dead/Dying Tree,16
2025-11-02T00:00:00.000,Dirty Condition,112
2025-11-02T00:00:00.000,HEAT/HOT WATER,1150
2025-11-02T00:00:00.000,Illegal Fireworks,4
2025-11-02T00:00:00.000,Illegal Parking,1648
2025-11-02T00:00:00.000,Noise - Residential,1626
2025-11-02T00:00:00.000,Noise - Street/Sidewalk,619
2025-11-02T00:00:00.000,Rodent,19
2025-11-02T00:00:00.000,Street Condition,93
2025-11-03T00:00:00.000,Blocked Driveway,574
2025-11-03T00:00:00.000,Damaged Tree,129
2025-11-03T00:00:00.000,Dead/Dying Tree,31
2025-11-03T00:00:00.000,Dirty Condition,220
2025-11-03T00:00:00.000,HEAT/HOT WATER,1328
2025-11-03T00:00:00.000,Illegal Fireworks,1
2025-11-03T00:00:00.000,Illegal Parking,1841
2025-11-03T00:00:00.000,Noise - Residential,688
2025-11-03T00:00:00.000,Noise - Street/Sidewalk,392
2025-11-03T00:00:00.000,Rodent,58
2025-11-03T00:00:00.000,Street Condition,175
2025-11-04T00:00:00.000,Blocked Driveway,537
2025-11-04T00:00:00.000,Damaged Tree,86
2025-11-04T00:00:00.000,Dead/Dying Tree,17
2025-11-04T00:00:00.000,Dirty Condition,154
2025-11-04T00:00:00.000,HEAT/HOT WATER,1494
2025-11-04T00:00:00.000,Illegal Fireworks,1
2025-11-04T00:00:00.000,Illegal Parking,1549
2025-11-04T00:00:00.000,Noise - Residential,653
2025-11-04T00:00:00.000,Noise - Street/Sidewalk,339
2025-11-04T00:00:00.000,Rodent,68
2025-11-04T00:00:00.000,Street Condition,142
2025-11-05T00:00:00.000,Blocked Driveway,499
2025-11-05T00:00:00.000,Damaged Tree,98
2025-11-05T00:00:00.000,Dead/Dying Tree,36
2025-11-05T00:00:00.000,Dirty Condition,176
2025-11-05T00:00:00.000,HEAT/HOT WATER,1243
2025-11-05T00:00:00.000,Illegal Fireworks,8
2025-11-05T00:00:00.000,Illegal Parking,1758
2025-11-05T00:00:00.000,Noise - Residential,624
2025-11-05T00:00:00.000,Noise - Street/Sidewalk,371
2025-11-05T00:00:00.000,Rodent,61
2025-11-05T00:00:00.000,Street Condition,187
2025-11-06T00:00:00.000,Blocked Driveway,509
2025-11-06T00:00:00.000,Damaged Tree,222
2025-11-06T00:00:00.000,Dead/Dying Tree,32
2025-11-06T00:00:00.000,Dirty Condition,146
2025-11-06T00:00:00.000,HEAT/HOT WATER,2033
2025-11-06T00:00:00.000,Illegal Parking,1705
2025-11-06T00:00:00.000,Noise - Residential,714
2025-11-06T00:00:00.000,Noise - Street/Sidewalk,359
2025-11-06T00:00:00.000,Rodent,48
2025-11-06T00:00:00.000,Street Condition,193
2025-11-07T00:00:00.000,Blocked Driveway,486
2025-11-07T00:00:00.000,Damaged Tree,121
2025-11-07T00:00:00.000,Dead/Dying Tree,31
2025-11-07T00:00:00.000,Dirty Condition,141
2025-11-07T00:00:00.000,HEAT/HOT WATER,1378
2025-11-07T00:00:00.000,Illegal Fireworks,3
2025-11-07T00:00:00.000,Illegal Parking,1813
2025-11-07T00:00:00.000,Noise - Residential,1063
2025-11-07T00:00:00.000,Noise - Street/Sidewalk,377
2025-11-07T00:00:00.000,Rodent,54
2025-11-07T00:00:00.000,Street Condition,211
2025-11-08T00:00:00.000,Blocked Driveway,598
2025-11-08T00:00:00.000,Damaged Tree,50
2025-11-08T00:00:00.000,Dead/Dying Tree,8
2025-11-08T00:00:00.000,Dirty Condition,113
2025-11-08T00:00:00.000,HEAT/HOT WATER,683
2025-11-08T00:00:00.000,Illegal Fireworks,6
2025-11-08T00:00:00.000,Illegal Parking,1602
2025-11-08T00:00:00.000,Noise - Residential,2092
2025-11-08T00:00:00.000,Noise - Street/Sidewalk,678
2025-11-08T00:00:00.000,Rodent,39
2025-11-08T00:00:00.000,Street Condition,87
2025-11-09T00:00:00.000,Blocked Driveway,488
2025-11-09T00:00:00.000,Damaged Tree,50
2025-11-09T00:00:00.000,Dead/Dying Tree,11
2025-11-09T00:00:00.000,Dirty Condition,133
2025-11-09T00:00:00.000,HEAT/HOT WATER,630
2025-11-09T00:00:00.000,Illegal Fireworks,15
2025-11-09T00:00:00.000,Illegal Parking,1621
2025-11-09T00:00:00.000,Noise - Residential,1294
2025-11-09T00:00:00.000,Noise - Street/Sidewalk,554
2025-11-09T00:00:00.000,Rodent,42
2025-11-09T00:00:00.000,Street Condition,71
2025-11-10T00:00:00.000,Blocked Driveway,514
2025-11-10T00:00:00.000,Damaged Tree,74
2025-11-10T00:00:00.000,Dead/Dying Tree,24
2025-11-10T00:00:00.000,Dirty Condition,152
2025-11-10T00:00:00.000,HEAT/HOT WATER,2476
2025-11-10T00:00:00.000,Illegal Fireworks,1
2025-11-10T00:00:00.000,Illegal Parking,1696
2025-11-10T00:00:00.000,Noise - Residential,775
2025-11-10T00:00:00.000,Noise - Street/Sidewalk,253
2025-11-10T00:00:00.000,Rodent,63
2025-11-10T00:00:00.000,Snow or Ice,1
2025-11-10T00:00:00.000,Street Condition,165
2025-11-11T00:00:00.000,Blocked Driveway,507
2025-11-11T00:00:00.000,Damaged Tree,82
2025-11-11T00:00:00.000,Dead/Dying Tree,22
2025-11-11T00:00:00.000,Dirty Condition,119
2025-11-11T00:00:00.000,HEAT/HOT WATER,3896
2025-11-11T00:00:00.000,Illegal Fireworks,4
2025-11-11T00:00:00.000,Illegal Parking,1453
2025-11-11T00:00:00.000,Noise - Residential,1363
2025-11-11T00:00:00.000,Noise - Street/Sidewalk,185
2025-11-11T00:00:00.000,Rodent,44
2025-11-11T00:00:00.000,Street Condition,101
2025-11-12T00:00:00.000,Blocked Driveway,511
2025-11-12T00:00:00.000,Damaged Tree,72
2025-11-12T00:00:00.000,Dead/Dying Tree,23
2025-11-12T00:00:00.000,Dirty Condition,157
2025-11-12T00:00:00.000,HEAT/HOT WATER,2520
2025-11-12T00:00:00.000,Illegal Parking,1737
2025-11-12T00:00:00.000,Noise - Residential,2817
2025-11-12T00:00:00.000,Noise - Street/Sidewalk,238
2025-11-12T00:00:00.000,Rodent,54
2025-11-12T00:00:00.000,Snow or Ice,1
2025-11-12T00:00:00.000,Street Condition,188
2025-11-13T00:00:00.000,Blocked Driveway,526
2025-11-13T00:00:00.000,Damaged Tree,58
2025-11-13T00:00:00.000,Dead/Dying Tree,22
2025-11-13T00:00:00.000,Dirty Condition,161
2025-11-13T00:00:00.000,HEAT/HOT WATER,1795
2025-11-13T00:00:00.000,Illegal Fireworks,1
2025-11-13T00:00:00.000,Illegal Parking,1664
2025-11-13T00:00:00.000,Noise - Residential,712
2025-11-13T00:00:00.000,Noise - Street/Sidewalk,267
2025-11-13T00:00:00.000,Rodent,41
2025-11-13T00:00:00.000,Street Condition,185
2025-11-14T00:00:00.000,Blocked Driveway,546
2025-11-14T00:00:00.000,Damaged Tree,46
2025-11-14T00:00:00.000,Dead/Dying Tree,13
2025-11-14T00:00:00.000,Dirty Condition,145
2025-11-14T00:00:00.000,HEAT/HOT WATER,1445
2025-11-14T00:00:00.000,Illegal Fireworks,1
2025-11-14T00:00:00.000,Illegal Parking,1683
2025-11-14T00:00:00.000,Noise - Residential,892
2025-11-14T00:00:00.000,Noise - Street/Sidewalk,379
2025-11-14T00:00:00.000,Rodent,70
2025-11-14T00:00:00.000,Street Condition,165
2025-11-15T00:00:00.000,Blocked Driveway,583
2025-11-15T00:00:00.000,Damaged Tree,19
2025-11-15T00:00:00.000,Dead/Dying Tree,9
2025-11-15T00:00:00.000,Dirty Condition,125
2025-11-15T00:00:00.000,HEAT/HOT WATER,1305
2025-11-15T00:00:00.000,Illegal Fireworks,5
2025-11-15T00:00:00.000,Illegal Parking,1555
2025-11-15T00:00:00.000,Noise - Residential,1325
2025-11-15T00:00:00.000,Noise - Street/Sidewalk,420
2025-11-15T00:00:00.000,Rodent,37
2025-11-15T00:00:00.000,Street Condition,81
2025-11-16T00:00:00.000,Blocked Driveway,628
2025-11-16T00:00:00.000,Damaged Tree,77
2025-11-16T00:00:00.000,Dead/Dying Tree,13
2025-11-16T00:00:00.000,Dirty Condition,97
2025-11-16T00:00:00.000,HEAT/HOT WATER,1381
2025-11-16T00:00:00.000,Illegal Parking,1584
2025-11-16T00:00:00.000,Noise - Residential,1559
2025-11-16T00:00:00.000,Noise - Street/Sidewalk,339
2025-11-16T00:00:00.000,Rodent,35
2025-11-16T00:00:00.000,Street Condition,75
2025-11-17T00:00:00.000,Blocked Driveway,542
2025-11-17T00:00:00.000,Damaged Tree,73
2025-11-17T00:00:00.000,Dead/Dying Tree,26
2025-11-17T00:00:00.000,Dirty Condition,170
2025-11-17T00:00:00.000,HEAT/HOT WATER,2521
2025-11-17T00:00:00.000,Illegal Fireworks,1
2025-11-17T00:00:00.000,Illegal Parking,1616
2025-11-17T00:00:00.000,Noise - Residential,721
2025-11-17T00:00:00.000,Noise - Street/Sidewalk,213
2025-11-17T00:00:00.000,Rodent,49
2025-11-17T00:00:00.000,Street Condition,157
2025-11-18T00:00:00.000,Blocked Driveway,550
2025-11-18T00:00:00.000,Damaged Tree,62
2025-11-18T00:00:00.000,Dead/Dying Tree,21
2025-11-18T00:00:00.000,Dirty Condition,157
2025-11-18T00:00:00.000,HEAT/HOT WATER,1933
2025-11-18T00:00:00.000,Illegal Parking,1653
2025-11-18T00:00:00.000,Noise - Residential,762
2025-11-18T00:00:00.000,Noise - Street/Sidewalk,274
2025-11-18T00:00:00.000,Rodent,48
2025-11-18T00:00:00.000,Street Condition,147
2025-11-19T00:00:00.000,Blocked Driveway,537
2025-11-19T00:00:00.000,Damaged Tree,57
2025-11-19T00:00:00.000,Dead/Dying Tree,12
2025-11-19T00:00:00.000,Dirty Condition,136
2025-11-19T00:00:00.000,HEAT/HOT WATER,1669
2025-11-19T00:00:00.000,Illegal Fireworks,1
2025-11-19T00:00:00.000,Illegal Parking,1556
2025-11-19T00:00:00.000,Noise - Residential,732
2025-11-19T00:00:00.000,Noise - Street/Sidewalk,245
2025-11-19T00:00:00.000,Rodent,48
2025-11-19T00:00:00.000,Street Condition,161
2025-11-20T00:00:00.000,Blocked Driveway,486
2025-11-20T00:00:00.000,Damaged Tree,44
2025-11-20T00:00:00.000,Dead/Dying Tree,11
2025-11-20T00:00:00.000,Dirty Condition,179
2025-11-20T00:00:00.000,HEAT/HOT WATER,1648
2025-11-20T00:00:00.000,Illegal Parking,1643
2025-11-20T00:00:00.000,Noise - Residential,1443
2025-11-20T00:00:00.000,Noise - Street/Sidewalk,266
2025-11-20T00:00:00.000,Rodent,71
2025-11-20T00:00:00.000,Street Condition,176
2025-11-21T00:00:00.000,Blocked Driveway,533
2025-11-21T00:00:00.000,Damaged Tree,33
2025-11-21T00:00:00.000,Dead/Dying Tree,15
2025-11-21T00:00:00.000,Dirty Condition,164
2025-11-21T00:00:00.000,HEAT/HOT WATER,1251
2025-11-21T00:00:00.000,Illegal Fireworks,1
2025-11-21T00:00:00.000,Illegal Parking,1736
2025-11-21T00:00:00.000,Noise - Residential,939
2025-11-21T00:00:00.000,Noise - Street/Sidewalk,397
2025-11-21T00:00:00.000,Rodent,52
2025-11-21T00:00:00.000,Street Condition,143
2025-11-22T00:00:00.000,Blocked Driveway,584
2025-11-22T00:00:00.000,Damaged Tree,22
2025-11-22T00:00:00.000,Dead/Dying Tree,7
2025-11-22T00:00:00.000,Dirty Condition,106
2025-11-22T00:00:00.000,HEAT/HOT WATER,1083
2025-11-22T00:00:00.000,Illegal Fireworks,2
2025-11-22T00:00:00.000,Illegal Parking,1441
2025-11-22T00:00:00.000,Noise - Residential,1491
2025-11-22T00:00:00.000,Noise - Street/Sidewalk,371
2025-11-22T00:00:00.000,Rodent,45
2025-11-22T00:00:00.000,Street Condition,80
2025-11-23T00:00:00.000,Blocked Driveway,588
2025-11-23T00:00:00.000,Damaged Tree,24
2025-11-23T00:00:00.000,Dead/Dying Tree,13
2025-11-23T00:00:00.000,Dirty Condition,119
2025-11-23T00:00:00.000,HEAT/HOT WATER,1264
2025-11-23T00:00:00.000,Illegal Fireworks,4
2025-11-23T00:00:00.000,Illegal Parking,1547
2025-11-23T00:00:00.000,Noise - Residential,1905
2025-11-23T00:00:00.000,Noise - Street/Sidewalk,369
2025-11-23T00:00:00.000,Rodent,30
2025-11-23T00:00:00.000,Street Condition,114
2025-11-24T00:00:00.000,Blocked Driveway,551
2025-11-24T00:00:00.000,Damaged Tree,43
2025-11-24T00:00:00.000,Dead/Dying Tree,17
2025-11-24T00:00:00.000,Dirty Condition,129
2025-11-24T00:00:00.000,HEAT/HOT WATER,1259
2025-11-24T00:00:00.000,Illegal Parking,1651
2025-11-24T00:00:00.000,Noise - Residential,924
2025-11-24T00:00:00.000,Noise - Street/Sidewalk,228
2025-11-24T00:00:00.000,Rodent,68
2025-11-24T00:00:00.000,Street Condition,221
2025-11-25T00:00:00.000,Blocked Driveway,543
2025-11-25T00:00:00.000,Damaged Tree,32
2025-11-25T00:00:00.000,Dead/Dying Tree,17
2025-11-25T00:00:00.000,Dirty Condition,145
2025-11-25T00:00:00.000,HEAT/HOT WATER,997
2025-11-25T00:00:00.000,Illegal Parking,1497
2025-11-25T00:00:00.000,Noise - Residential,804
2025-11-25T00:00:00.000,Noise - Street/Sidewalk,140
2025-11-25T00:00:00.000,Rodent,48
2025-11-25T00:00:00.000,Street Condition,200
2025-11-26T00:00:00.000,Blocked Driveway,514
2025-11-26T00:00:00.000,Damaged Tree,49
2025-11-26T00:00:00.000,Dead/Dying Tree,12
2025-11-26T00:00:00.000,Dirty Condition,142
2025-11-26T00:00:00.000,HEAT/HOT WATER,761
2025-11-26T00:00:00.000,Illegal Fireworks,3
2025-11-26T00:00:00.000,Illegal Parking,1537
2025-11-26T00:00:00.000,Noise - Residential,2198
2025-11-26T00:00:00.000,Noise - Street/Sidewalk,250
2025-11-26T00:00:00.000,Rodent,47
2025-11-26T00:00:00.000,Street Condition,119
2025-11-27T00:00:00.000,Blocked Driveway,584
2025-11-27T00:00:00.000,Damaged Tree,24
2025-11-27T00:00:00.000,Dead/Dying Tree,5
2025-11-27T00:00:00.000,Dirty Condition,80
2025-11-27T00:00:00.000,HEAT/HOT WATER,1386
2025-11-27T00:00:00.000,Illegal Fireworks,5
2025-11-27T00:00:00.000,Illegal Parking,1202
2025-11-27T00:00:00.000,Noise - Residential,2522
2025-11-27T00:00:00.000,Noise - Street/Sidewalk,252
2025-11-27T00:00:00.000,Rodent,20
2025-11-27T00:00:00.000,Street Condition,89
2025-11-28T00:00:00.000,Blocked Driveway,470
2025-11-28T00:00:00.000,Damaged Tree,32
2025-11-28T00:00:00.000,Dead/Dying Tree,9
2025-11-28T00:00:00.000,Dirty Condition,76
2025-11-28T00:00:00.000,HEAT/HOT WATER,2222
2025-11-28T00:00:00.000,Illegal Parking,1110
2025-11-28T00:00:00.000,Noise - Residential,2986
2025-11-28T00:00:00.000,Noise - Street/Sidewalk,157
2025-11-28T00:00:00.000,Rodent,21
2025-11-28T00:00:00.000,Snow or Ice,2
2025-11-28T00:00:00.000,Street Condition,91
2025-11-29T00:00:00.000,Blocked Driveway,426
2025-11-29T00:00:00.000,Damaged Tree,18
2025-11-29T00:00:00.000,Dead/Dying Tree,9
2025-11-29T00:00:00.000,Dirty Condition,89
2025-11-29T00:00:00.000,HEAT/HOT WATER,2092
2025-11-29T00:00:00.000,Illegal Fireworks,3
2025-11-29T00:00:00.000,Illegal Parking,1278
2025-11-29T00:00:00.000,Noise - Residential,3126
2025-11-29T00:00:00.000,Noise - Street/Sidewalk,212
2025-11-29T00:00:00.000,Rodent,18
2025-11-29T00:00:00.000,Snow or Ice,3
2025-11-29T00:00:00.000,Street Condition,60
2025-11-30T00:00:00.000,Blocked Driveway,441
2025-11-30T00:00:00.000,Damaged Tree,12
2025-11-30T00:00:00.000,Dead/Dying Tree,5
2025-11-30T00:00:00.000,Dirty Condition,109
2025-11-30T00:00:00.000,HEAT/HOT WATER,1665
2025-11-30T00:00:00.000,Illegal Parking,1277
2025-11-30T00:00:00.000,Noise - Residential,3301
2025-11-30T00:00:00.000,Noise - Street/Sidewalk,213
2025-11-30T00:00:00.000,Rodent,30
2025-11-30T00:00:00.000,Snow or Ice,1
2025-11-30T00:00:00.000,Street Condition,81
2025-12-01T00:00:00.000,Blocked Driveway,539
2025-12-01T00:00:00.000,Damaged Tree,35
2025-12-01T00:00:00.000,Dead/Dying Tree,14
2025-12-01T00:00:00.000,Dirty Condition,176
2025-12-01T00:00:00.000,HEAT/HOT WATER,1987
2025-12-01T00:00:00.000,Illegal Fireworks,1
2025-12-01T00:00:00.000,Illegal Parking,1449
2025-12-01T00:00:00.000,Noise - Residential,2679
2025-12-01T00:00:00.000,Noise - Street/Sidewalk,161
2025-12-01T00:00:00.000,Rodent,64
2025-12-01T00:00:00.000,Street Condition,236
2025-12-02T00:00:00.000,Blocked Driveway,557
2025-12-02T00:00:00.000,Damaged Tree,38
2025-12-02T00:00:00.000,Dead/Dying Tree,8
2025-12-02T00:00:00.000,Dirty Condition,124
2025-12-02T00:00:00.000,HEAT/HOT WATER,1927
2025-12-02T00:00:00.000,Illegal Fireworks,1
2025-12-02T00:00:00.000,Illegal Parking,1482
2025-12-02T00:00:00.000,Noise - Residential,2731
2025-12-02T00:00:00.000,Noise - Street/Sidewalk,110
2025-12-02T00:00:00.000,Rodent,57
2025-12-02T00:00:00.000,Snow or Ice,1
2025-12-02T00:00:00.000,Street Condition,254
2025-12-03T00:00:00.000,Blocked Driveway,492
2025-12-03T00:00:00.000,Damaged Tree,28
2025-12-03T00:00:00.000,Dead/Dying Tree,7
2025-12-03T00:00:00.000,Dirty Condition,143
2025-12-03T00:00:00.000,HEAT/HOT WATER,2195
2025-12-03T00:00:00.000,Illegal Parking,1488
2025-12-03T00:00:00.000,Noise - Residential,2722
2025-12-03T00:00:00.000,Noise - Street/Sidewalk,147
2025-12-03T00:00:00.000,Rodent,45
2025-12-03T00:00:00.000,Snow or Ice,9
2025-12-03T00:00:00.000,Street Condition,241
2025-12-04T00:00:00.000,Blocked Driveway,503
2025-12-04T00:00:00.000,Damaged Tree,17
2025-12-04T00:00:00.000,Dead/Dying Tree,13
2025-12-04T00:00:00.000,Dirty Condition,161
2025-12-04T00:00:00.000,HEAT/HOT WATER,2268
2025-12-04T00:00:00.000,Illegal Parking,1509
2025-12-04T00:00:00.000,Noise - Residential,2781
2025-12-04T00:00:00.000,Noise - Street/Sidewalk,136
2025-12-04T00:00:00.000,Rodent,54
2025-12-04T00:00:00.000,Snow or Ice,6
2025-12-04T00:00:00.000,Street Condition,177
2025-12-05T00:00:00.000,Blocked Driveway,534
2025-12-05T00:00:00.000,Damaged Tree,25
2025-12-05T00:00:00.000,Dead/Dying Tree,11
2025-12-05T00:00:00.000,Dirty Condition,141
2025-12-05T00:00:00.000,HEAT/HOT WATER,3585
2025-12-05T00:00:00.000,Illegal Fireworks,1
2025-12-05T00:00:00.000,Illegal Parking,1403
2025-12-05T00:00:00.000,Noise - Residential,2424
2025-12-05T00:00:00.000,Noise - Street/Sidewalk,127
2025-12-05T00:00:00.000,Rodent,62
2025-12-05T00:00:00.000,Snow or Ice,11
2025-12-05T00:00:00.000,Street Condition,126
2025-12-06T00:00:00.000,Blocked Driveway,576
2025-12-06T00:00:00.000,Damaged Tree,17
2025-12-06T00:00:00.000,Dead/Dying Tree,6
2025-12-06T00:00:00.000,Dirty Condition,125
2025-12-06T00:00:00.000,HEAT/HOT WATER,1900
2025-12-06T00:00:00.000,Illegal Fireworks,4
2025-12-06T00:00:00.000,Illegal Parking,1361
2025-12-06T00:00:00.000,Noise - Residential,3380
2025-12-06T00:00:00.000,Noise - Street/Sidewalk,230
2025-12-06T00:00:00.000,Rodent,32
2025-12-06T00:00:00.000,Street Condition,87
2025-12-07T00:00:00.000,Blocked Driveway,492
2025-12-07T00:00:00.000,Damaged Tree,11
2025-12-07T00:00:00.000,Dead/Dying Tree,5
2025-12-07T00:00:00.000,Dirty Condition,119
2025-12-07T00:00:00.000,HEAT/HOT WATER,1753
2025-12-07T00:00:00.000,Illegal Fireworks,6
2025-12-07T00:00:00.000,Illegal Parking,1474
2025-12-07T00:00:00.000,Noise - Residential,3160
2025-12-07T00:00:00.000,Noise - Street/Sidewalk,295
2025-12-07T00:00:00.000,Rodent,34
2025-12-07T00:00:00.000,Street Condition,107
2025-12-08T00:00:00.000,Blocked Driveway,495
2025-12-08T00:00:00.000,Damaged Tree,35
2025-12-08T00:00:00.000,Dead/Dying Tree,13
2025-12-08T00:00:00.000,Dirty Condition,130
2025-12-08T00:00:00.000,HEAT/HOT WATER,3019
2025-12-08T00:00:00.000,Illegal Parking,1433
2025-12-08T00:00:00.000,Noise - Residential,2238
2025-12-08T00:00:00.000,Noise - Street/Sidewalk,114
2025-12-08T00:00:00.000,Rodent,30
2025-12-08T00:00:00.000,Street Condition,194
2025-12-09T00:00:00.000,Blocked Driveway,527
2025-12-09T00:00:00.000,Damaged Tree,28
2025-12-09T00:00:00.000,Dead/Dying Tree,12
2025-12-09T00:00:00.000,Dirty Condition,171
2025-12-09T00:00:00.000,HEAT/HOT WATER,3657
2025-12-09T00:00:00.000,Illegal Parking,1535
2025-12-09T00:00:00.000,Noise - Residential,2612
2025-12-09T00:00:00.000,Noise - Street/Sidewalk,116
2025-12-09T00:00:00.000,Rodent,55
2025-12-09T00:00:00.000,Snow or Ice,18
2025-12-09T00:00:00.000,Street Condition,212
2025-12-10T00:00:00.000,Blocked Driveway,495
2025-12-10T00:00:00.000,Damaged Tree,23
2025-12-10T00:00:00.000,Dead/Dying Tree,18
2025-12-10T00:00:00.000,Dirty Condition,134
2025-12-10T00:00:00.000,HEAT/HOT WATER,2042
2025-12-10T00:00:00.000,Illegal Parking,1562
2025-12-10T00:00:00.000,Noise - Residential,2719
2025-12-10T00:00:00.000,Noise - Street/Sidewalk,115
2025-12-10T00:00:00.000,Rodent,47
2025-12-10T00:00:00.000,Snow or Ice,4
2025-12-10T00:00:00.000,Street Condition,204
2025-12-11T00:00:00.000,Blocked Driveway,519
2025-12-11T00:00:00.000,Damaged Tree,43
2025-12-11T00:00:00.000,Dead/Dying Tree,17
2025-12-11T00:00:00.000,Dirty Condition,120
2025-12-11T00:00:00.000,HEAT/HOT WATER,1992
2025-12-11T00:00:00.000,Illegal Parking,1438
2025-12-11T00:00:00.000,Noise - Residential,2468
2025-12-11T00:00:00.000,Noise - Street/Sidewalk,144
2025-12-11T00:00:00.000,Rodent,38
2025-12-11T00:00:00.000,Snow or Ice,8
2025-12-11T00:00:00.000,Street Condition,211
2025-12-12T00:00:00.000,Blocked Driveway,520
2025-12-12T00:00:00.000,Damaged Tree,27
2025-12-12T00:00:00.000,Dead/Dying Tree,14
2025-12-12T00:00:00.000,Dirty Condition,121
2025-12-12T00:00:00.000,HEAT/HOT WATER,2238
2025-12-12T00:00:00.000,Illegal Fireworks,1
2025-12-12T00:00:00.000,Illegal Parking,1602
2025-12-12T00:00:00.000,Noise - Residential,2887
2025-12-12T00:00:00.000,Noise - Street/Sidewalk,142
2025-12-12T00:00:00.000,Rodent,36
2025-12-12T00:00:00.000,Snow or Ice,17
2025-12-12T00:00:00.000,Street Condition,154
2025-12-13T00:00:00.000,Blocked Driveway,488
2025-12-13T00:00:00.000,Damaged Tree,12
2025-12-13T00:00:00.000,Dead/Dying Tree,8
2025-12-13T00:00:00.000,Dirty Condition,126
2025-12-13T00:00:00.000,HEAT/HOT WATER,1751
2025-12-13T00:00:00.000,Illegal Parking,1501
2025-12-13T00:00:00.000,Noise - Residential,3243
2025-12-13T00:00:00.000,Noise - Street/Sidewalk,209
2025-12-13T00:00:00.000,Rodent,29
2025-12-13T00:00:00.000,Snow or Ice,9
2025-12-13T00:00:00.000,Street Condition,61
2025-12-14T00:00:00.000,Blocked Driveway,601
2025-12-14T00:00:00.000,Damaged Tree,315
2025-12-14T00:00:00.000,Dead/Dying Tree,16
2025-12-14T00:00:00.000,Dirty Condition,50
2025-12-14T00:00:00.000,HEAT/HOT WATER,2316
2025-12-14T00:00:00.000,Illegal Parking,1145
2025-12-14T00:00:00.000,Noise - Residential,3102
2025-12-14T00:00:00.000,Noise - Street/Sidewalk,192
2025-12-14T00:00:00.000,Rodent,14
2025-12-14T00:00:00.000,Snow or Ice,938
2025-12-14T00:00:00.000,Street Condition,91
2025-12-15T00:00:00.000,Blocked Driveway,567
2025-12-15T00:00:00.000,Damaged Tree,85
2025-12-15T00:00:00.000,Dead/Dying Tree,13
2025-12-15T00:00:00.000,Dirty Condition,86
2025-12-15T00:00:00.000,HEAT/HOT WATER,3569
2025-12-15T00:00:00.000,Illegal Parking,1292
2025-12-15T00:00:00.000,Noise - Residential,2397
2025-12-15T00:00:00.000,Noise - Street/Sidewalk,107
2025-12-15T00:00:00.000,Rodent,31
2025-12-15T00:00:00.000,Snow or Ice,3296
2025-12-15T00:00:00.000,Street Condition,176
2025-12-16T00:00:00.000,Blocked Driveway,608
2025-12-16T00:00:00.000,Damaged Tree,46
2025-12-16T00:00:00.000,Dead/Dying Tree,4
2025-12-16T00:00:00.000,Dirty Condition,102
2025-12-16T00:00:00.000,HEAT/HOT WATER,2627
2025-12-16T00:00:00.000,Illegal Fireworks,2
2025-12-16T00:00:00.000,Illegal Parking,1444
2025-12-16T00:00:00.000,Noise - Residential,1948
2025-12-16T00:00:00.000,Noise - Street/Sidewalk,137
2025-12-16T00:00:00.000,Rodent,38
2025-12-16T00:00:00.000,Snow or Ice,1833
2025-12-16T00:00:00.000,Street Condition,216
2025-12-17T00:00:00.000,Blocked Driveway,640
2025-12-17T00:00:00.000,Damaged Tree,46
2025-12-17T00:00:00.000,Dead/Dying Tree,10
2025-12-17T00:00:00.000,Dirty Condition,104
2025-12-17T00:00:00.000,HEAT/HOT WATER,1712
2025-12-17T00:00:00.000,Illegal Parking,1555
2025-12-17T00:00:00.000,Noise - Residential,835
2025-12-17T00:00:00.000,Noise - Street/Sidewalk,150
2025-12-17T00:00:00.000,Rodent,48
2025-12-17T00:00:00.000,Snow or Ice,570
2025-12-17T00:00:00.000,Street Condition,182
2025-12-18T00:00:00.000,Blocked Driveway,582
2025-12-18T00:00:00.000,Damaged Tree,42
2025-12-18T00:00:00.000,Dead/Dying Tree,13
2025-12-18T00:00:00.000,Dirty Condition,128
2025-12-18T00:00:00.000,HEAT/HOT WATER,1170
2025-12-18T00:00:00.000,Illegal Fireworks,1
2025-12-18T00:00:00.000,Illegal Parking,1671
2025-12-18T00:00:00.000,Noise - Residential,767
2025-12-18T00:00:00.000,Noise - Street/Sidewalk,237
2025-12-18T00:00:00.000,Rodent,31
2025-12-18T00:00:00.000,Snow or Ice,138
2025-12-18T00:00:00.000,Street Condition,186
2025-12-19T00:00:00.000,Blocked Driveway,571
2025-12-19T00:00:00.000,Damaged Tree,340
2025-12-19T00:00:00.000,Dead/Dying Tree,32
2025-12-19T00:00:00.000,Dirty Condition,121
2025-12-19T00:00:00.000,HEAT/HOT WATER,1260
2025-12-19T00:00:00.000,Illegal Parking,1573
2025-12-19T00:00:00.000,Noise - Residential,862
2025-12-19T00:00:00.000,Noise - Street/Sidewalk,143
2025-12-19T00:00:00.000,Rodent,36
2025-12-19T00:00:00.000,Snow or Ice,3
2025-12-19T00:00:00.000,Street Condition,156
2025-12-20T00:00:00.000,Blocked Driveway,542
2025-12-20T00:00:00.000,Damaged Tree,116
2025-12-20T00:00:00.000,Dead/Dying Tree,13
2025-12-20T00:00:00.000,Dirty Condition,140
2025-12-20T00:00:00.000,HEAT/HOT WATER,1511
2025-12-20T00:00:00.000,Illegal Fireworks,7
2025-12-20T00:00:00.000,Illegal Parking,1549
2025-12-20T00:00:00.000,Noise - Residential,1088
2025-12-20T00:00:00.000,Noise - Street/Sidewalk,200
2025-12-20T00:00:00.000,Rodent,27
2025-12-20T00:00:00.000,Snow or Ice,10
2025-12-20T00:00:00.000,Street Condition,101
2025-12-21T00:00:00.000,Blocked Driveway,545
2025-12-21T00:00:00.000,Damaged Tree,75
2025-12-21T00:00:00.000,Dead/Dying Tree,10
2025-12-21T00:00:00.000,Dirty Condition,176
2025-12-21T00:00:00.000,HEAT/HOT WATER,1325
2025-12-21T00:00:00.000,Illegal Fireworks,1
2025-12-21T00:00:00.000,Illegal Parking,1506
2025-12-21T00:00:00.000,Noise - Residential,1075
2025-12-21T00:00:00.000,Noise - Street/Sidewalk,169
2025-12-21T00:00:00.000,Rodent,20
2025-12-21T00:00:00.000,Snow or Ice,2
2025-12-21T00:00:00.000,Street Condition,151
2025-12-22T00:00:00.000,Blocked Driveway,533
2025-12-22T00:00:00.000,Damaged Tree,55
2025-12-22T00:00:00.000,Dead/Dying Tree,14
2025-12-22T00:00:00.000,Dirty Condition,163
2025-12-22T00:00:00.000,HEAT/HOT WATER,1820
2025-12-22T00:00:00.000,Illegal Fireworks,4
2025-12-22T00:00:00.000,Illegal Parking,1706
2025-12-22T00:00:00.000,Noise - Residential,676
2025-12-22T00:00:00.000,Noise - Street/Sidewalk,125
2025-12-22T00:00:00.000,Rodent,36
2025-12-22T00:00:00.000,Snow or Ice,12
2025-12-22T00:00:00.000,Street Condition,143
2025-12-23T00:00:00.000,Blocked Driveway,558
2025-12-23T00:00:00.000,Damaged Tree,49
2025-12-23T00:00:00.000,Dead/Dying Tree,10
2025-12-23T00:00:00.000,Dirty Condition,123
2025-12-23T00:00:00.000,HEAT/HOT WATER,1291
2025-12-23T00:00:00.000,Illegal Parking,1583
2025-12-23T00:00:00.000,Noise - Residential,669
2025-12-23T00:00:00.000,Noise - Street/Sidewalk,173
2025-12-23T00:00:00.000,Rodent,42
2025-12-23T00:00:00.000,Snow or Ice,5
2025-12-23T00:00:00.000,Street Condition,174
2025-12-24T00:00:00.000,Blocked Driveway,527
2025-12-24T00:00:00.000,Damaged Tree,53
2025-12-24T00:00:00.000,Dead/Dying Tree,5
2025-12-24T00:00:00.000,Dirty Condition,113
2025-12-24T00:00:00.000,HEAT/HOT WATER,1184
2025-12-24T00:00:00.000,Illegal Fireworks,14
2025-12-24T00:00:00.000,Illegal Parking,1478
2025-12-24T00:00:00.000,Noise - Residential,969
2025-12-24T00:00:00.000,Noise - Street/Sidewalk,183
2025-12-24T00:00:00.000,Rodent,25
2025-12-24T00:00:00.000,Street Condition,104
2025-12-25T00:00:00.000,Blocked Driveway,524
2025-12-25T00:00:00.000,Damaged Tree,15
2025-12-25T00:00:00.000,Dead/Dying Tree,9
2025-12-25T00:00:00.000,Dirty Condition,66
2025-12-25T00:00:00.000,HEAT/HOT WATER,1073
2025-12-25T00:00:00.000,Illegal Fireworks,32
2025-12-25T00:00:00.000,Illegal Parking,1196
2025-12-25T00:00:00.000,Noise - Residential,1328
2025-12-25T00:00:00.000,Noise - Street/Sidewalk,220
2025-12-25T00:00:00.000,Rodent,16
2025-12-25T00:00:00.000,Snow or Ice,1
2025-12-25T00:00:00.000,Street Condition,40
2025-12-26T00:00:00.000,Blocked Driveway,456
2025-12-26T00:00:00.000,Damaged Tree,22
2025-12-26T00:00:00.000,Dead/Dying Tree,8
2025-12-26T00:00:00.000,Dirty Condition,104
2025-12-26T00:00:00.000,HEAT/HOT WATER,2267
2025-12-26T00:00:00.000,Illegal Fireworks,1
2025-12-26T00:00:00.000,Illegal Parking,1255
2025-12-26T00:00:00.000,Noise - Residential,889
2025-12-26T00:00:00.000,Noise - Street/Sidewalk,106
2025-12-26T00:00:00.000,Rodent,44
2025-12-26T00:00:00.000,Snow or Ice,44
2025-12-26T00:00:00.000,Street Condition,97
2025-12-27T00:00:00.000,Blocked Driveway,463
2025-12-27T00:00:00.000,Damaged Tree,18
2025-12-27T00:00:00.000,Dead/Dying Tree,2
2025-12-27T00:00:00.000,Dirty Condition,73
2025-12-27T00:00:00.000,HEAT/HOT WATER,2366
2025-12-27T00:00:00.000,Illegal Parking,927
2025-12-27T00:00:00.000,Noise - Residential,1020
2025-12-27T00:00:00.000,Noise - Street/Sidewalk,110
2025-12-27T00:00:00.000,Rodent,16
2025-12-27T00:00:00.000,Snow or Ice,459
2025-12-27T00:00:00.000,Street Condition,72
2025-12-28T00:00:00.000,Blocked Driveway,492
2025-12-28T00:00:00.000,Damaged Tree,14
2025-12-28T00:00:00.000,Dead/Dying Tree,4
2025-12-28T00:00:00.000,Dirty Condition,66
2025-12-28T00:00:00.000,HEAT/HOT WATER,2025
2025-12-28T00:00:00.000,Illegal Fireworks,1
2025-12-28T00:00:00.000,Illegal Parking,1130
2025-12-28T00:00:00.000,Noise - Residential,1071
2025-12-28T00:00:00.000,Noise - Street/Sidewalk,102
2025-12-28T00:00:00.000,Rodent,17
2025-12-28T00:00:00.000,Snow or Ice,1119
2025-12-28T00:00:00.000,Street Condition,119
2025-12-29T00:00:00.000,Blocked Driveway,491
2025-12-29T00:00:00.000,Damaged Tree,60
2025-12-29T00:00:00.000,Dead/Dying Tree,9
2025-12-29T00:00:00.000,Dirty Condition,121
2025-12-29T00:00:00.000,HEAT/HOT WATER,1717
2025-12-29T00:00:00.000,Illegal Fireworks,1
2025-12-29T00:00:00.000,Illegal Parking,1187
2025-12-29T00:00:00.000,Noise - Residential,812
2025-12-29T00:00:00.000,Noise - Street/Sidewalk,115
2025-12-29T00:00:00.000,Rodent,39
2025-12-29T00:00:00.000,Snow or Ice,125
2025-12-29T00:00:00.000,Street Condition,200
2025-12-30T00:00:00.000,Blocked Driveway,461
2025-12-30T00:00:00.000,Damaged Tree,71
2025-12-30T00:00:00.000,Dead/Dying Tree,19
2025-12-30T00:00:00.000,Dirty Condition,157
2025-12-30T00:00:00.000,HEAT/HOT WATER,2393
2025-12-30T00:00:00.000,Illegal Fireworks,5
2025-12-30T00:00:00.000,Illegal Parking,1341
2025-12-30T00:00:00.000,Noise - Residential,792
2025-12-30T00:00:00.000,Noise - Street/Sidewalk,92
2025-12-30T00:00:00.000,Rodent,34
2025-12-30T00:00:00.000,Snow or Ice,40
2025-12-30T00:00:00.000,Street Condition,196
2025-12-31T00:00:00.000,Blocked Driveway,511
2025-12-31T00:00:00.000,Damaged Tree,31
2025-12-31T00:00:00.000,Dead/Dying Tree,12
2025-12-31T00:00:00.000,Dirty Condition,136
2025-12-31T00:00:00.000,HEAT/HOT WATER,1962
2025-12-31T00:00:00.000,Illegal Fireworks,46
2025-12-31T00:00:00.000,Illegal Parking,1386
2025-12-31T00:00:00.000,Noise - Residential,1042
2025-12-31T00:00:00.000,Noise - Street/Sidewalk,180
2025-12-31T00:00:00.000,Rodent,36
2025-12-31T00:00:00.000,Snow or Ice,22
2025-12-31T00:00:00.000,Street Condition,162
