id,name,romaji,x,y,lon,lat
あざみ野_0,あざみ野,あざみ野,368950.9397630814,3937037.649642348,139.5538508971288,35.5683648785528
いずみ中央_0,いずみ中央,いずみ中央,362648.61244506825,3920128.591408993,139.48718499909342,35.415100000070815
いずみ野_0,いずみ野,いずみ野,363393.4134305112,3921714.238848016,139.49512000268066,35.42949500481674
おゆみ野_0,おゆみ野,おゆみ野,424439.32782829495,3934360.1612831866,140.1663456385189,35.55001617606231
お台場海浜公園_0,お台場海浜公園,お台場海浜公園,389396.8891227511,3943576.5413534213,139.77852999914168,35.62980500049481
お花茶屋_0,お花茶屋,お花茶屋,395107.1586750022,3956576.300992514,139.83988500033948,35.747615000830336
かしわ台_0,かしわ台,かしわ台,356266.6530512412,3925969.475642879,139.41588499482617,35.466845004494196
くぬぎ山_0,くぬぎ山,くぬぎ山,407425.41753775824,3960289.992762516,139.97567499919518,35.78233000009102
こどもの国_0,こどもの国,こどもの国,362844.48261228745,3935979.4755271915,139.48666500054208,35.55800000007048
さいたま新都心_0,さいたま新都心,さいたま新都心,376707.7872652654,3973008.515365741,139.63390001242288,35.89359500318065
さがみ野_0,さがみ野,さがみ野,357468.1256090313,3926466.80815796,139.42903501024054,35.471500677027166
すずかけ台_0,すずかけ台,すずかけ台,362334.78076705034,3931454.723523036,139.48181170248452,35.517145603402454
せんげん台_0,せんげん台,せんげん台,389465.28477308765,3977538.732362589,139.77459500227113,35.93595500030096
たまプラーザ_0,たまプラーザ,たまプラーザ,369399.5935812094,3938038.212937913,139.55863889270498,35.57744296447637
ちはら台_0,ちはら台,ちはら台,424764.43140121835,3932530.4524804777,140.17010210691143,35.533544843759536
つきみ野_0,つきみ野,つきみ野,360229.7238297897,3930756.2821334144,139.45872468822284,35.51055589340303
つくし野_0,つくし野,つくし野,362635.37565782794,3932550.6045785565,139.4849399978258,35.527065000201574
つつじヶ丘_0,つつじヶ丘,つつじヶ丘,371028.8051994713,3946951.6636332655,139.57518999589885,35.658000002919565
とうきょうスカイツリー_0,とうきょうスカイツリー,とうきょうスカイツリー,392300.2437487245,3952488.768892473,139.80939499807275,35.71046500239918
ときわ台_0,ときわ台,ときわ台,381459.08448614273,3958000.7787008407,139.68876000271956,35.758905003284596
はるひ野_0,はるひ野,はるひ野,360983.9808937134,3942710.043269308,139.4649855347964,35.61840538304706
ひばりヶ丘_0,ひばりヶ丘,ひばりヶ丘,368518.9924984717,3957353.959487623,139.5457686055521,35.75142967682004
ふじみ野_0,ふじみ野,ふじみ野,366651.3166997383,3969510.169345989,139.52309000773656,35.86074500245577
みずほ台_0,みずほ台,みずほ台,369114.9874668367,3966971.9924339177,139.55078500835634,35.83820000451836
みつわ台_0,みつわ台,みつわ台,421674.6584737072,3944223.542594839,140.13489000093526,35.638725000442804
みどり台_0,みどり台,みどり台,418259.8361017502,3942764.5654286263,140.09732500173524,35.625295000478474
みなとみらい_0,みなとみらい,みなとみらい,375904.64522118657,3924658.605000452,139.63246000627612,35.45767500183457
みのり台_0,みのり台,みのり台,403196.03200405405,3961113.393609223,139.92878500095364,35.78934500169544
みらい平_0,みらい平,みらい平,413320.9293934592,3983755.4147957517,140.03834499748388,35.99440500045891
めじろ台_0,めじろ台,めじろ台,346855.5730369613,3945740.654761524,139.30846222807827,35.643630703608146
ゆめが丘_0,ゆめが丘,ゆめが丘,362194.40807636897,3919086.5904389853,139.4823599973874,35.405645000754745
ゆめみ野_0,ゆめみ野,ゆめみ野,412950.6582811499,3975606.691074958,140.03513150112772,35.92091350082192
スポーツセンター_0,スポーツセンター,スポーツセンター,419991.1350730858,3944750.415565228,140.11624499944898,35.64334000009863
センター北_0,センター北,センター北,371140.18071721576,3935312.8276292095,139.5782774964965,35.55310500058996
センター南_0,センター南,センター南,370776.92312260624,3934449.3676925916,139.574408551823,35.545274607299284
テレコムセンター_0,テレコムセンター,テレコムセンター,389483.04296085174,3942235.4022248415,139.7796649991969,35.617725000481116
ベイサイド･ステーション_0,ベイサイド･ステーション,ベイサイド･ステーション,398251.87050137296,3943254.6457229042,139.87634500082333,35.62785500107566
モノレール浜松町_0,モノレール浜松町,モノレール浜松町,387453.7728363247,3946478.5219236426,139.75666999961592,35.65574500003556
ユーカリが丘_0,ユーカリが丘,ユーカリが丘,423717.5758795173,3953444.187177029,140.1565775861761,35.72201315894817
リゾートゲートウェイ･ステーション_0,リゾートゲートウェイ･ステーション,リゾートゲートウェイ･ステーション,399040.2186166566,3944050.4623430576,139.8849500015084,35.63511000162712
一ノ割_0,一ノ割,一ノ割,388734.1302000573,3980756.3115395335,139.76604000216503,35.96487500028752
一之江_0,一之江,一之江,398917.7830787897,3949690.396926335,139.88288999812326,35.68594000420739
一橋学園_0,一橋学園,一橋学園,362527.70491744473,3954191.310617913,139.48006500021484,35.72210500002261
七光台_0,七光台,七光台,396578.9174999185,3981323.4169808594,139.8529500020286,35.97085000045814
七里_0,七里,七里,379670.9131703825,3977726.4924564026,139.666009997237,35.93649000126055
万願寺_0,万願寺,万願寺,356991.27718216344,3948643.590276954,139.41986000083256,35.67131500026641
三ツ境_0,三ツ境,三ツ境,364134.13333867886,3925950.9737306125,139.5025700048672,35.46778500444674
三ツ沢上町_0,三ツ沢上町,三ツ沢上町,373483.3296350268,3926771.6907700878,139.60545507758536,35.476417290655455
三ツ沢下町_0,三ツ沢下町,三ツ沢下町,374368.93696574017,3926766.734054047,139.61521499959912,35.4764850034635
三ノ輪_0,三ノ輪,三ノ輪,390676.83229912,3954596.392050135,139.79116499498045,35.72928500171583
三ノ輪橋_0,三ノ輪橋,三ノ輪橋,390711.5931933919,3954921.5560347866,139.79150500037838,35.732220000238364
三咲_0,三咲,三咲,412166.8641126924,3956564.487073889,140.02854000054833,35.74918000005914
三河島_0,三河島,三河島,389408.12287280906,3955066.601028432,139.77707435163862,35.733381859786725
三田_0,三田,三田,386764.08568446233,3945631.566568942,139.74917150157628,35.648031384601154
三越前_0,三越前,三越前,389003.9929228551,3949821.1736711916,139.77333118962764,35.686052466231395
三軒茶屋_0,三軒茶屋,三軒茶屋,379603.9274413126,3945250.7951640524,139.67015422994228,35.64375180653822
三郷_0,三郷,三郷,399474.9152543099,3967310.4947542977,139.8868350006789,35.84483500264416
三郷中央_0,三郷中央,三郷中央,398684.5743234319,3965062.0387220294,139.8783699978609,35.82448500043657
三鷹_0,三鷹,Mitaka,369784.33657443855,3951927.8727217936,139.5606401275183,35.702690000007465
三鷹台_0,三鷹台,三鷹台,372359.89014758135,3950710.048917907,139.58929500100052,35.6920500013054
上中里_0,上中里,上中里,386610.270460508,3956621.6062320494,139.7459224128021,35.747080535987884
上井草_0,上井草,上井草,373648.34792311967,3954375.4688894497,139.60295500033786,35.72525500225501
上北台_0,上北台,上北台,356762.97515198006,3956907.066113545,139.41586500000062,35.74576000000551
上北沢_0,上北沢,上北沢,375411.1739263279,3948092.351130989,139.62341500114186,35.66884500258826
上大岡_0,上大岡,上大岡,372546.4278118775,3919336.3626510995,139.59629499989677,35.40927500046128
上尾_0,上尾,上尾,372765.4706416137,3981876.4890636597,139.5888100149139,35.97302000461018
上星川_0,上星川,上星川,371200.55990532605,3925800.554341632,139.5804537085327,35.46737015886088
上本郷_0,上本郷,上本郷,402025.7599559585,3961130.1502976716,139.915834999031,35.78938000045427
上板橋_0,上板橋,上板橋,380331.057466905,3958538.4658515807,139.6762050027715,35.76361500219396
上永谷_0,上永谷,上永谷,370399.42059378995,3918490.1368144015,139.57279000233933,35.40137000145727
上溝_0,上溝,上溝,351647.01354248234,3936118.4965433334,139.36313320525397,35.557639175120826
上町_0,上町,上町,377448.96237934,3945260.5068897135,139.6463557838871,35.6435742161829
上石神井_0,上石神井,上石神井,372685.2172447608,3954493.5227575935,139.59229000068456,35.72619500211313
上福岡_0,上福岡,上福岡,365660.3625207826,3970981.4067947892,139.51187000486055,35.873870001550316
上総三又_0,上総三又,上総三又,420768.2553223147,3925064.1554182693,140.12675500037244,35.46592000004454
上総山田_0,上総山田,上総山田,420703.1218017425,3923753.685856239,140.12616499958466,35.45410000004845
上総村上_0,上総村上,上総村上,418409.730239126,3928435.070092221,140.1004250010311,35.49612000025394
上総清川_0,上総清川,上総清川,406062.2340121395,3916877.1599008692,139.96564000718269,35.39083021725381
上野_0,上野,Ueno,389319.8575088962,3952781.5851156055,139.77641355577495,35.712774121520816
上野広小路_0,上野広小路,上野広小路,389005.3128973554,3952230.0346292867,139.7730131410068,35.70776687541518
上野御徒町_0,上野御徒町,上野御徒町,389010.25139171083,3952251.2878137752,139.77306478595716,35.707959014701274
上野毛_0,上野毛,上野毛,376728.32083558134,3941765.714291325,139.63893203331517,35.61198261425285
下丸子_0,下丸子,下丸子,380885.0861634369,3937198.767238986,139.685490000707,35.571325000525825
下井草_0,下井草,下井草,375616.1453013426,3954194.01143938,139.62473500058874,35.72387000174406
下北沢_0,下北沢,下北沢,379341.2367590753,3947226.0808471353,139.66695749864786,35.66152500230022
下山口_0,下山口,下山口,359110.2018973422,3960606.8526083,139.441164999318,35.77944500042472
下板橋_0,下板橋,下板橋,383873.8986167574,3956432.3324040063,139.7156925935751,35.745055150937816
下永谷_0,下永谷,下永谷,369153.43882705446,3918662.411595259,139.55904500113928,35.402760001752895
下溝_0,下溝,下溝,353150.37855807523,3931731.1563544,139.380510001133,35.51832000021021
下神明_0,下神明,下神明,384637.86607424443,3941296.749863956,139.7263100005844,35.60871000058199
下総中山_0,下総中山,下総中山,404397.2500411192,3952774.0114376717,139.9430700040635,35.714285003299835
下落合_0,下落合,下落合,381986.65634258516,3953199.1271072654,139.69530074730747,35.71568641479087
下赤塚_0,下赤塚,下赤塚,377506.9850461505,3959339.224645228,139.6448500011749,35.770485001153546
下郡_0,下郡,下郡,414177.2182007249,3912820.639838426,140.05540999997416,35.354990000010325
下飯田_0,下飯田,下飯田,362238.21999617404,3918834.078262424,139.48288499935703,35.40337500056819
下高井戸_0,下高井戸,下高井戸,377070.2329360901,3947750.0466108317,139.64179361590487,35.66596765437493
不動前_0,不動前,不動前,383475.1931995887,3943169.409677135,139.71320563967717,35.62545424382054
与野_0,与野,与野,377152.9486227661,3971979.39910001,139.63899000347124,35.88437500063075
与野本町_0,与野本町,与野本町,375975.45017693355,3971613.117412998,139.62600500358744,35.88092500057346
世田谷_0,世田谷,世田谷,377854.84082130034,3945246.1390617434,139.650839999793,35.64349500072861
世田谷代田_0,世田谷代田,世田谷代田,378851.49137134134,3946881.062869814,139.66159999766168,35.65835500288548
両国_0,両国,両国,391014.0686055929,3950928.9355621524,139.79539088224467,35.69626256846511
並木中央_0,並木中央,並木中央,376719.37102271314,3914416.379392024,139.6429850000036,35.36545000000949
並木北_0,並木北,並木北,376706.18982395425,3915144.843008008,139.64273000021385,35.3720150000221
中井_0,中井,中井,381186.7166465138,3953074.5741266506,139.68647749727816,35.71446750133683
中央大学・明星大学_0,中央大学・明星大学,中央大学・明星大学,355930.57006827544,3945395.422641187,139.40872500067147,35.64188500054301
中央林間_0,中央林間,中央林間,358944.7734421594,3930482.627060865,139.4446075002877,35.50790750250493
中学校_0,中学校,中学校,423000.80887956516,3955459.377182409,140.14845999967878,35.74012500003124
中山_0,中山,中山,367584.05796080857,3931110.2842889307,139.5397404526474,35.514755552321574
中川_0,中川,中川,370376.95528325485,3936431.066863551,139.56968000238152,35.563085001366616
中延_0,中延,中延,383433.8791449957,3940950.49077689,139.71307000056723,35.6054475014659
中村橋_0,中村橋,中村橋,376760.6038614616,3955598.088951405,139.6371699988545,35.736670002911005
中板橋_0,中板橋,中板橋,381963.75572331785,3957702.827598227,139.69438500417738,35.75628000293263
中河原_0,中河原,中河原,360395.2290393721,3947282.5665638843,139.4576947905728,35.65953551545191
中浦和_0,中浦和,中浦和,376961.0501789262,3968592.223004308,139.6373874044492,35.85382030009686
中田_0,中田,中田,364824.3707313872,3919657.893181609,139.51122000187289,35.41115500135144
中目黒_0,中目黒,Naka-Meguro,382200.4633544459,3945255.9220963437,139.69882706191504,35.6441112374657
中神_0,中神,中神,353064.3466231687,3952888.913370734,139.3757100042896,35.70900000497358
中野_0,中野,Nakano,379299.3334473511,3952132.9234967814,139.66575833288582,35.705750006939624
中野坂上_0,中野坂上,中野坂上,380809.0888725432,3951195.0673048412,139.68258249833858,35.69748000142861
中野富士見町_0,中野富士見町,中野富士見町,379493.69161809783,3950473.9623823045,139.66815499927523,35.690820002292426
中野島_0,中野島,中野島,368800.06490307715,3943880.055821646,139.55107500095883,35.63002000164711
中野新橋_0,中野新橋,中野新橋,380025.9436077182,3950561.6279114336,139.67402299445936,35.69167515017915
丸山_0,丸山,丸山,375997.41879341577,3982560.340535599,139.6245399999809,35.97960000000735
乃木坂_0,乃木坂,乃木坂,384714.785841188,3947716.610720575,139.72624098969752,35.66658924242076
久が原_0,久が原,久が原,380913.434343183,3938100.2988421666,139.68567000084647,35.5794550002262
久喜_0,久喜,久喜,380901.18285477726,3992042.649430726,139.67749249398673,36.06568000110035
久地_0,久地,久地,372571.8130121404,3941615.8855838617,139.59307500404802,35.610105002474945
久我山_0,久我山,久我山,373261.27298416104,3950263.3599993065,139.59932500143094,35.68814000086094
久米川_0,久米川,久米川,361908.4297994628,3957243.1546348706,139.47269500382632,35.74952500163651
九品仏_0,九品仏,九品仏,378718.06313112704,3941005.3744320865,139.66101000032373,35.60537500077538
九段下_0,九段下,Kudanshita,387014.4504696023,3950926.866717591,139.75119308590538,35.695793447953875
亀戸_0,亀戸,亀戸,393867.09564232954,3951035.9229081473,139.82690494034136,35.69753842499017
亀戸水神_0,亀戸水神,亀戸水神,394457.0135448607,3951295.8602452204,139.83338999941552,35.69994500007977
亀有_0,亀有,亀有,395824.48295504035,3958668.7186022904,139.8475451716666,35.766553298835234
二俣川_0,二俣川,二俣川,366830.9170169171,3925422.8873914788,139.53236999386684,35.46339000260158
二俣新町_0,二俣新町,二俣新町,405861.4281675578,3950210.914415867,139.95955499803122,35.691320002936976
二和向台_0,二和向台,二和向台,411737.1574838883,3957090.6622863826,140.02373000168063,35.753885001429836
二子新地_0,二子新地,二子新地,375251.50467624574,3941269.430711046,139.62270708237588,35.607323880150865
二子玉川_0,二子玉川,二子玉川,375585.5546734657,3941714.1506663817,139.62632569404906,35.61137465021429
二重橋前_0,二重橋前,二重橋前,387950.9650473267,3949218.9827322494,139.76177999638065,35.68050500042238
五井_0,五井,五井,417458.43316825526,3930328.8714574473,140.08974498542244,35.513115006384226
五反田_0,五反田,Gotanda,384446.5737575134,3943232.3005152657,139.72392128613183,35.626135248935654
五反野_0,五反野,五反野,392396.1342081978,3958637.774435912,139.80963000694317,35.76590500423558
五月台_0,五月台,五月台,363525.2517433738,3940654.2622215906,139.4933850019014,35.600230001999954
五香_0,五香,五香,406547.7230248756,3961958.1529989215,139.96577000133672,35.79728500022515
井の頭公園_0,井の頭公園,井の頭公園,371809.53759274294,3951299.8691873895,139.58312000095657,35.6972950004011
井土ヶ谷_0,井土ヶ谷,井土ヶ谷,372969.1628890366,3922059.4237541817,139.60052499876878,35.433875001751886
井荻_0,井荻,井荻,374792.4940080033,3954293.376427355,139.61561507657362,35.724661236872116
井野_0,井野,井野,423001.539260567,3954657.959200077,140.14854500037677,35.73290000005732
京急富岡_0,京急富岡,京急富岡,375519.7795303002,3914572.6846333006,139.6297600005046,35.3667100000522
京急川崎_0,京急川崎,京急川崎,382229.1393706198,3932930.4548998964,139.70093999826264,35.533010000572915
京急新子安_0,京急新子安,京急新子安,378071.88550167717,3927906.442592376,139.65584999882088,35.48722000097271
京急東神奈川_0,京急東神奈川,京急東神奈川,376158.82946398,3926860.503112302,139.6349249977434,35.477555000935844
京急田浦_0,京急田浦,京急田浦,375002.97738226,3907292.461566433,139.62518469437228,35.30101897479026
京急蒲田_0,京急蒲田,Keikyu Kamata,384391.90874739946,3936083.5465077655,139.72434071495422,35.561687758876495
京急鶴見_0,京急鶴見,京急鶴見,380070.3108982953,3930036.4630834344,139.6775609065093,35.506663997577185
京成上野_0,京成上野,京成上野,389055.1725879327,3952622.467072823,139.77351000073224,35.71131000008422
京成中山_0,京成中山,京成中山,404518.9273779377,3953068.325396769,139.94438000148764,35.71695000128678
京成佐倉_0,京成佐倉,京成佐倉,430348.8891910517,3953743.705106542,140.22986499956934,35.72520500303325
京成八幡_0,京成八幡,京成八幡,403061.0462383424,3953850.646027053,139.92817000110455,35.72386000059286
京成千葉_0,京成千葉,京成千葉,419788.34334310726,3941233.82592436,140.11435500028682,35.61162000036592
京成大久保_0,京成大久保,京成大久保,413913.04865482193,3949530.8155855527,140.0486050000046,35.685925001326574
京成大和田_0,京成大和田,京成大和田,419371.1742980378,3952411.85423933,140.108629998191,35.71236000157592
京成小岩_0,京成小岩,京成小岩,399054.3911640273,3955931.4537712857,139.88361500283023,35.742215001438225
京成幕張_0,京成幕張,京成幕張,414564.5091132844,3946703.1133369775,140.0561039916241,35.66048935574826
京成幕張本郷_0,京成幕張本郷,京成幕張本郷,413271.8962204147,3948094.4797121463,140.04167500028842,35.67292000011915
京成曳舟_0,京成曳舟,京成曳舟,393295.82394239295,3953383.6240453525,139.82027999577375,35.71864000169747
京成津田沼_0,京成津田沼,京成津田沼,411760.54333125794,3949298.4649306163,140.02484500132618,35.68364000226754
京成稲毛_0,京成稲毛,京成稲毛,417220.3585567321,3944100.237961798,140.0857100003729,35.637250000037405
京成立石_0,京成立石,京成立石,395843.1043415931,3955522.087638774,139.8481599983875,35.738190002768285
京成臼井_0,京成臼井,京成臼井,425916.26556247356,3954314.242176939,140.18080499688634,35.730025000998005
京成船橋_0,京成船橋,京成船橋,408190.16032466997,3951153.0883037723,139.9851815040336,35.70003337136511
京成西船_0,京成西船,京成西船,405821.1472447065,3952470.9333983343,139.95884500121068,35.711690000775405
京成金町_0,京成金町,京成金町,397888.42378590134,3958855.096005552,139.87035000053905,35.76845000009841
京成関屋_0,京成関屋,京成関屋,392567.32867813914,3956201.8043984394,139.8118499998006,35.74396500069547
京成高砂_0,京成高砂,京成高砂,397525.99036376167,3956909.0975476257,139.8665899994784,35.75087000313887
京橋_0,京橋,京橋,388698.90204232006,3948788.021928872,139.77010313181015,35.67670488564992
京王よみうりランド_0,京王よみうりランド,京王よみうりランド,365745.60965420044,3944251.99083748,139.51729076611986,35.632962031101975
京王八王子_0,京王八王子,京王八王子,350011.0748994588,3947279.9495355445,139.34301619481343,35.657988267529035
京王堀之内_0,京王堀之内,京王堀之内,355138.5741020597,3943476.6185009787,139.4003249938285,35.624475003890566
京王多摩センター_0,京王多摩センター,京王多摩センター,357298.95892038697,3943524.9508847417,139.42416499547198,35.62522500400841
京王多摩川_0,京王多摩川,京王多摩川,367485.40619408747,3945464.3859767253,139.5363001871496,35.64412494382448
京王永山_0,京王永山,京王永山,359485.3649057676,3944046.7018621857,139.4482104055299,35.630241006763214
京王片倉_0,京王片倉,京王片倉,349437.2418200822,3945777.519866514,139.33696000061587,35.64436000078646
京王稲田堤_0,京王稲田堤,京王稲田堤,367079.7536679068,3944362.19756567,139.5320025734906,35.634135820465026
人形町_0,人形町,人形町,389811.8650613896,3949838.812868817,139.7822551335024,35.68630210640054
今羽_0,今羽,今羽,375506.4771636117,3979283.8248680327,139.61960999975736,35.95000500001932
仏子_0,仏子,仏子,351899.12957797106,3967185.5282905,139.3601899997704,35.837675002275844
仙川_0,仙川,仙川,371945.47414027754,3947423.999698919,139.58523901778415,35.662376875128416
代々木_0,代々木,Yoyogi,382533.8822962049,3949653.078479198,139.70186750189495,35.683787500733416
代々木上原_0,代々木上原,代々木上原,380522.3111398053,3948041.5330485143,139.67988191763678,35.669019251908146
代々木八幡_0,代々木八幡,代々木八幡,381355.7574593477,3948105.840632429,139.6890790848804,35.66969952413951
代々木公園_0,代々木公園,代々木公園,381419.35212473734,3948039.22065612,139.68979140355674,35.66910665383556
代官山_0,代官山,代官山,382628.69283327076,3945709.4043111987,139.7034899991708,35.64825000043818
代田橋_0,代田橋,代田橋,378671.1394744429,3948294.6633401485,139.6593949980326,35.67107500174493
仲御徒町_0,仲御徒町,仲御徒町,389291.17168967915,3952103.120342619,139.77618999945088,35.70665500005263
仲町台_0,仲町台,仲町台,372130.5308625479,3933324.969818294,139.58951500156547,35.53531500240438
伊勢佐木長者町_0,伊勢佐木長者町,伊勢佐木長者町,375907.2128603527,3922807.8544207267,139.63277054797132,35.44099229423073
伊奈中央_0,伊奈中央,伊奈中央,375351.5699517163,3984772.3241126747,139.6170300007772,35.99945500024315
住吉_0,住吉,住吉,392842.19892002933,3950082.128378321,139.81570596767662,35.688829544112195
佐倉_0,佐倉,佐倉,430056.8592384792,3952030.911049831,140.22678547590215,35.70974252232254
佐貫_0,佐貫,佐貫,422263.34032062115,3976461.5260983314,140.13825999971098,35.92940500002606
作草部_0,作草部,作草部,419894.40091823397,3942804.0653410284,140.11537000057908,35.62578500009816
保土ヶ谷_0,保土ヶ谷,保土ヶ谷,372976.0613895484,3923539.787209427,139.60036998013814,35.44722000666743
保谷_0,保谷,保谷,370527.09666583163,3956970.778570271,139.5680346386797,35.748242297495764
信濃町_0,信濃町,信濃町,384268.5612663546,3949203.710714486,139.72109799545254,35.67994198549557
元住吉_0,元住吉,Motosumiyoshi,378087.715255399,3936613.078535177,139.65471499795356,35.565705000319404
元加治_0,元加治,元加治,350565.6980164624,3967528.5351077016,139.3453671980592,35.840563985931595
元山_0,元山,元山,407434.6894048806,3961176.7687859363,139.97567500172855,35.79032500078837
元町・中華街_0,元町・中華街,元町・中華街,377540.249870123,3922931.0280270427,139.65074000781948,35.44230500410659
光が丘_0,光が丘,光が丘,376077.261534399,3958026.14105705,139.62923999983505,35.7584700022139
光風台_0,光風台,光風台,419599.69288273726,3922151.881902186,140.1141649995721,35.439570000042735
入地_0,入地,入地,423965.5993774795,3975294.1530612092,140.15724000063122,35.91901500052052
入曽_0,入曽,入曽,357940.9012864093,3966499.3821703913,139.4271850040736,35.83238500164884
入谷_0,入谷,入谷,390059.71060824575,3953636.410335802,139.78447406100378,35.720562675318405
入谷_1,入谷,入谷,354108.3305316024,3927284.161790467,139.39187000071695,35.478380000146785
入間市_0,入間市,入間市,354624.7035709466,3967709.637671529,139.3902619985397,35.842806545256245
八丁堀_0,八丁堀,八丁堀,389380.3991027032,3948589.793273049,139.77765950809055,35.6749946627914
八丁畷_0,八丁畷,八丁畷,381350.6735570672,3931836.8863720046,139.69141249991108,35.523047500466845
八千代中央_0,八千代中央,八千代中央,418905.2141349882,3954137.0699192192,140.10330500317068,35.72787500521854
八千代台_0,八千代台,八千代台,417744.2997060557,3951206.0684124595,140.09076999663074,35.70135500136589
八千代緑が丘_0,八千代緑が丘,八千代緑が丘,416184.08817217674,3954280.4911589464,140.0732049988418,35.72894000461039
八坂_0,八坂,八坂,361453.2581647459,3956736.0048516346,139.4677500025375,35.744890002050745
八幡宿_0,八幡宿,八幡宿,420228.0020236798,3932859.865826673,140.12003499300465,35.536160002561424
八幡山_0,八幡山,八幡山,374604.3786181989,3948240.150094006,139.61448000056956,35.67007500141177
八広_0,八広,八広,394032.3628881755,3954327.002411753,139.82829710102837,35.72722360433809
八景島_0,八景島,八景島,376486.1946310395,3911695.5953298556,139.6408300008469,35.34089500024468
八木崎_0,八木崎,八木崎,386612.99024558254,3982303.290554463,139.74229999839258,35.97857500074588
八柱_0,八柱,八柱,403991.398076795,3961336.9292635834,139.93755819031756,35.79143819114034
八潮_0,八潮,八潮,395624.352905985,3963242.8233768903,139.84473499724263,35.80776500124319
八王子_0,八王子,Hachioji,349690.82399832585,3946984.2153043114,139.33953477930777,35.65527418942093
八王子みなみ野_0,八王子みなみ野,八王子みなみ野,348871.04165227775,3944336.9840812394,139.3309784472173,35.63129045177452
公園_0,公園,公園,423467.99403081334,3954414.1406716234,140.15372584382723,35.730738276514984
六会日大前_0,六会日大前,六会日大前,361099.84803278855,3916675.4687940264,139.4707200005171,35.38376000007278
六実_0,六実,六実,409568.5424125424,3961529.649132966,139.99924500007032,35.79370500002153
六本木_0,六本木,六本木,385160.47513383883,3947360.6485714815,139.73121499836287,35.663432502279754
六本木一丁目_0,六本木一丁目,六本木一丁目,385858.4300776825,3947533.8744490836,139.73889999902568,35.66507500007946
六浦_0,六浦,六浦,373791.5166996588,3909717.2933245776,139.61148999923466,35.32272500049189
六町_0,六町,六町,393521.9178124176,3960718.051961558,139.82180499912522,35.784780000076154
六郷土手_0,六郷土手,六郷土手,382840.7229968775,3933756.6420503194,139.7075649991557,35.540530000237325
内宿_0,内宿,内宿,373837.6122173271,3986386.0410641567,139.59998000088999,36.013805000399564
内幸町_0,内幸町,内幸町,387351.2822237981,3947970.0697000977,139.7553293177334,35.66917859283731
分倍河原_0,分倍河原,Bubaigawara,361401.1272307149,3948234.797349483,139.46864012322175,35.66825997711069
初台_0,初台,初台,381299.8877782668,3949406.829831031,139.68826999877615,35.68142000048931
初富_0,初富,初富,409653.7493653542,3959118.3237752146,140.00045999879345,35.77197500016649
初石_0,初石,初石,402329.1464819147,3971605.3788071037,139.91791000231999,35.88384000051765
前原_0,前原,前原,412021.2948464666,3951183.267610805,140.02751999808464,35.700655001016365
加茂宮_0,加茂宮,加茂宮,375242.83433123253,3977708.242506274,139.6169349997588,35.93577000002013
動物公園_0,動物公園,動物公園,420828.5517724327,3944665.1874526124,140.12550226781403,35.642639141913186
勝どき_0,勝どき,勝どき,389312.2676602694,3946810.5388418315,139.77715146506844,35.65894813366624
勝田台_0,勝田台,勝田台,420949.4795128504,3952733.7552615074,140.12604499913905,35.71539000268184
北上尾_0,北上尾,北上尾,371772.0736514884,3983236.725816124,139.57757501475157,35.98515000506891
北与野_0,北与野,北与野,376216.9609156407,3972692.3526804843,139.6285121213157,35.890683288053424
北八王子_0,北八王子,北八王子,351877.21997530625,3948500.9814895308,139.36339999919187,35.66927500016927
北初富_0,北初富,北初富,408695.871842636,3959636.1939648055,139.98980499880415,35.776555001310705
北千住_0,北千住,Kita-Senju,391951.0448795452,3956818.179793312,139.80495248443938,35.7494537290768
北千束_0,北千束,北千束,381641.58269674645,3941066.4670491656,139.69327000061432,35.60628000064608
北参道_0,北参道,北参道,382852.69714790536,3949062.251464093,139.7054759979536,35.67849965309107
北品川_0,北品川,北品川,385832.5263457369,3942804.8852683287,139.73928378214077,35.62244352511576
北国分_0,北国分,北国分,401847.2169930546,3958190.25268363,139.91421999809103,35.76286000341334
北大宮_0,北大宮,北大宮,375924.9195531103,3975720.449197525,139.624804997938,35.917940000365746
北小金_0,北小金,北小金,403426.69667875784,3965972.4031650317,139.93074999300399,35.83317000475644
北山田_0,北山田,北山田,372475.37204149074,3936177.7576562185,139.59286851880915,35.5610741606409
北府中_0,北府中,北府中,361708.42389274057,3949627.4072351446,139.4717950017608,35.680855000264856
北戸田_0,北戸田,北戸田,379092.41602173226,3965560.106461808,139.66144500587552,35.82675500326467
北新横浜_0,北新横浜,北新横浜,374221.00616410596,3931509.1880608355,139.612850000099,35.519215000011435
北春日部_0,北春日部,北春日部,386811.3470309196,3983561.579282671,139.74432000265432,35.9899400004007
北朝霞_0,北朝霞,Kita-Asaka,372370.3130857185,3964402.586975057,139.58722999636177,35.815470001800946
北本_0,北本,北本,367882.14934940456,3988512.8644634443,139.53355621441187,36.03218440261434
北松戸_0,北松戸,北松戸,401658.8328503906,3962352.794706285,139.91162499482022,35.80036500156999
北柏_0,北柏,北柏,408650.261827313,3970633.483794855,139.98804260205353,35.87568909993565
北水海道_0,北水海道,北水海道,409261.9503842313,3987976.8683766453,139.99283500029412,36.032090000029456
北池袋_0,北池袋,北池袋,383930.56004895933,3955907.947501137,139.71639499686066,35.7403350005276
北浦和_0,北浦和,北浦和,377744.4431054907,3970620.445458342,139.64575000679534,35.87220000265497
北綾瀬_0,北綾瀬,北綾瀬,394441.47511693335,3959831.774426862,139.83209499995527,35.77689000001024
北習志野_0,北習志野,北習志野,413377.8140080812,3953481.1498749508,140.04226469020344,35.72149087822381
北赤羽_0,北赤羽,北赤羽,383037.372836987,3961096.062768636,139.70576213013217,35.78699486045115
北越谷_0,北越谷,北越谷,389893.67256886757,3973734.8357483195,139.7798700014629,35.90171500016321
北野_0,北野,北野,350996.6787988635,3945765.2483384768,139.3541806271391,35.64448596871398
北鎌倉_0,北鎌倉,北鎌倉,367732.7439227034,3911492.166714204,139.5445650071768,35.337940002829896
十日市場_0,十日市場,十日市場,365495.1810504154,3932418.241611612,139.5164945694927,35.52626397931128
十条_0,十条,十条,384489.0129584788,3958125.510623957,139.7222500001179,35.76039000004942
千住大橋_0,千住大橋,千住大橋,391226.9326474513,3956045.6425303565,139.79705000075066,35.74241000082134
千城台_0,千城台,千城台,426517.60354095534,3942366.506513763,140.1885450008629,35.62235500037713
千城台北_0,千城台北,千城台北,425930.6012163253,3942948.147196098,140.1820100007059,35.627555000579726
千川_0,千川,千川,381486.2128989514,3955700.648786165,139.6894000073861,35.73817500348507
千歳烏山_0,千歳烏山,千歳烏山,373324.19271298597,3948009.788386854,139.60037499628024,35.667835003253685
千歳船橋_0,千歳船橋,千歳船橋,375479.226080931,3945742.790278782,139.62452999757886,35.64767500261005
千石_0,千石,千石,386476.67203218257,3954502.706014862,139.74474500396232,35.72796500188276
千葉_0,千葉,Chiba,419715.6070059691,3941378.002533801,140.11353763759283,35.61291391126527
千葉みなと_0,千葉みなと,千葉みなと,418735.8924170944,3940720.0917702764,140.102787504491,35.606902501619814
千葉ニュータウン中央_0,千葉ニュータウン中央,千葉ニュータウン中央,420143.66607541824,3962148.635397801,140.11619894119758,35.80020232816548
千葉中央_0,千葉中央,千葉中央,420093.0685577907,3940771.3223852944,140.11776500348995,35.607475000677155
千葉公園_0,千葉公園,千葉公園,420124.70756238257,3942128.1528893495,140.11798000052218,35.61971000007654
千葉寺_0,千葉寺,千葉寺,421381.0714316655,3938861.4723225334,140.13217000110913,35.59036000136616
千駄ヶ谷_0,千駄ヶ谷,千駄ヶ谷,383404.524511527,3949354.1207814696,139.71153022342233,35.68119600856996
千駄木_0,千駄木,千駄木,388152.18287070986,3954235.1730697886,139.76330492025502,35.725745218280885
千鳥町_0,千鳥町,千鳥町,381424.9351090891,3937377.3947764337,139.69142000087223,35.57300000034889
半蔵門_0,半蔵門,半蔵門,386140.26735339325,3949782.805480493,139.74169499882825,35.68538000009803
南万騎が原_0,南万騎が原,南万騎が原,366266.0329251958,3924232.6023347187,139.5263420639847,35.45258520354072
南与野_0,南与野,南与野,376410.24022687844,3970101.505149916,139.6310550034368,35.867355000541956
南千住_0,南千住,南千住,391407.48904563533,3955033.8359955326,139.7991833986854,35.73330916800303
南古谷_0,南古谷,南古谷,366367.32510845363,3974222.6085954723,139.51915499884095,35.903180003463504
南多摩_0,南多摩,南多摩,363260.8360009669,3946093.019849062,139.48954499977586,35.64921500081779
南大塚_0,南大塚,南大塚,360480.7233748804,3972817.6099416907,139.45418999799864,35.88969500084159
南大沢_0,南大沢,南大沢,353263.9323082374,3942353.8851475324,139.3798352286173,35.614079300622905
南太田_0,南太田,南太田,374163.93165359023,3922377.0551977325,139.61363499915984,35.436890001653296
南守谷_0,南守谷,南守谷,410044.9748295604,3977097.551026782,140.00276000455264,35.934090003766755
南平_0,南平,南平,354492.3183924484,3946889.4887732854,139.39257499773333,35.655140000776754
南新宿_0,南新宿,南新宿,382242.36119278497,3949631.1597825815,139.69864981853004,35.68355514586827
南林間_0,南林間,南林間,359231.43099900684,3929112.639692661,139.44800500245424,35.495600000501625
南柏_0,南柏,南柏,405566.0498233707,3967227.095600204,139.9542846735386,35.84468904569598
南桜井_0,南桜井,南桜井,392574.7567624848,3982453.068448453,139.80839499909908,35.98060000275368
南橋本_0,南橋本,南橋本,350718.2052241686,3938659.353399912,139.35241999979525,35.580400000025705
南流山_0,南流山,Minami-Nagareyama,400972.72100825957,3966550.611519235,139.9035125017987,35.838137503460196
南浦和_0,南浦和,南浦和,379786.778160799,3967903.153990117,139.66877750514996,35.847960003064436
南町田グランベリーパーク_0,南町田グランベリーパーク,南町田グランベリーパーク,361293.85782033607,3930846.122991919,139.47043999885346,35.51151500454764
南砂町_0,南砂町,南砂町,394262.0586149261,3947800.4965322437,139.83169500584052,35.66841500625733
南船橋_0,南船橋,南船橋,409120.95605689404,3949105.986115093,139.99570000319937,35.681665002276404
南行徳_0,南行徳,南行徳,400655.5328860264,3948205.432205762,139.9022749306734,35.67273005629726
南越谷_0,南越谷,南越谷,390876.4225623746,3970874.868223374,139.79114999924366,35.87604511628325
南部市場_0,南部市場,南部市場,375853.4057592623,3916062.916958562,139.63320500039424,35.38018500065582
南阿佐ヶ谷_0,南阿佐ヶ谷,南阿佐ヶ谷,376558.96299007983,3951472.224979692,139.63557500223897,35.699455001894066
南鳩ヶ谷_0,南鳩ヶ谷,南鳩ヶ谷,385820.3900049955,3964286.3796902625,139.7360949979354,35.8160800002014
印西牧の原_0,印西牧の原,印西牧の原,424748.5117926507,3962488.7091257665,140.16712557650084,35.80363200534683
厚木_0,厚木,厚木,352809.6673672225,3923428.983766258,139.3782579789999,35.44344120514251
原宿_0,原宿,Harajuku,382590.2009429846,3948268.823780365,139.70269174393886,35.671316384373746
原市_0,原市,原市,375760.3966114111,3980815.1740472782,139.62218499975162,35.96384000002052
原当麻_0,原当麻,原当麻,352703.3207349177,3932922.907769119,139.37536500087413,35.52899500034194
原木中山_0,原木中山,原木中山,404279.6376500918,3951556.732380029,139.94191499437292,35.70330000188871
参宮橋_0,参宮橋,参宮橋,381776.7226250817,3949088.184637894,139.6935849982844,35.67860500034285
反町_0,反町,反町,375281.951181594,3926494.5806909483,139.6253179906559,35.47414682318149
取手_0,取手,取手,415455.5197505886,3972821.1137293032,140.0631884657768,35.89602177611906
古淵_0,古淵,古淵,356729.57620941196,3935851.399122216,139.41924000023272,35.555980000156644
台場_0,台場,台場,388743.5249193065,3943148.158167682,139.77137499917546,35.62587000048078
吉川_0,吉川,吉川,395579.7047235555,3970885.4964370937,139.843240915956,35.87665390862034
吉川美南_0,吉川美南,吉川美南,396911.9288745264,3969919.468087895,139.85812150435132,35.8680870019509
吉祥寺_0,吉祥寺,Kichijoji,371541.3625744175,3951905.3045823453,139.5800599274613,35.702717240957156
吉野原_0,吉野原,吉野原,375634.25970356737,3980059.1946826642,139.62090499970185,35.95701000002576
吉野町_0,吉野町,吉野町,374600.502979617,3922201.600534846,139.61847057799721,35.43536355001339
向ヶ丘遊園_0,向ヶ丘遊園,向ヶ丘遊園,370005.115626364,3942448.972874289,139.5646099939409,35.61728000454252
向原_0,向原,向原,384674.38739316724,3954614.6991651505,139.7248049996403,35.72876500012207
向河原_0,向河原,向河原,379237.51772531983,3937315.208016287,139.66729500108548,35.5721750001452
和光市_0,和光市,和光市,374643.7139050856,3961361.2804476973,139.61286500538475,35.78835000467931
和戸_0,和戸,和戸,382988.7407914513,3989126.093793409,139.70110000245887,36.03964500119005
和泉多摩川_0,和泉多摩川,和泉多摩川,370846.51327639987,3943561.1321242377,139.57371999691637,35.62741500065573
和田町_0,和田町,和田町,371732.492447976,3925386.8687264957,139.5863800011258,35.46371000083233
品川_0,品川,Shinagawa,385792.1730780256,3943458.9225699175,139.73874566863574,35.62833456092551
品川シーサイド_0,品川シーサイド,品川シーサイド,386766.6094801838,3941389.2549941624,139.74979499831866,35.609790000140165
唐木田_0,唐木田,唐木田,356152.30997692765,3942582.568523884,139.41167499534797,35.616565000981964
善行_0,善行,善行,361294.7917012001,3914323.8033111086,139.47326500013153,35.36259000001448
喜多見_0,喜多見,喜多見,372043.4533271067,3944551.869419995,139.58677733795125,35.63650100942877
四ツ木_0,四ツ木,四ツ木,394613.3077852317,3954818.3256956786,139.83465499614275,35.73171500183851
四ツ谷_0,四ツ谷,Yotsuya,385090.20071083354,3949788.5840141713,139.7300920485205,35.685310247934105
四街道_0,四街道,四街道,424414.2708087242,3946868.5923614874,140.1648981449524,35.662784982444656
四谷三丁目_0,四谷三丁目,四谷三丁目,384119.525735369,3950081.2769495673,139.7193249986212,35.687835004511996
国会議事堂前_0,国会議事堂前,国会議事堂前,386366.0712307339,3948542.6661582673,139.74436507280276,35.67422712375237
国分寺_0,国分寺,Kokubunji,362489.8191721074,3951807.382572976,139.48005435513073,35.700612899124955
国府台_0,国府台,国府台,400848.79578776215,3955256.1667931797,139.90354000111608,35.73631000217684
国立_0,国立,国立,359443.7246592371,3951697.75617952,139.4464149991543,35.69919500717197
国立競技場_0,国立競技場,国立競技場,383705.3799411754,3949201.7870717924,139.71487617952786,35.67985838173207
国道_0,国道,国道,379893.66894435306,3929384.9816178186,139.6757100006437,35.500770000297436
国際展示場_0,国際展示場,国際展示場,390595.3027268756,3944072.581063285,139.79169499711375,35.634410001735226
国領_0,国領,国領,369498.9025988836,3946106.954933568,139.55842999784107,35.65018500165739
土呂_0,土呂,土呂,376613.4280549072,3977261.235500932,139.63219498998927,35.93191500168944
地下鉄成増_0,地下鉄成増,地下鉄成増,376280.0576060087,3960050.2197803,139.63117001290942,35.77674000860061
地下鉄赤塚_0,地下鉄赤塚,地下鉄赤塚,377429.4195013018,3959284.3344877954,139.6440005029568,35.769980563553474
地区センター_0,地区センター,地区センター,423592.43569883134,3953907.456371951,140.15515000017882,35.72618000001787
堀切_0,堀切,堀切,393066.5455629125,3956126.991256343,139.81738000076876,35.74334500024016
堀切菖蒲園_0,堀切菖蒲園,堀切菖蒲園,393990.97115022875,3956593.4592632847,139.82753999997277,35.74765000095782
塚田_0,塚田,塚田,408009.59127211705,3953605.5102869254,139.98290499781757,35.72212500062858
増尾_0,増尾,増尾,407539.22891052393,3965556.811125391,139.97632500089995,35.82982000033493
外苑前_0,外苑前,外苑前,383958.5115925241,3948146.425853976,139.71782499842377,35.67037500134508
多摩センター_0,多摩センター,多摩センター,357171.54482456786,3943374.9918125076,139.42278499954483,35.623855000051606
多摩動物公園_0,多摩動物公園,多摩動物公園,355575.58040037286,3946194.6684941803,139.40466219641277,35.649036723722205
多摩境_0,多摩境,多摩境,352072.3703319511,3941004.2106668106,139.36693081609673,35.601737267878626
多摩川_0,多摩川,Tamagawa,379390.0289880576,3939251.226203892,139.6686888328771,35.58964511987669
多摩湖_0,多摩湖,多摩湖,359226.2239633624,3959089.4096285203,139.44271500149802,35.76578500018472
多磨_0,多磨,多磨,365806.27631727926,3949117.4742725035,139.51714999865274,35.676825000205305
多磨霊園_0,多磨霊園,多磨霊園,364428.3047489437,3947977.329321266,139.50212000391954,35.66636000385604
大久保_0,大久保,大久保,382158.4649095015,3951527.071207242,139.69744500613632,35.70063500151271
大井町_0,大井町,大井町,385377.5549750707,3941130.582124843,139.73449856019852,35.60729815159645
大井競馬場前_0,大井競馬場前,大井競馬場前,386510.72101200034,3939755.1263719555,139.74719999979237,35.59503000002331
大佐倉_0,大佐倉,大佐倉,432239.0552504249,3954253.163133647,140.2507199994332,35.729930000369066
大倉山_0,大倉山,大倉山,375763.9351363614,3931843.2182256905,139.6298105916802,35.52242043798527
大口_0,大口,Oguchi,377216.4477297768,3928481.137113319,139.64633500063195,35.4922950000701
大和_0,大和,大和,360388.0233081408,3926238.9301067963,139.46124635055176,35.469861267165
大和田_0,大和田,大和田,378307.30578065803,3976953.0924805775,139.65101499898853,35.9293500016605
大塚_0,大塚,大塚,384962.26831096964,3954945.9920735587,139.72794000291893,35.73178500414107
大塚・帝京大学_0,大塚・帝京大学,大塚・帝京大学,356620.5957213704,3944826.753249447,139.41644500077894,35.636860000435426
大塚駅前_0,大塚駅前,大塚駅前,385099.04600938654,3954925.9143692562,139.72945499988828,35.73162000001253
大宮_0,大宮,Omiya,375800.67069250357,3974495.226950664,139.62361956460805,35.9068807209483
大宮公園_0,大宮公園,大宮公園,376680.78849129996,3976368.8492878145,139.63307999857165,35.923880001898624
大山_0,大山,大山,382698.6164336066,3956816.029465143,139.70264129097166,35.74837434887029
大岡山_0,大岡山,大岡山,380871.4195971172,3941169.0999892596,139.68475390915657,35.6071126502003
大島_0,大島,大島,394531.4190509859,3950165.2517878604,139.8343606178118,35.68976106215387
大崎_0,大崎,Osaki,384813.2558494974,3942530.018591796,139.7280700050261,35.619847501561374
大崎広小路_0,大崎広小路,大崎広小路,384299.2143850551,3942809.303873726,139.7223549989574,35.622305000346145
大川_0,大川,大川,383121.1645214404,3928747.0780067192,139.71138000063314,35.49540500016848
大師前_0,大師前,大師前,389885.19282805163,3960115.778965011,139.78165499953704,35.77895000064082
大師橋_0,大師橋,大師橋,385815.8916638128,3933282.708498933,139.74044499995057,35.53660500074855
大手町_0,大手町,Otemachi,388213.782365818,3949772.8586939448,139.7646067300068,35.68552764729133
大森_0,大森,大森,384776.05115919566,3939099.0668700086,139.7281488521187,35.58891550163248
大森台_0,大森台,大森台,422951.3168279948,3938141.21206676,140.14957000121814,35.583990000531536
大森海岸_0,大森海岸,大森海岸,385425.3782576052,3938942.4958956046,139.735336808945,35.58757952912268
大森町_0,大森町,大森町,385102.4233182892,3937273.8167522475,139.7320099993631,35.57250000012783
大泉学園_0,大泉学園,大泉学園,372226.2407968555,3957069.2719074483,139.58680625483075,35.74935227630517
大町_0,大町,大町,407211.88888243644,3959495.663324093,139.973404741644,35.77514911163118
大神宮下_0,大神宮下,大神宮下,408742.7269835972,3950474.6184830526,139.9913654709929,35.69396830321743
大船_0,大船,大船,366558.3467401763,3913255.725284235,139.53135826823336,35.35368038206248
大袋_0,大袋,大袋,389751.2605931141,3976275.4387282794,139.77794000226788,35.92460000029332
大門_0,大門,Daimon,387320.6616720121,3946581.939907357,139.75518532504336,35.65666205411862
大鳥居_0,大鳥居,大鳥居,385818.22977076,3935025.992303609,139.74022500228037,35.5523200028759
天台_0,天台,天台,419670.9845037841,3943436.663953674,140.11284000039598,35.63147000004861
天王台_0,天王台,天王台,413546.55162246764,3970227.07057406,140.04232000002042,35.87247000015066
天王洲アイル_0,天王洲アイル,Tennozu Isle,386883.151535053,3942719.536917179,139.75089500043973,35.62179500028693
天王町_0,天王町,天王町,373182.7638645695,3924290.126136696,139.6025300018815,35.45401000196455
天空橋_0,天空橋,天空橋,387112.18064979615,3934561.690594311,139.75456295326197,35.548282862662475
奥沢_0,奥沢,奥沢,379748.5631648834,3940832.7704416006,139.67240999934688,35.60394500079104
女子大_0,女子大,女子大,423604.3118132682,3955233.978321303,140.15515500083222,35.73814000028711
妙典_0,妙典,妙典,402669.27649232576,3950211.8156744926,139.92427984097503,35.69101805181292
妙蓮寺_0,妙蓮寺,妙蓮寺,376044.4507628678,3929216.164647932,139.6333049998719,35.49877500001181
姉ヶ崎_0,姉ヶ崎,姉ヶ崎,413082.16726941714,3926545.9345323923,140.04189516127255,35.47863639055988
姫宮_0,姫宮,姫宮,386324.16007328755,3985174.301286378,139.73868500149274,36.00442000026126
子安_0,子安,子安,377085.1649152463,3927628.258736471,139.64501707867507,35.48459075328568
学園前_0,学園前,学園前,423729.0419878629,3935523.9883498284,140.15840019753318,35.56045438752443
学習院下_0,学習院下,学習院下,383525.36251507525,3953185.8568294784,139.71230999974486,35.715750000039684
学芸大学_0,学芸大学,学芸大学,380947.55727897387,3943570.6804986484,139.6852399972443,35.62877000053852
守谷_0,守谷,守谷,409099.3648634185,3978918.4831423946,139.99206999896236,35.950417500955105
安善_0,安善,安善,382208.33626354556,3929251.0391257787,139.70124499935278,35.499840000540395
宝町_0,宝町,宝町,388877.06092212227,3948672.1351566254,139.7720874185373,35.67568033368118
実籾_0,実籾,実籾,415676.2675568338,3949616.5140776355,140.06807999895625,35.686850001850736
宮の坂_0,宮の坂,宮の坂,377325.0462061616,3945703.284293457,139.64491999953128,35.6475500000499
宮ノ前_0,宮ノ前,宮ノ前,388408.37944852695,3956909.9078437164,139.76576500003728,35.74988500006579
宮前平_0,宮前平,宮前平,371573.0260284113,3938846.76432555,139.5824907410162,35.58501549864774
宮原_0,宮原,宮原,374581.45730901114,3978245.7428106815,139.60952000331613,35.940530000358244
宮崎台_0,宮崎台,宮崎台,372340.9600136699,3939069.8931407463,139.59092924923718,35.58712612017702
宿河原_0,宿河原,宿河原,371354.8032403621,3942223.0276458315,139.57954500221967,35.6154200019497
富士見ヶ丘_0,富士見ヶ丘,富士見ヶ丘,373967.9529868345,3949883.8931050138,139.60719239190308,35.68481019087768
富士見台_0,富士見台,富士見台,376094.1872024411,3955516.4017899404,139.6298149990941,35.73585000274377
富士見町_0,富士見町,富士見町,366359.4103645164,3912334.5122272763,139.5293199991747,35.34535000024427
寺原_0,寺原,寺原,414715.7615794563,3974569.6094227317,140.0548050021427,35.9117200016143
小伝馬町_0,小伝馬町,小伝馬町,389501.0443267438,3950299.8743650173,139.77875743814914,35.6904234878136
小作_0,小作,小作,346549.4792048548,3960439.4652147116,139.30227500126693,35.77605500056531
小倉台_0,小倉台,小倉台,425009.92470355536,3942984.690997961,140.17183999921045,35.62781500059111
小台_0,小台,小台,388044.8419956749,3956981.6076264475,139.76173500002443,35.75049000029264
小室_0,小室,小室,416499.4529577847,3960721.344503736,140.0760206046596,35.78703196274127
小宮_0,小宮,小宮,352364.20770944015,3950339.3474686695,139.36844143263747,35.68591676225329
小岩_0,小岩,小岩,398883.5548388581,3954947.778645158,139.88184999526317,35.73333000221225
小島新田_0,小島新田,小島新田,386457.7082103626,3933056.546972548,139.74755500032438,35.534640000654456
小川_0,小川,小川,361055.75870671996,3955929.517393991,139.46349499939234,35.737565000047134
小川町_0,小川町,小川町,388431.1315987874,3950844.8473803303,139.76685949709056,35.69521551458178
小平_0,小平,小平,363311.0147292623,3955822.355280079,139.48844500530666,35.73691500426313
小手指_0,小手指,小手指,358865.1323602223,3962956.282375538,139.438040005543,35.80058500423611
小机_0,小机,小机,373004.64170996944,3930352.6501907613,139.59962000404826,35.50863500303228
小村井_0,小村井,小村井,393947.81895742146,3952452.849939706,139.82761000049865,35.71032000049119
小林_0,小林,小林,427121.1011916454,3965476.8250447153,140.19311018603673,35.830749876275554
小田急多摩センター_0,小田急多摩センター,小田急多摩センター,357317.4529575432,3943491.924335391,139.42437499583735,35.624930003692775
小田急永山_0,小田急永山,小田急永山,359471.42132688774,3944011.3821396185,139.44806262284104,35.62992068016432
小田急相模原_0,小田急相模原,小田急相模原,357000.9059750886,3931361.968091606,139.42302499483998,35.515555001422044
小田栄_0,小田栄,小田栄,382577.1994486529,3930863.0203603944,139.70507781412752,35.51441471164384
小竹向原_0,小竹向原,Kotake-Mukaihara,380600.5381852723,3956291.6317325463,139.67952000609756,35.74339500447605
小絹_0,小絹,小絹,408348.43770503905,3982334.3640191806,139.98335000056596,35.98114000005737
小菅_0,小菅,小菅,392659.43934310967,3957833.6359242364,139.81264999695955,35.758685000807496
小金城趾_0,小金城趾,小金城趾,402176.98305383394,3966302.8552687513,139.91687500096774,35.836025000434624
尻手_0,尻手,尻手,380717.4829247261,3932724.7517307904,139.68430000223958,35.53097500042515
尾久_0,尾久,尾久,387330.024645547,3956583.558169889,139.753886466559,35.74682027581141
尾山台_0,尾山台,尾山台,378096.3160911967,3941186.9205613676,139.65412000128882,35.60693500206537
屏風浦_0,屏風浦,屏風浦,373807.24423037923,3917638.419913749,139.61044000262356,35.39413000099068
山下_0,山下,山下,377474.7564962815,3946438.093293154,139.64646154881248,35.654192121444005
山手_0,山手,山手,377129.11936603655,3921216.6017229506,139.64647000432456,35.42680000075499
山田_0,山田,山田,347969.98289005726,3945801.91135908,139.3207550000968,35.644355000651444
岩本町_0,岩本町,岩本町,389184.94785822445,3950875.5311562917,139.77518528356921,35.69557716502279
岩槻_0,岩槻,岩槻,382137.77517018316,3979219.693072171,139.69312999725722,35.95025000112728
岸根公園_0,岸根公園,岸根公園,374519.1890102911,3928875.21380246,139.61654499866938,35.49551000021575
巌根_0,巌根,巌根,403199.60028028465,3919564.6821750607,139.93380499431782,35.414785001367825
川口_0,川口,川口,384120.00665306963,3962726.1868487974,139.71750306336045,35.80181711317628
川口元郷_0,川口元郷,川口元郷,385243.09484289907,3962518.9654663,139.72995977908633,35.80008115386413
川和町_0,川和町,川和町,368443.84981980006,3932616.3205832983,139.54897499903188,35.528445000319884
川崎_0,川崎,Kawasaki,381852.28597585595,3932752.9419750664,139.69680999393222,35.53136500236227
川崎大師_0,川崎大師,川崎大師,384504.6692746441,3933206.9317520657,139.72599499956686,35.5357700007062
川崎新町_0,川崎新町,川崎新町,382055.3348450278,3931303.67365066,139.69926000130786,35.518325000697054
川越_0,川越,川越,363125.4213951586,3974688.862464117,139.48316093531005,35.90693398443613
川越市_0,川越市,川越市,362590.46688545705,3975496.1556205368,139.4770950063902,35.9141350020965
川間_0,川間,川間,394930.4577998604,3982268.1748746196,139.83454499966203,35.979190003639644
巣鴨_0,巣鴨,巣鴨,385982.73316193145,3955150.808638961,139.73919249885031,35.73375000882438
巣鴨新田_0,巣鴨新田,巣鴨新田,384964.4096778316,3955320.3765879273,139.7279100003307,35.735160000080164
市が尾_0,市が尾,市が尾,367781.7919408018,3935157.7907142183,139.54125999753012,35.55126500076062
市ヶ谷_0,市ヶ谷,市ヶ谷,385678.5231639134,3950525.1948896665,139.73648766206523,35.69201861766922
市場前_0,市場前,市場前,390063.39185777144,3945330.456816581,139.78564999907692,35.64569000049423
市大医学部_0,市大医学部,市大医学部,377335.92980355857,3912017.882773189,139.65013000006687,35.34390500001095
市川_0,市川,市川,401258.3117990688,3954426.2808614047,139.90817000837245,35.728870007304536
市川塩浜_0,市川塩浜,市川塩浜,402582.63897851855,3947490.726346605,139.92365195347008,35.66647933127792
市川大野_0,市川大野,市川大野,405188.6587017423,3957326.896630401,139.95128000366802,35.75540500104921
市川真間_0,市川真間,市川真間,401585.9321714946,3954688.041977554,139.91175996152944,35.73126252456925
市役所前_0,市役所前,市役所前,419178.55651514535,3940729.838030264,140.1076733178582,35.60702665724217
布佐_0,布佐,布佐,421707.7999083477,3967586.320586377,140.13297500510882,35.849350000862145
布田_0,布田,布田,368890.44063725945,3946079.8435642105,139.5517150004963,35.64986000168806
希望ヶ丘_0,希望ヶ丘,希望ヶ丘,365111.54740829556,3925132.425309257,139.513475002517,35.46054000361411
常盤平_0,常盤平,常盤平,405078.6298649135,3962624.3899785066,139.9494349988795,35.80315000121919
幕張_0,幕張,幕張,414718.9664687684,3946597.002870748,140.0578214763162,35.65954610772301
幕張本郷_0,幕張本郷,幕張本郷,413308.07151059026,3948092.453485663,140.04207489692848,35.67290491396184
幕張豊砂_0,幕張豊砂,幕張豊砂,411934.18194446,3946470.493860632,140.02707312686732,35.65816098852391
幡ヶ谷_0,幡ヶ谷,幡ヶ谷,380338.19195584854,3948902.753733687,139.6777199991158,35.676760000980686
平井_0,平井,平井,395279.5203557341,3952007.4957517227,139.84238709396982,35.7064478355364
平和台_0,平和台,平和台,400782.29452353675,3967992.924368201,139.90122499987297,35.85112000001146
平和台_1,平和台,平和台,378341.5377621115,3957893.2576717846,139.65430000697452,35.75755500401209
平和島_0,平和島,平和島,385379.60503825365,3937956.581340314,139.73497148171413,35.57868683217479
平山城址公園_0,平山城址公園,平山城址公園,353330.0800974294,3946039.817049751,139.37989499472076,35.64731000178493
平沼橋_0,平沼橋,平沼橋,374456.48210962047,3924919.5102792056,139.6164649986656,35.459845000390224
平間_0,平間,平間,379564.4977542738,3936022.8156767786,139.6710950008308,35.5605650001309
幸手_0,幸手,幸手,384283.29714343,3992928.1546120495,139.714909999171,36.074070000073036
幸浦_0,幸浦,幸浦,376772.6999465518,3913633.008896328,139.6436900000245,35.35839500000959
幸谷_0,幸谷,幸谷,402453.65712960414,3965303.6342935977,139.92005999974663,35.82704500002113
広尾_0,広尾,広尾,384328.0380704012,3946047.690156345,139.72220857367248,35.65149997294128
庚申塚_0,庚申塚,庚申塚,385118.8720303009,3955758.2403047867,139.7295549997892,35.73912500002899
府中_0,府中,府中,362445.1505622902,3948654.6113290656,139.48010000122372,35.672190002011476
府中本町_0,府中本町,Fuchu-Hommachi,362169.3522586197,3947956.367822864,139.47717311486835,35.66585805846325
府中競馬正門前_0,府中競馬正門前,府中競馬正門前,362897.0208135708,3948222.1477234885,139.485165000141,35.668355001897964
座間_0,座間,座間,354840.21804883005,3927561.8413662757,139.39988500036202,35.48099000005229
弁天橋_0,弁天橋,弁天橋,381135.7326145569,3928816.494876415,139.68948499911912,35.4957950012144
弘明寺_0,弘明寺,弘明寺,372854.8840653475,3920914.0680678887,139.59944513493488,35.423536054270485
弥生台_0,弥生台,弥生台,364439.5033637369,3921746.627963882,139.50663499819098,35.42993000244833
後楽園_0,後楽園,後楽園,387043.3129784865,3952263.809620712,139.75132410658793,35.707848288381236
御嶽山_0,御嶽山,御嶽山,380623.9935239752,3938744.1135639697,139.682381189895,35.58522359115603
御徒町_0,御徒町,御徒町,389158.480670759,3952164.6804476706,139.77471499855457,35.70719500011829
御成門_0,御成門,御成門,386993.0879913594,3947065.136865697,139.75149944730367,35.66098028410371
御茶ノ水_0,御茶ノ水,Ochanomizu,388244.02603520907,3951379.9076350215,139.76471750570536,35.70001750562735
志久_0,志久,志久,375804.3569142204,3983830.62993976,139.6222000005125,35.99102500007936
志木_0,志木,志木,371303.3038688081,3965161.3863276504,139.5753000040715,35.82217000220845
志村三丁目_0,志村三丁目,志村三丁目,381224.5026928799,3960062.958266665,139.68585999767419,35.777465003104155
志村坂上_0,志村坂上,志村坂上,382024.5798210824,3959927.4570731884,139.69473000401754,35.77634000146059
志津_0,志津,志津,422659.64411671576,3952942.198105663,140.14492999966185,35.717405000660705
志茂_0,志茂,志茂,385440.9786624648,3960069.5371868745,139.73250000501676,35.778025001314134
恋ヶ窪_0,恋ヶ窪,恋ヶ窪,361045.95045840304,3953021.129406374,139.46389000153147,35.7113500004491
恩田_0,恩田,恩田,363321.1992161965,3934596.1879822384,139.492156852347,35.5455976569257
恵比寿_0,恵比寿,Ebisu,383164.51726356527,3945547.553247411,139.7094309582525,35.64685460950473
愛宕_0,愛宕,愛宕,397605.4883716877,3979066.6190845203,139.86462500191857,35.95061500057425
成城学園前_0,成城学園前,成城学園前,373163.1810845679,3944939.0046862126,139.5990799953082,35.64013500511442
成増_0,成増,成増,376442.1823444978,3960139.997468758,139.6329494385501,35.777569639574914
成瀬_0,成瀬,成瀬,361559.2610893004,3933494.1254685083,139.47291359408817,35.535419708774
我孫子_0,我孫子,我孫子,410667.1402117238,3970300.001992401,140.0104196138376,35.87286896362797
戸塚_0,戸塚,Totsuka,366929.56677070184,3918473.852233867,139.53459233992567,35.40076574645763
戸塚安行_0,戸塚安行,戸塚安行,387478.39510441304,3969034.3497085106,139.75377499998194,35.85907000006209
戸田_0,戸田,戸田,379816.16742566077,3964534.014422702,139.66961000488376,35.81759500111208
戸田公園_0,戸田公園,戸田公園,380591.0406085964,3963432.9698123187,139.67835000623265,35.80776500263257
戸越_0,戸越,戸越,383746.2433455706,3941942.3325403295,139.7163749978221,35.61442500028242
戸越公園_0,戸越公園,戸越公園,383920.8056355307,3941330.4672173364,139.71838999957117,35.60893000068975
戸越銀座_0,戸越銀座,戸越銀座,383624.0038630932,3942119.7611248437,139.71499999941938,35.61601000008923
戸部_0,戸部,戸部,374732.4056037595,3924562.314410599,139.61956000120426,35.45666000020989
戸頭_0,戸頭,戸頭,411080.6695323632,3976562.8883238514,140.0143000013622,35.92936500110894
所沢_0,所沢,所沢,362033.11281621,3961371.5969493147,139.47336249913636,35.786752500104235
扇大橋_0,扇大橋,扇大橋,388887.9722808398,3958484.717899133,139.7708500000758,35.76413500001343
扇町_0,扇町,扇町,384131.6551471711,3929436.697511007,139.72241999958294,35.50174000005749
押上_0,押上,Oshiage,392631.2475814322,3952360.3883961244,139.81307065216757,35.709343864565014
拝島_0,拝島,Haijima,350200.3270284306,3954290.279272596,139.34380025480715,35.721198564479685
指扇_0,指扇,指扇,370524.45189968974,3975689.984116172,139.56496999819913,35.916965001565295
整備場_0,整備場,整備場,387012.7051361808,3935319.191693348,139.75336000003657,35.5551000000157
新三河島_0,新三河島,新三河島,389139.79957979894,3955501.570121639,139.77404773424547,35.73727259831164
新三郷_0,新三郷,新三郷,397929.94059942977,3968831.9132147487,139.86953500412267,35.85839000157271
新中野_0,新中野,新中野,379626.30313790415,3951210.4634115607,139.66950999967491,35.69747500252282
新丸子_0,新丸子,新丸子,378764.7355749981,3938240.73301879,139.6619399983041,35.58046000026606
新井宿_0,新井宿,新井宿,386041.3146166885,3967264.4463000027,139.73811499875154,35.842950004098434
新井薬師前_0,新井薬師前,新井薬師前,379932.0429350876,3953235.250969351,139.67258593441812,35.71576365663513
新代田_0,新代田,新代田,378838.737433117,3947340.5226029335,139.6613900004978,35.662495001050445
新八柱_0,新八柱,新八柱,404081.3010191214,3961319.5158278537,139.9385550007915,35.79129000008993
新千葉_0,新千葉,新千葉,419270.2206160833,3941332.233009805,140.10862500039497,35.612465000621654
新取手_0,新取手,新取手,413581.24089750054,3975239.576887289,140.04216000278774,35.917660002092326
新大久保_0,新大久保,新大久保,382413.1309503467,3951556.42224452,139.7002549994662,35.7009300000581
新大塚_0,新大塚,新大塚,385082.06799588754,3954317.036599272,139.72935448950514,35.72612951534309
新子安_0,新子安,新子安,377908.29900639254,3927859.533166682,139.6540540978661,35.4867770493648
新守谷_0,新守谷,新守谷,408550.13525273505,3980697.8139778334,139.98577578276178,35.96640614612431
新宿_0,新宿,Shinjuku,382379.19192022976,3950336.4007597705,139.70005845285903,35.68992858434537
新宿三丁目_0,新宿三丁目,新宿三丁目,382842.8081616165,3950434.652141139,139.7051668354493,35.69086944828429
新宿御苑前_0,新宿御苑前,新宿御苑前,383359.51986060315,3950167.7676341045,139.71091500205253,35.688525003679885
新宿西口_0,新宿西口,新宿西口,382302.6425532614,3950695.899963024,139.6991600013192,35.6931600001548
新富町_0,新富町,新富町,389006.26472445525,3948098.9678916964,139.7735938860251,35.67052814601227
新小岩_0,新小岩,新小岩,396673.1919856097,3953138.470168495,139.85764492297255,35.71679027477385
新小平_0,新小平,新小平,361677.2081134499,3955182.7267204104,139.4704937959251,35.730921641999245
新小金井_0,新小金井,新小金井,366706.43545461795,3951222.435965314,139.52674499858844,35.69592000052771
新川崎_0,新川崎,新川崎,379592.55594205816,3935041.9271432385,139.67155044197509,35.55172650594315
新庚申塚_0,新庚申塚,新庚申塚,385193.6075173683,3955976.9280375456,139.73034999975047,35.74110500004787
新座_0,新座,新座,369555.61359616136,3963148.6335295197,139.55628667044607,35.80379749275197
新御徒町_0,新御徒町,新御徒町,389828.45015361253,3952128.0590867614,139.782124618995,35.70694004543997
新御茶ノ水_0,新御茶ノ水,新御茶ノ水,388305.9844552276,3951036.0615721326,139.76544999749632,35.696925000383885
新所沢_0,新所沢,新所沢,360602.9297027054,3963507.899381612,139.4571700093278,35.80580500372925
新整備場_0,新整備場,新整備場,390029.4919758403,3933919.271022094,139.7868289498925,35.54281981352136
新日本橋_0,新日本橋,新日本橋,389095.7232441392,3950150.427596057,139.77429932870393,35.689030799069776
新木_0,新木,新木,419379.93201363046,3969054.8370175846,140.10704999866965,35.862400004062486
新木場_0,新木場,新木場,393778.59728792263,3945305.1206022105,139.82668333144565,35.64586833913191
新杉田_0,新杉田,新杉田,374671.4796843125,3916752.7013888806,139.62009000769692,35.38625500296418
新松戸_0,新松戸,Shin-Matsudo,402542.9600459411,3965129.8260066137,139.92106972772683,35.82548706614442
新板橋_0,新板橋,新板橋,384211.45535855053,3956847.8008150985,139.71936500089714,35.74884000327751
新柏_0,新柏,新柏,406710.25143693434,3966484.018344815,139.96704000385733,35.83810000153446
新柴又_0,新柴又,新柴又,398722.7998588217,3956948.591036115,139.87981999659164,35.75135000204661
新桜台_0,新桜台,新桜台,379615.4623629752,3956041.8251816714,139.6686658324358,35.741023218906484
新検見川_0,新検見川,新検見川,416116.00192699645,3945724.4199430174,140.0733448793241,35.65179928828791
新横浜_0,新横浜,Shin-Yokohama,374608.4279255749,3930288.0925496654,139.6173103288338,35.50825704939457
新橋_0,新橋,Shimbashi,387664.3268719772,3947619.281855895,139.75883641590391,35.666052179349535
新江古田_0,新江古田,新江古田,379774.45106510224,3955093.163577029,139.67056583510137,35.73249151452734
新河岸_0,新河岸,新河岸,364374.22377297026,3972903.884584488,139.49730000222542,35.89102000067119
新津田沼_0,新津田沼,新津田沼,411667.70917889784,3950024.1643519,140.02373948938933,35.690173943087025
新浦安_0,新浦安,新浦安,401555.16660778713,3945620.77126264,139.91252999286374,35.649520002773606
新狭山_0,新狭山,新狭山,358611.72355330485,3971123.1502821855,139.43378999705644,35.87415500120062
新田_0,新田,新田,391232.3742871208,3968437.063955442,139.79542500160971,35.85411000030131
新白岡_0,新白岡,新白岡,380355.1053558104,3989006.853637547,139.67188999662883,36.038250000268704
新百合ヶ丘_0,新百合ヶ丘,新百合ヶ丘,364807.51599427254,3941020.2559640603,139.5074749935334,35.60370500256662
新秋津_0,新秋津,Shin-Akitsu,363861.7834167129,3960406.599057787,139.4937549995241,35.778310000119596
新綱島_0,新綱島,新綱島,376358.11132409953,3933352.579889957,139.636131791756,35.53610021543879
新羽_0,新羽,新羽,374160.2058387204,3932409.752274489,139.61203985726456,35.52732498029807
新習志野_0,新習志野,新習志野,410668.3235302409,3947507.9524971275,140.01297500643935,35.66740000383716
新船橋_0,新船橋,新船橋,407718.38542578765,3952437.1442013755,139.9798199993943,35.711565000050854
新芝浦_0,新芝浦,新芝浦,382095.1702241881,3928373.378226691,139.70012500143852,35.49191500035748
新豊洲_0,新豊洲,新豊洲,390471.7562340471,3945660.4388430347,139.79011499940273,35.64871000028259
新越谷_0,新越谷,新越谷,390755.2465950069,3970823.1048369748,139.78981500127009,35.87556500014561
新鎌ヶ谷_0,新鎌ヶ谷,新鎌ヶ谷,409515.35142486397,3959996.2492877007,139.99882983358478,35.77987667743215
新馬場_0,新馬場,新馬場,386026.26950989745,3942151.939298796,139.74151499670367,35.61658001872901
新高円寺_0,新高円寺,新高円寺,377726.8411414223,3951279.1205025837,139.64850999973604,35.69786000233326
新高島_0,新高島,新高島,375369.02132622915,3925140.847411303,139.62648499995788,35.46195500275351
新高島平_0,新高島平,新高島平,378394.0049746813,3961516.4288154603,139.65433000204735,35.79022000388299
方南町_0,方南町,方南町,378557.8505421308,3949676.2933434877,139.65793499850957,35.68351500221546
旗の台_0,旗の台,旗の台,382499.599199646,3940916.720992013,139.7027624990908,35.60503250189093
日の出_0,日の出,日の出,387670.0979076702,3945756.3789294297,139.75915999932172,35.64926000010222
日ノ出町_0,日ノ出町,日ノ出町,375362.8804014426,3923323.0874953596,139.62669583876414,35.445568642598246
日吉_0,日吉,Hiyoshi,377364.2790165227,3935286.4697885327,139.64693499750578,35.55365750058307
日吉本町_0,日吉本町,日吉本町,376125.7084027012,3934888.159184929,139.63333399797318,35.54991300119449
日暮里_0,日暮里,Nippori,388872.8198269218,3954475.0678590485,139.77123810101335,35.727989316046106
日本大通り_0,日本大通り,日本大通り,376819.600805907,3923439.0005138274,139.64272500662838,35.44679500411238
日本橋_0,日本橋,日本橋,389095.08402734046,3949364.8034340045,139.77440060169158,35.68194883743377
日比谷_0,日比谷,日比谷,387767.36277855706,3948604.9243679047,139.7598371467221,35.67494880557113
日進_0,日進,日進,374255.09544138133,3977251.8815008644,139.60605999760602,35.9315300022349
日野_0,日野,日野,354611.85077082476,3949484.5138683408,139.39342635920792,35.67854629551118
早稲田_0,早稲田,早稲田,384404.5377611022,3952057.2294786754,139.72219000125858,35.705680005430615
早稲田_1,早稲田,早稲田,384129.8865376127,3952748.063503665,139.71905500018457,35.71187500023379
明大前_0,明大前,明大前,377859.56592627434,3948044.708725916,139.65046778805169,35.668721762557894
明治神宮前_0,明治神宮前,Meiji-Jingumae,382758.50128145923,3947972.4335764907,139.7045941098307,35.66866470468175
星川_0,星川,星川,372523.7518557614,3924768.1887450772,139.59519500376828,35.458235001254785
春日_0,春日,春日,387170.01407977403,3952414.661479989,139.7527032349772,35.70922262490048
春日部_0,春日部,春日部,387534.57059260283,3982456.41425561,139.7524983482134,35.98006193925758
昭和_0,昭和,昭和,384278.5306196253,3930002.5316256285,139.72395841727553,35.5068578178029
昭和島_0,昭和島,昭和島,386722.043896363,3937044.6101278123,139.74991212606355,35.57062049869623
昭島_0,昭島,昭島,351798.8056573507,3953378.178935542,139.36163500586625,35.71322000703657
是政_0,是政,是政,363190.7911546207,3946867.396548177,139.48864000012827,35.656185001353904
曙橋_0,曙橋,曙橋,384420.5527998443,3950576.015837183,139.72258000024468,35.69233000407984
曳舟_0,曳舟,曳舟,392965.9093776252,3953351.3698714715,139.8166374599891,35.718313438974825
月島_0,月島,月島,389961.74131983315,3947396.516344376,139.7842451468939,35.664303019736934
有明_0,有明,有明,390744.4455318767,3944086.2799606575,139.7933400007144,35.63455000020285
有明テニスの森_0,有明テニスの森,有明テニスの森,390349.3777542007,3944693.501818399,139.78889500079734,35.63998000025075
有楽町_0,有楽町,Yurakucho,388033.86525842664,3948663.441867714,139.76277322264133,35.67550659483259
朝霞_0,朝霞,朝霞,373521.47351441934,3962310.836342753,139.60030000255134,35.796765000346454
朝霞台_0,朝霞台,Asakadai,372374.83714885754,3964277.708559599,139.58730000366464,35.814345001912
木下_0,木下,木下,423053.56998744584,3966413.121508421,140.14798999821,35.83888000711921
木場_0,木場,木場,392038.6406397298,3947932.0891212,139.8071153917149,35.66936040025808
木更津_0,木更津,木更津,402463.03102078213,3915894.428032519,139.92613228962878,35.38162482413788
末広町_0,末広町,末広町,388885.18148488377,3951678.347592709,139.7717617205836,35.70278025319995
本八幡_0,本八幡,本八幡,402965.97887317266,3953656.4502611123,139.92714250361811,35.72210000286356
本千葉_0,本千葉,本千葉,420416.96392836643,3940008.087668764,140.1214159101766,35.60062020416446
本川越_0,本川越,本川越,362953.7704712552,3975439.4595731124,139.48112998497064,35.91367500224239
本所吾妻橋_0,本所吾妻橋,本所吾妻橋,391860.2661850101,3952287.6296692155,139.80455913440625,35.708603639607986
本蓮沼_0,本蓮沼,本蓮沼,382680.8447929106,3959102.783337908,139.70211000328587,35.76898500083179
本郷三丁目_0,本郷三丁目,本郷三丁目,387862.86947324,3952176.7557198573,139.76039411115835,35.70715720550704
本郷台_0,本郷台,本郷台,368285.7451543653,3914802.7759110346,139.55011499642683,35.36785500479643
本駒込_0,本駒込,本駒込,387291.3878703133,3954092.867277759,139.7538091488723,35.72436425724655
杉戸高野台_0,杉戸高野台,杉戸高野台,384217.1390409051,3990408.3859202936,139.71454500331507,36.051350000429
杉田_0,杉田,杉田,374260.9150764536,3916497.738602059,139.61561000092357,35.38390500019687
村上_0,村上,村上,420287.57552054466,3953670.314937141,140.11863500523117,35.72378000454084
東あずま_0,東あずま,東あずま,394304.42215912906,3952121.9015782597,139.83159500070266,35.70737500014834
東中山_0,東中山,東中山,405262.62594725995,3952779.708965541,139.9526350006767,35.714420000911474
東中神_0,東中神,東中神,353863.1898087786,3952573.379114781,139.38459500094243,35.70627500108739
東中野_0,東中野,東中野,380966.1432321613,3952228.017435388,139.68416500489877,35.70681000669588
東久留米_0,東久留米,東久留米,367447.24756582564,3958370.69478957,139.53375000315094,35.76045000109323
東京_0,東京,Tokyo,388351.7511996454,3949244.4789798763,139.76620450323395,35.68078029700621
東京テレポート_0,東京テレポート,東京テレポート,389350.58028192766,3943275.378791673,139.77805999906622,35.62708500058427
東京ディズニーシー･ステーション_0,東京ディズニーシー･ステーション,東京ディズニーシー･ステーション,399441.4361085992,3943172.3579925103,139.88949000156816,35.627235000700594
東京ディズニーランド･ステーション_0,東京ディズニーランド･ステーション,東京ディズニーランド･ステーション,398452.14287083794,3944138.6834082985,139.87844499921528,35.63584500073766
東京ビッグサイト_0,東京ビッグサイト,東京ビッグサイト,390553.80999228277,3943607.174251324,139.79129999665292,35.63021000198106
東京国際クルーズターミナル_0,東京国際クルーズターミナル,東京国際クルーズターミナル,388893.7822501407,3942645.69028893,139.77310318075092,35.62135744522522
東伏見_0,東伏見,東伏見,370092.18720952387,3954815.1276636054,139.5635750006411,35.72875500251404
東北沢_0,東北沢,東北沢,379897.6833655315,3947652.872290033,139.67303999774717,35.66544000100066
東十条_0,東十条,東十条,384897.4761006617,3958502.3938492713,139.72671316047638,35.76383515964669
東千葉_0,東千葉,東千葉,420524.2643179572,3941837.8237249916,140.12242022406363,35.61712476752083
東向島_0,東向島,東向島,393217.9737906216,3954018.5427116966,139.8193349995944,35.724355000033285
東大前_0,東大前,東大前,387654.3141745039,3953384.101574721,139.75792026900012,35.718016760611484
東大和市_0,東大和市,東大和市,358406.7782823958,3955454.3818548415,139.43429499725212,35.732905001778775
東大宮_0,東大宮,東大宮,377366.41014655307,3979075.2047908474,139.6402599926127,35.94836000079783
東大島_0,東大島,東大島,395704.78318425495,3950168.618537274,139.8473258451458,35.68991627124689
東宮原_0,東宮原,東宮原,375370.0630453462,3978473.631176129,139.61822499969009,35.942685000026266
東小金井_0,東小金井,東小金井,366445.75443004735,3951852.0877076965,139.52375999910794,35.70156000690028
東尾久三丁目_0,東尾久三丁目,東尾久三丁目,389133.407445242,3956428.1165623227,139.77384898362425,35.74562401111399
東山田_0,東山田,東山田,373658.37228179,3935399.4304426294,139.60604000017267,35.554210000635486
東岩槻_0,東岩槻,東岩槻,383883.1310152267,3980643.172861007,139.71226999818083,35.963290001674714
東川口_0,東川口,東川口,386606.2311256967,3970911.604506674,139.74385042342715,35.8758909473438
東府中_0,東府中,東府中,363824.1327920239,3948253.942994212,139.49540000173292,35.66877000164445
東我孫子_0,東我孫子,東我孫子,414019.89192843804,3969835.3099608654,140.04760499860774,35.868980005249654
東所沢_0,東所沢,東所沢,365768.4074644927,3962217.012129764,139.51453999582537,35.79489000299081
東新宿_0,東新宿,東新宿,383089.92760013824,3951318.069692275,139.70776892608086,35.69886200898707
東日本橋_0,東日本橋,東日本橋,390047.83102087653,3950443.726596007,139.78477967252584,35.69178137533894
東村山_0,東村山,東村山,361308.5168746558,3958410.837551352,139.4658599996177,35.75996500006615
東松原_0,東松原,東松原,378322.3866050797,3947363.042975074,139.65568326920496,35.662634455194436
東松戸_0,東松戸,東松戸,404497.4964019585,3958977.798303278,139.94343933976748,35.770220600564976
東林間_0,東林間,東林間,358468.42116411065,3931834.035972513,139.43912077772472,35.5200203543972
東横田_0,東横田,東横田,412441.8481857553,3916294.700672933,140.03594000003605,35.38616000087676
東武動物公園_0,東武動物公園,東武動物公園,385290.4786297739,3987437.6522251093,139.72689000505906,36.02470000335008
東武練馬_0,東武練馬,東武練馬,379103.3129453495,3959113.7185618025,139.66254000100983,35.768650003318825
東池袋_0,東池袋,東池袋,384133.0825331911,3954309.4636829924,139.71886500791305,35.72595000431275
東池袋四丁目_0,東池袋四丁目,東池袋四丁目,384301.5643373304,3954257.3429507986,139.72073499970102,35.72550000022428
東浦和_0,東浦和,東浦和,383034.0256566352,3969642.241589606,139.7044736028977,35.86402884218865
東海神_0,東海神,東海神,407778.415601696,3951814.776071408,139.98055499267713,35.70596000525479
東清川_0,東清川,東清川,407901.3254944583,3916766.149470222,139.98590013459946,35.3900010835449
東白楽_0,東白楽,東白楽,375677.907150579,3927515.5931046614,139.62952500040748,35.48340000006171
東神奈川_0,東神奈川,Higashi-Kanagawa,375999.6413054524,3926898.206023802,139.63316499233255,35.47787500230614
東福生_0,東福生,東福生,349531.17915595364,3957034.771483148,139.33589023569544,35.745831355255774
東秋留_0,東秋留,東秋留,347303.44196102186,3954865.2004422797,139.3116749998652,35.72593500218403
東船橋_0,東船橋,東船橋,409898.85218915815,3951112.765928391,140.00407044138132,35.699827608145185
東葉勝田台_0,東葉勝田台,東葉勝田台,420920.8156895756,3952879.831674454,140.12571374944454,35.71670462647825
東銀座_0,東銀座,東銀座,388443.35960869945,3947978.934355972,139.7673920854133,35.66938261684437
東長崎_0,東長崎,東長崎,380911.9585279005,3954798.085669965,139.68318500402728,35.7299700018352
東門前_0,東門前,東門前,385261.0363744277,3933288.152393768,139.734324999981,35.5365900006147
東陽町_0,東陽町,東陽町,392995.1350218627,3947945.9976131786,139.81767999873443,35.669590006366114
東雲_0,東雲,東雲,391732.6333681854,3944769.7531617386,139.8041599947535,35.640820005594875
東飯能_0,東飯能,東飯能,348845.0523858494,3968939.9162193546,139.32605500000304,35.85302000004407
東高円寺_0,東高円寺,東高円寺,378612.32956168114,3951278.6232900796,139.65829500077106,35.69796500208412
松が谷_0,松が谷,松が谷,357117.75418199337,3944256.7971065743,139.42203500048888,35.63179500007529
松原_0,松原,松原,377070.5671057207,3947110.1804670086,139.64189500004915,35.66020000001108
松戸_0,松戸,Matsudo,400663.23777808505,3960601.089554911,139.90082572401826,35.784473849741474
松戸新田_0,松戸新田,松戸新田,402614.28065429645,3961265.092975156,139.9223300006012,35.79065500150894
松陰神社前_0,松陰神社前,松陰神社前,378231.1721007109,3945284.2481254768,139.6549899996916,35.64388500053215
松飛台_0,松飛台,松飛台,405779.976062354,3959530.7312056907,139.9575604557418,35.775328971957926
板橋_0,板橋,板橋,384188.30757793906,3956421.2002844536,139.7191706567486,35.744991872761794
板橋区役所前_0,板橋区役所前,板橋区役所前,383373.2441160985,3957132.250408684,139.7100550036112,35.751305001566024
板橋本町_0,板橋本町,板橋本町,382985.23249029636,3958224.006100188,139.70560500071537,35.76110000011352
柏_0,柏,Kashiwa,407069.67131154775,3969136.158377915,139.97071018367993,35.86204241697044
柏たなか_0,柏たなか,柏たなか,405936.04846046446,3974563.542287091,139.9575149987523,35.91086000013451
柏の葉キャンパス_0,柏の葉キャンパス,柏の葉キャンパス,405464.91726866044,3972622.291816157,139.95252499903452,35.89331500009589
柳瀬川_0,柳瀬川,柳瀬川,370157.0278495111,3966108.986552071,139.56246000401688,35.830560002149475
柴又_0,柴又,柴又,398320.7476291419,3957515.9841691717,139.87530187309443,35.756423320502925
柴崎_0,柴崎,柴崎,370246.97738531977,3946518.152300763,139.56662499683068,35.65399000218067
柴崎体育館_0,柴崎体育館,柴崎体育館,356066.87896807236,3950709.448367863,139.4092799996244,35.68980000005523
柿生_0,柿生,柿生,363884.50936759484,3939466.090964626,139.497549996457,35.58957000075018
栄町_0,栄町,栄町,420180.4932990038,3941379.492842302,140.11867000027272,35.612965000036105
栄町_1,栄町,栄町,386280.84176942246,3957042.8883107016,139.74221999991687,35.75084000034821
栗平_0,栗平,栗平,362439.46224578103,3941283.3765288293,139.4812950020461,35.60575000133702
根岸_0,根岸,根岸,376170.4929089674,3920016.1491543083,139.6360949956925,35.415860005438724
根津_0,根津,根津,388361.5812589264,3953298.4369017435,139.76575000418805,35.717325001507966
桜ヶ丘_0,桜ヶ丘,桜ヶ丘,360762.44919416396,3924088.402753428,139.4657399998027,35.450530000022496
桜上水_0,桜上水,桜上水,376137.92804942885,3947948.51447248,139.6314650012753,35.66764000299765
桜台_0,桜台,桜台,379045.40132542525,3955796.836754309,139.66239999873682,35.738745003807395
桜新町_0,桜新町,桜新町,377350.2617504471,3943947.7266179863,139.64546557854837,35.63172860926247
桜木_0,桜木,桜木,424030.371634151,3943390.6401799098,140.1609850007194,35.631400000565044
桜木町_0,桜木町,桜木町,375743.8640317692,3923850.143854956,139.63081212430862,35.4503673022852
桜田門_0,桜田門,桜田門,387051.49961927545,3948892.0726786274,139.7518882753106,35.67745551345909
桜街道_0,桜街道,桜街道,356813.3243290126,3956160.0982848573,139.4165550002151,35.73903500002408
桶川_0,桶川,桶川,370589.331697589,3984728.0244119745,139.56421501012974,35.99843500393428
梅ヶ丘_0,梅ヶ丘,梅ヶ丘,378119.23436610354,3946632.023707387,139.65354999775766,35.65602000254866
梅屋敷_0,梅屋敷,梅屋敷,384746.2609865536,3936644.4216566198,139.72816999919414,35.56678500020917
梅島_0,梅島,梅島,391360.3288185202,3959364.835712226,139.79807501900612,35.772345012106435
梅郷_0,梅郷,梅郷,399968.80872171803,3976927.802933044,139.89109500253443,35.931580000886086
梶が谷_0,梶が谷,梶が谷,373687.48410539544,3939783.2148405416,139.6056764069143,35.59372874265253
梶原_0,梶原,梶原,386740.48718879896,3957062.5193035523,139.74729999999013,35.751070000325946
森下_0,森下,森下,391256.13973049156,3950012.397679724,139.79818990631705,35.68802725667288
椎名町_0,椎名町,椎名町,381913.4417560058,3954399.1875348077,139.69431500092844,35.72649500164548
検見川_0,検見川,検見川,415520.647599366,3945808.8868925623,140.06676000088208,35.6525100008565
検見川浜_0,検見川浜,検見川浜,414809.5827327898,3944114.1073205546,140.05908500790446,35.6371700037882
横浜_0,横浜,Yokohama,374975.9052627504,3925587.3176561906,139.62208507024008,35.465930174274284
横田_0,横田,横田,411005.9508240618,3916313.7991024693,140.0201299999376,35.38620500120645
橋本_0,橋本,橋本,350011.2581088105,3940293.865945359,139.34431719733078,35.59502462956238
武蔵中原_0,武蔵中原,武蔵中原,376970.7963911814,3938276.3882842446,139.64214000327027,35.580560002118034
武蔵境_0,武蔵境,Musashi-Sakai,368269.55987421324,3951873.6623576637,139.54390999981885,35.70200000437041
武蔵大和_0,武蔵大和,武蔵大和,359329.54534532566,3958050.3744777767,139.44404000107403,35.75643500025699
武蔵小山_0,武蔵小山,武蔵小山,382676.8757831487,3942631.3958039433,139.70446999785594,35.62051000121892
武蔵小杉_0,武蔵小杉,Musashi-Kosugi,378661.18687989283,3937705.706029168,139.66087771467588,35.575624518120364
武蔵小金井_0,武蔵小金井,武蔵小金井,364831.68537561595,3951818.2611247264,139.50592999890245,35.70103500519135
武蔵新城_0,武蔵新城,武蔵新城,375798.91376539436,3939053.113545944,139.62909000822432,35.58741500679852
武蔵新田_0,武蔵新田,武蔵新田,381509.1887805364,3936794.418075171,139.6924350008378,35.56775500043333
武蔵浦和_0,武蔵浦和,Musashi-Urawa,377854.08486637,3967683.0493303407,139.64741416378408,35.84573706706315
武蔵溝ノ口_0,武蔵溝ノ口,武蔵溝ノ口,374211.7164047555,3940340.0723449234,139.61137500650855,35.59881500300463
武蔵白石_0,武蔵白石,武蔵白石,382690.7300728826,3929476.5527776093,139.70652999948177,35.50193000046969
武蔵砂川_0,武蔵砂川,武蔵砂川,354605.33260400186,3955063.189261797,139.39234499934042,35.72882500166138
武蔵藤沢_0,武蔵藤沢,武蔵藤沢,356616.7026122294,3965240.9110594653,139.41275500265428,35.82085000030942
武蔵野台_0,武蔵野台,武蔵野台,365255.95112346264,3947717.89417312,139.51130500162805,35.66413500260353
武蔵関_0,武蔵関,武蔵関,371247.13451712165,3954671.815067199,139.57636500069117,35.72761500298674
武蔵高萩_0,武蔵高萩,武蔵高萩,353004.7678351068,3974269.0619660136,139.37112107344618,35.90168167090163
武里_0,武里,武里,389133.1680363587,3978998.98435269,139.77071000263226,35.949080000345305
水天宮前_0,水天宮前,水天宮前,390071.58225821983,3949469.3961546677,139.78517531263898,35.68300103852543
水海道_0,水海道,水海道,409115.82347588905,3986395.3766883975,139.99139499717865,36.017820001394
水道橋_0,水道橋,水道橋,387317.59060453414,3951702.5460398844,139.75443417113064,35.70282033331375
氷川台_0,氷川台,氷川台,379339.4433246644,3956999.3045448805,139.66547000513023,35.74962000403914
永田町_0,永田町,Nagatacho,385973.6691779121,3948988.64548594,139.739966834919,35.67820199855467
永福町_0,永福町,永福町,377165.2784016059,3948886.6807565643,139.64267000199396,35.67622500175153
汐留_0,汐留,汐留,387827.68960290035,3947383.962199232,139.76067377182423,35.663949518855894
江北_0,江北,江北,388855.74875539914,3959555.654060303,139.77034500015733,35.77378500001846
江古田_0,江古田,江古田,379982.61448567035,3955642.1013468504,139.6727850021814,35.73746500248542
江戸川_0,江戸川,江戸川,400147.2200798454,3955435.6433853284,139.89576059785261,35.73785697538145
江戸川台_0,江戸川台,江戸川台,401679.55064166756,3973097.983383376,139.91053000132254,35.897230000277574
江戸川橋_0,江戸川橋,江戸川橋,385489.90305799036,3952444.201218934,139.73413000412455,35.70929500408704
江田_0,江田,江田,368713.6959236331,3935950.5891548153,139.5514099990501,35.55853500018802
池ノ上_0,池ノ上,池ノ上,379927.6549746834,3947090.0108512165,139.67345500051454,35.66037000098931
池上_0,池上,池上,382456.4821838277,3937246.89314952,139.70282037549026,35.571946652827336
池尻大橋_0,池尻大橋,池尻大橋,380936.4433290105,3946007.9371775878,139.68475728879275,35.650738345990206
池袋_0,池袋,Ikebukuro,383391.2620413047,3954773.6307566315,139.71059714886053,35.73004643704275
沼南_0,沼南,沼南,375892.03045531525,3981610.4635421727,139.6235199998267,35.971025000013746
沼袋_0,沼袋,沼袋,379236.4888704815,3953621.4761978285,139.66484000088465,35.71916000248577
沼部_0,沼部,沼部,379785.32675940543,3938452.1224496053,139.67317000087684,35.58249000032682
泉体育館_0,泉体育館,泉体育館,357049.449911652,3953916.1691287505,139.41956500056787,35.71884500012044
泉岳寺_0,泉岳寺,泉岳寺,385895.23475598183,3944544.2559768427,139.73972999714798,35.63813000048534
洋光台_0,洋光台,洋光台,372547.50505903893,3915953.2461852,139.59683533523224,35.37877924979794
洗足_0,洗足,洗足,381722.826748988,3941488.055610963,139.69410499859012,35.610090000445105
洗足池_0,洗足池,洗足池,381419.4236173845,3940336.6858622786,139.69092499933475,35.599675000702334
津田山_0,津田山,津田山,373254.0991149392,3940890.0333145554,139.60072000291845,35.60365000177823
津田沼_0,津田沼,Tsudanuma,411351.1126007228,3950160.4874847056,140.02022584751253,35.69137448255694
流山_0,流山,流山,400842.7554061266,3968511.408752689,139.9018299995455,35.855800000038975
流山おおたかの森_0,流山おおたかの森,流山おおたかの森,402986.85713422997,3970275.8131608996,139.92535749806748,35.8719200013221
流山セントラルパーク_0,流山セントラルパーク,流山セントラルパーク,402046.72640832217,3968363.7448215187,139.9151799992289,35.85459000006546
流通センター_0,流通センター,流通センター,386671.4024084006,3938246.0506487684,139.7491850010323,35.58144500017773
浅草_0,浅草,浅草,391115.4944479623,3952608.2443845,139.7962841476812,35.71141173302601
浅草橋_0,浅草橋,Asakusabashi,390118.36297927494,3951076.967264709,139.7854724972581,35.697497508466874
浅野_0,浅野,浅野,381702.79441249,3928992.021660667,139.6957099999142,35.49744500041766
浜川崎_0,浜川崎,浜川崎,383348.88913735864,3930365.676524442,139.71365749926375,35.510022500722464
浜松町_0,浜松町,Hamamatsucho,387494.4915260627,3946440.843847218,139.75712499868652,35.65541000011465
浜田山_0,浜田山,浜田山,375807.42953072354,3949499.080267354,139.6275750014103,35.68157500136171
浜町_0,浜町,浜町,390346.1597207142,3950086.0084996372,139.7881250020528,35.688590003082105
浜野_0,浜野,浜野,421345.03885684704,3934618.011493366,140.1321849955179,35.55210000062546
浦和_0,浦和,Urawa,378752.42014535953,3969093.8359411955,139.65714500494127,35.858565001134544
浦和美園_0,浦和美園,浦和美園,385185.204866488,3972902.940596468,139.7278250036072,35.89367500092964
浦安_0,浦安,浦安,399829.0180268104,3947457.328768566,139.89323682614324,35.66590248582848
浮間舟渡_0,浮間舟渡,浮間舟渡,381743.60094887577,3961586.6389993224,139.6913768584183,35.791261942484994
海の公園南口_0,海の公園南口,海の公園南口,375690.78552604676,3911296.6453417353,139.63213999989816,35.3372000000102
海の公園柴口_0,海の公園柴口,海の公園柴口,376040.935599596,3911837.611395224,139.63590999908152,35.34212000038162
海士有木_0,海士有木,海士有木,420561.05524944206,3926819.602115485,140.12430000093084,35.48173000055408
海浜幕張_0,海浜幕張,海浜幕張,413274.3452846479,3945374.602253774,140.04199500623568,35.648400003598425
海神_0,海神,海神,406984.99193874886,3951819.1685451837,139.971785001009,35.70592500051589
海老名_0,海老名,海老名,353969.20895806066,3924526.1484605507,139.39083239457602,35.45350109158717
海芝浦_0,海芝浦,海芝浦,382136.61155679106,3927731.0804356243,139.70067499922217,35.48613000060019
淡路町_0,淡路町,淡路町,388484.53153791727,3950805.847293607,139.7674550000131,35.69487000001824
淵野辺_0,淵野辺,淵野辺,354609.36102890864,3937259.531762018,139.39560195730218,35.56836265196023
清水公園_0,清水公園,清水公園,397226.4686940049,3979978.4919741466,139.8603050024994,35.95879500056665
清澄白河_0,清澄白河,清澄白河,391344.60145089636,3949401.3547520153,139.79924992293465,35.6825288073047
清瀬_0,清瀬,清瀬,366213.8576279979,3959666.6081708865,139.51989433436984,35.77196336384894
渋谷_0,渋谷,Shibuya,382466.18647400656,3946888.1351257116,139.70152334216402,35.658855913607894
港南中央_0,港南中央,港南中央,372072.4294309442,3918450.614868844,139.59121499725703,35.401230002121466
港南台_0,港南台,港南台,370670.53159455035,3915579.35008655,139.57623600988796,35.375167202717776
港町_0,港町,港町,383291.0666673881,3933144.492368925,139.71262000019092,35.53506500112624
湖北_0,湖北,湖北,416757.12915657635,3969611.068379615,140.0779450023491,35.86719500598297
湘南台_0,湘南台,湘南台,360719.63253752654,3918082.844980188,139.46629499881473,35.39639250190925
湘南深沢_0,湘南深沢,湘南深沢,365392.8571377249,3910976.042274393,139.51890999954574,35.33297500015709
湘南町屋_0,湘南町屋,湘南町屋,365747.22344896744,3911512.1343145757,139.52271999990793,35.337855000008425
湯島_0,湯島,湯島,388729.64168056205,3952126.8006397784,139.76998066948795,35.7068051903377
溜池山王_0,溜池山王,溜池山王,386114.58051215706,3948332.096768924,139.74161654339733,35.672299988031625
溝の口_0,溝の口,溝の口,374136.3067803373,3940450.3725403734,139.6105255616105,35.599799642109474
滝不動_0,滝不動,滝不動,411950.6744918971,3955327.58876233,140.02628499805144,35.738010000538104
滝野川一丁目_0,滝野川一丁目,滝野川一丁目,385660.4881464724,3956658.150656001,139.73541499987422,35.747300000028595
潮見_0,潮見,潮見,392934.6562098672,3946756.978177312,139.81717000509144,35.658865001830996
瀬谷_0,瀬谷,瀬谷,362325.61322016886,3926268.706152234,139.48258999980692,35.470400000798385
熊川_0,熊川,熊川,349483.6693174178,3955089.2470398527,139.3357300007051,35.728290000560186
熊野前_0,熊野前,熊野前,388753.726966874,3956775.495538831,139.76960250188077,35.74871250064885
片倉_0,片倉,片倉,349809.20424676896,3945251.4119262854,139.34116499622627,35.63967500227989
片倉町_0,片倉町,片倉町,373593.0565258232,3928276.9794953577,139.60642999720858,35.49000000072465
牛浜_0,牛浜,牛浜,349319.5913489517,3955762.7656863835,139.33379000436085,35.734335001191916
牛田_0,牛田,牛田,392560.87420621223,3956266.2242063265,139.81176999965635,35.74454500065925
牛込柳町_0,牛込柳町,牛込柳町,384666.9837623628,3951363.790501746,139.7251900005179,35.69946000267194
牛込神楽坂_0,牛込神楽坂,牛込神楽坂,385650.72043820645,3951512.4826479596,139.7360399972589,35.70091500216645
物井_0,物井,物井,427640.6576512895,3949386.252790739,140.20031499704731,35.685725000807686
狛江_0,狛江,狛江,371183.50308040244,3944091.96454245,139.57735565950196,35.63224376968359
狭山ヶ丘_0,狭山ヶ丘,狭山ヶ丘,356983.2748294873,3964076.0629393915,139.41702000356946,35.810405002321865
狭山市_0,狭山市,狭山市,356734.56401167903,3969280.2788239745,139.41333430477465,35.857272914697575
狭間_0,狭間,狭間,345508.1032663097,3945426.5576299364,139.29364500122213,35.640590002043915
獨協大学前_0,獨協大学前,獨協大学前,391691.7463860698,3967232.198077659,139.8006750028462,35.84330000053058
玉川上水_0,玉川上水,玉川上水,356954.4407290305,3955370.3477480495,139.41825582092287,35.73193758640618
玉川学園前_0,玉川学園前,玉川学園前,360748.9410584999,3936623.2313238624,139.46343999541128,35.56351000092632
王子_0,王子,王子,385880.3114736233,3957331.5009363536,139.7377498469934,35.75339519375151
王子神谷_0,王子神谷,王子神谷,385706.78335183795,3958653.665010002,139.73564233522322,35.765293165922174
王子駅前_0,王子駅前,王子駅前,385923.4436013546,3957258.4387372155,139.7382372150471,35.75274160670966
瑞江_0,瑞江,瑞江,400277.15468390775,3950501.4621675555,139.8978099956239,35.693390001000836
生田_0,生田,生田,367935.3563388529,3942219.809032252,139.5417999980898,35.614940005450784
生麦_0,生麦,生麦,379126.3079097712,3928821.779840449,139.6673349981051,35.495600000717864
産業振興センター_0,産業振興センター,産業振興センター,377004.57968189975,3913078.494007459,139.64632500000133,35.35342500074807
用賀_0,用賀,用賀,376316.7624261132,3943399.212453033,139.63413869896576,35.62665547026844
田原町_0,田原町,田原町,390572.8888475822,3952449.5672745467,139.79030846569782,35.70992122055685
田園調布_0,田園調布,Den-en-chofu,379274.32322221156,3940100.8934647543,139.66728500029325,35.59729000004228
田奈_0,田奈,田奈,364427.2814561335,3933501.61393662,139.5045386339657,35.53588360302886
田無_0,田無,田無,367865.5791925551,3954674.9358531497,139.53898499883536,35.72719500323176
田町_0,田町,田町,386619.0265923925,3945379.2198633896,139.74760499704635,35.645740001626045
田端_0,田端,Tabata,388012.1455667188,3955538.190584219,139.7615750088989,35.737475003632085
甲州街道_0,甲州街道,甲州街道,356034.8127569814,3949428.4761961102,139.40915500067817,35.67825000040673
町屋_0,町屋,町屋,389755.946535719,3956039.109575987,139.78078615439898,35.74218736323759
町屋二丁目_0,町屋二丁目,町屋二丁目,389363.97289230605,3956235.6470506876,139.77642500046323,35.74391500022182
町屋駅前_0,町屋駅前,町屋駅前,389755.7482053475,3956104.3015553234,139.78077500003158,35.742775000046535
町田_0,町田,Machida,359115.8477010786,3934344.3145208815,139.44582217725716,35.542738476773735
番田_0,番田,番田,351624.30599101493,3934756.637992853,139.36313232598815,35.54536144170614
登戸_0,登戸,Noborito,370477.9362600097,3942821.9425601624,139.5697695054218,35.62070392037286
白井_0,白井,白井,414504.66558233113,3960487.1792045385,140.05397487061728,35.784749327006125
白山_0,白山,白山,387142.6404730489,3953758.6553277047,139.75221182017526,35.72133455622382
白岡_0,白岡,白岡,379872.6664834715,3986742.397775567,139.6668799989582,36.01778000016663
白楽_0,白楽,白楽,375539.9115936381,3928197.422098405,139.6278997016023,35.48952880641142
白糸台_0,白糸台,白糸台,365098.47983333905,3947961.034552213,139.50952499499004,35.66630500239621
白金台_0,白金台,白金台,384638.86160468415,3944520.5127220727,139.72585999601432,35.63777000293005
白金高輪_0,白金高輪,白金高輪,385409.38022172154,3945106.836691501,139.7342849965157,35.6431450006484
百合ヶ丘_0,百合ヶ丘,百合ヶ丘,365595.9113389186,3941598.5574857956,139.51607999562592,35.609025003575766
百草園_0,百草園,百草園,358008.82541641267,3947080.635560179,139.43137500095995,35.65737500130666
的場_0,的場,的場,358835.04986694653,3975933.320697272,139.43540999823347,35.917540001562585
目白_0,目白,目白,382986.68996520014,3953707.6928993,139.7062799959672,35.72039000042826
目黒_0,目黒,Meguro,383715.56686803646,3943970.70116264,139.71574397769695,35.63270559106728
相原_0,相原,相原,348888.7370283812,3941633.7756404374,139.33168000051776,35.60693000005347
相模原_0,相模原,相模原,352371.64919446246,3938751.830317368,139.3706450602504,35.5814815109056
相模大塚_0,相模大塚,相模大塚,358566.16559567454,3926342.8171409937,139.4411550007693,35.47054000153905
相模大野_0,相模大野,相模大野,358377.76555333816,3933186.769679809,139.4378849879051,35.53220000317984
相武台下_0,相武台下,相武台下,353630.89495853864,3928889.068292831,139.38632000070172,35.49277500007947
相武台前_0,相武台前,相武台前,355658.77141825185,3929586.723580813,139.40854499604882,35.499360001155516
県庁前_0,県庁前,県庁前,420486.6061536712,3940360.170205607,140.12215000029238,35.60380000004993
矢切_0,矢切,矢切,400605.2130976777,3957610.0631212266,139.9005549974049,35.757505002789905
矢口渡_0,矢口渡,矢口渡,382217.811286708,3936196.5268241484,139.700340000729,35.56245000068137
矢向_0,矢向,矢向,380378.1964945598,3933659.3433748353,139.6804205391502,35.539358758295634
矢川_0,矢川,矢川,358077.34683934925,3950152.862852471,139.43159000059018,35.68507500156314
矢部_0,矢部,矢部,353796.5503001616,3937798.332149481,139.38653830497083,35.573099172709036
矢野口_0,矢野口,矢野口,366044.9748314758,3945220.798767669,139.52043500245676,35.64173500153882
石川台_0,石川台,石川台,380886.66706649156,3940031.502471839,139.68508999906356,35.59686000046378
石川町_0,石川町,石川町,376832.040069472,3922544.771087646,139.64299735228371,35.4387357423122
石神井公園_0,石神井公園,石神井公園,374002.9312313986,3956410.10666544,139.6065550031567,35.74364000470657
砂川七番_0,砂川七番,砂川七番,356925.501569888,3954421.887976862,139.41810500003731,35.723385000007056
磯子_0,磯子,磯子,374546.5201334661,3918343.0452203774,139.61846999311342,35.400575001499774
祇園_0,祇園,祇園,404496.0484523997,3916980.723164147,139.94838499960383,35.39161500054544
祐天寺_0,祐天寺,祐天寺,381458.9255009906,3944495.7281310167,139.69074999758408,35.63717000063194
祖師ヶ谷大蔵_0,祖師ヶ谷大蔵,祖師ヶ谷大蔵,374138.26988992724,3945272.4072960475,139.60979499733185,35.64326500291181
神保町_0,神保町,神保町,387631.7325826727,3950904.6524617453,139.75801744869352,35.69566378474419
神奈川_0,神奈川,神奈川,375467.7466813945,3926170.630850124,139.62741499928248,35.47125000019896
神奈川新町_0,神奈川新町,神奈川新町,376640.7427863964,3927293.159020573,139.64016999640515,35.4815150014805
神楽坂_0,神楽坂,神楽坂,385517.41892744927,3951841.4622645695,139.73452000261832,35.70386500546013
神武寺_0,神武寺,神武寺,372074.8593847249,3907917.1802713424,139.59288999903958,35.30628000033126
神泉_0,神泉,神泉,381704.00185201154,3946711.6039516446,139.69313085050277,35.65717356501451
神田_0,神田,Kanda,388791.6984956022,3950565.9833600326,139.77088249893777,35.692742500385606
神谷町_0,神谷町,神谷町,386382.2034668914,3947255.3762910124,139.7447249962543,35.66262500113806
福浦_0,福浦,福浦,377199.61774403707,3912652.617594502,139.64853500008653,35.349610000011644
福生_0,福生,福生,348788.29038484616,3956676.1088764346,139.32774500975395,35.74248500271072
秋山_0,秋山,秋山,403398.37533878634,3958458.2445022743,139.93134411978951,35.7654295388814
秋川_0,秋川,秋川,345053.04298891977,3955138.8964616717,139.28675000079343,35.72805000206221
秋津_0,秋津,Akitsu,364146.73007146694,3960420.536769629,139.49690433533877,35.778475064797085
秋葉原_0,秋葉原,Akihabara,389085.6444225378,3951197.4110755157,139.77404351352942,35.69846752478336
程久保_0,程久保,程久保,356138.311164263,3946872.7020703573,139.41075499930244,35.65523000013143
稲城_0,稲城,稲城,364198.7109493992,3944629.7084712535,139.50014836581067,35.63615508339633
稲城長沼_0,稲城長沼,稲城長沼,364435.33054809243,3945526.9741051355,139.50261000315137,35.64427500254937
稲戸井_0,稲戸井,稲戸井,411833.94616170146,3976195.3494181572,140.02269000124593,35.92612000119277
稲毛_0,稲毛,稲毛,417841.11349649733,3944101.159362173,140.09256528878456,35.637310148431695
稲毛海岸_0,稲毛海岸,稲毛海岸,416138.4393328356,3943252.801896712,140.07384987802254,35.62951881029029
稲田堤_0,稲田堤,稲田堤,367434.6428708418,3944276.380729208,139.5359350018393,35.63341000280684
稲荷山公園_0,稲荷山公園,稲荷山公園,355455.0407190346,3967906.486117728,139.39941742548845,35.84470346825262
稲荷町_0,稲荷町,稲荷町,389842.408536034,3952621.5022684764,139.78221122335904,35.71138967076635
穴守稲荷_0,穴守稲荷,穴守稲荷,386401.1139997388,3934798.606346615,139.74668652937086,35.55033725590326
穴川_0,穴川,穴川,419592.5944475079,3944332.5059028966,140.11188499914428,35.639540000284725
立会川_0,立会川,立会川,385767.81240056205,3940150.1097822776,139.7389449993723,35.59850500009557
立場_0,立場,立場,363874.5472503937,3920030.0350259896,139.50069999921436,35.414380001732695
立川_0,立川,Tachikawa,356508.3974915993,3951601.137392261,139.41399875075712,35.697901112188035
立川北_0,立川北,立川北,356390.63069651497,3951783.214037315,139.4126649999086,35.69952500001487
立川南_0,立川南,立川南,356376.4696054727,3951411.199977371,139.41257499939903,35.69617000010448
立飛_0,立飛,立飛,356815.5716078426,3953412.3348036828,139.4170699994553,35.71427000015609
竜ヶ崎_0,竜ヶ崎,竜ヶ崎,425909.1668652836,3974117.3257475304,140.17889000057266,35.908555000579
競艇場前_0,競艇場前,競艇場前,364188.4443167035,3946854.882310072,139.4996599988637,35.65621000157191
竹ノ塚_0,竹ノ塚,竹ノ塚,390725.6447995455,3961815.9930366427,139.79071999768078,35.79437000027896
竹橋_0,竹橋,竹橋,387592.96470961045,3950325.6422403003,139.75767000161227,35.69044000303792
竹芝_0,竹芝,竹芝,387935.27930742747,3946286.073802808,139.76201499920936,35.65406500020081
笠幡_0,笠幡,笠幡,356186.75267887,3974871.0303116124,139.40625999851608,35.907580001466144
笹塚_0,笹塚,笹塚,379379.1846286319,3948571.8056070344,139.66717499797815,35.67366000208523
等々力_0,等々力,等々力,377540.5249610145,3941353.736952612,139.6479600008893,35.60837000118786
箱根ヶ崎_0,箱根ヶ崎,箱根ヶ崎,350560.2397619145,3959887.1043586666,139.3467349999748,35.771695000024465
築地_0,築地,築地,388901.08425254433,3947811.8257266693,139.7724715851009,35.66792789967135
築地市場_0,築地市場,築地市場,388379.0878145575,3947489.121439342,139.76675000182226,35.664960000813764
篠崎_0,篠崎,篠崎,400842.58834468364,3951907.2647298584,139.9038849939475,35.70612000199653
糀谷_0,糀谷,糀谷,384857.30397824233,3935274.6193810627,139.7295900007444,35.55445000030007
経堂_0,経堂,経堂,376584.1742188973,3946117.388571313,139.63667488814747,35.65119035552254
綱島_0,綱島,綱島,376238.01460975804,3933433.5391315715,139.63479499866895,35.53681500036603
綾瀬_0,綾瀬,綾瀬,393772.7687218523,3958212.926961152,139.82491249794435,35.76222500654344
緑が丘_0,緑が丘,緑が丘,380362.8662588935,3941105.1737401765,139.67915000050363,35.60647500067622
緑園都市_0,緑園都市,緑園都市,365832.76167620067,3922773.1536986753,139.5218097260933,35.43937170499431
練馬_0,練馬,練馬,378329.73720422847,3955682.3729163017,139.65450499841646,35.73762500448599
練馬春日町_0,練馬春日町,練馬春日町,377107.84911300446,3957222.9967636997,139.64076000289563,35.75136000307559
練馬高野台_0,練馬高野台,練馬高野台,374927.78763083596,3956061.412439009,139.6168350047535,35.74061500309241
羽村_0,羽村,羽村,347782.7359925556,3958408.170707741,139.31630000321704,35.757940000847825
羽沢横浜国大_0,羽沢横浜国大,羽沢横浜国大,371738.0689853863,3927330.3515824396,139.58613474235756,35.481229243298976
羽田空港第1ターミナル_0,羽田空港第1ターミナル,羽田空港第1ターミナル,389840.60982254014,3934616.900555257,139.78465076047263,35.549087680268215
羽田空港第1・第2ターミナル_0,羽田空港第1・第2ターミナル,羽田空港第1・第2ターミナル,389950.8037992286,3934685.60578973,139.78585690872282,35.54971927617454
羽田空港第2ターミナル_0,羽田空港第2ターミナル,羽田空港第2ターミナル,390164.6582465809,3934802.3045683885,139.78820000336515,35.55079500082988
羽田空港第3ターミナル_0,羽田空港第3ターミナル,羽田空港第3ターミナル,388310.47865120287,3934121.1925815996,139.76784120716863,35.54444778793029
羽貫_0,羽貫,羽貫,374596.71232646983,3985637.91853335,139.60852000094815,36.00716000040128
習志野_0,習志野,習志野,413419.16251484666,3952802.3430213453,140.04279499909248,35.71537500010463
聖蹟桜ヶ丘_0,聖蹟桜ヶ丘,聖蹟桜ヶ丘,359408.17201876227,3946328.8358670953,139.4469601629856,35.650799270803304
能見台_0,能見台,能見台,375462.9964580499,3913887.0716490764,139.62923960263794,35.36052258309618
自由が丘_0,自由が丘,自由が丘,379429.6843408784,3941212.931555718,139.6688336210238,35.60733297684397
舎人_0,舎人,舎人,388881.2391043829,3963098.086466284,139.7701350000228,35.805720000004314
舎人公園_0,舎人公園,舎人公園,388867.2701835424,3962093.7312698364,139.7701200000386,35.79666500001685
舞岡_0,舞岡,舞岡,368446.55678551126,3918647.7793340264,139.55126499849692,35.40253500226626
舞浜_0,舞浜,舞浜,398930.1687904876,3944168.186732415,139.8837200045643,35.63616000433069
航空公園_0,航空公園,航空公園,361350.77186341444,3962667.89855932,139.4655900051276,35.79834000207875
船堀_0,船堀,船堀,397192.5550775723,3949471.1333615333,139.86385499943864,35.68378500427163
船橋_0,船橋,Funabashi,408132.46329305007,3951362.6041527744,139.98451988913448,35.70191677301321
船橋日大前_0,船橋日大前,船橋日大前,414994.82440338156,3954103.7880155756,140.0600749977051,35.727245002402576
船橋法典_0,船橋法典,船橋法典,406555.51615917304,3954545.7504716325,139.96672082435418,35.73046421008705
船橋競馬場_0,船橋競馬場,船橋競馬場,409343.8880054313,3949981.032956541,139.9980646358653,35.689574104078204
芝公園_0,芝公園,芝公園,386821.3774096671,3946232.509038507,139.74971980073465,35.6534550404401
芝浦ふ頭_0,芝浦ふ頭,芝浦ふ頭,387543.4449392458,3944977.0018288293,139.75787000004735,35.642220000007015
芦花公園_0,芦花公園,芦花公園,374041.0107461652,3948299.1030307095,139.60824765678146,35.670534609541896
花小金井_0,花小金井,花小金井,365542.50221635296,3954593.343390269,139.51332000201256,35.72614500165283
花月総持寺_0,花月総持寺,花月総持寺,379634.50915581227,3929339.0983217815,139.67285999871746,35.50032500045883
若松河田_0,若松河田,若松河田,384032.7747433331,3951339.3222932657,139.71818499772104,35.69916500232714
若林_0,若林,若林,378679.7092833564,3945504.4368791822,139.65990999961593,35.64592500062417
若葉_0,若葉,若葉,356478.1334387817,3979454.3423960707,139.4086602702686,35.94893021580723
若葉台_0,若葉台,若葉台,361651.73039413686,3942806.114384391,139.4723400009649,35.61936500487166
茅場町_0,茅場町,茅場町,389548.27942138736,3949111.096025587,139.7794426349243,35.67971269963059
茗荷谷_0,茗荷谷,茗荷谷,385751.3217302434,3953317.7848424716,139.73689500193018,35.717200000732625
草加_0,草加,草加,391922.57597898087,3965574.2085048193,139.80345499948436,35.828380000052796
荏原中延_0,荏原中延,荏原中延,383346.13872103015,3941445.578812125,139.71202999983615,35.6099000000573
荏原町_0,荏原町,荏原町,382931.0285811777,3940775.4246550384,139.70754500002917,35.603810000715924
荒川一中前_0,荒川一中前,荒川一中前,390469.4243546362,3955087.616523167,139.7888050001084,35.73369000006749
荒川七丁目_0,荒川七丁目,荒川七丁目,390050.3752037075,3956014.669025225,139.7840450000767,35.74200000006669
荒川二丁目_0,荒川二丁目,荒川二丁目,390104.02736104175,3955636.825506986,139.78469000000976,35.73860000000431
荒川区役所前_0,荒川区役所前,荒川区役所前,390218.9546789321,3955276.5283569014,139.7860100003527,35.735365000115756
荒川車庫前_0,荒川車庫前,荒川車庫前,387237.9359434056,3957032.881080419,139.75280500002313,35.75086000025018
荒川遊園地前_0,荒川遊園地前,荒川遊園地前,387659.87585843186,3957004.0156946857,139.75747488940414,35.75064809156259
荻窪_0,荻窪,荻窪,375157.5731355798,3952029.601862493,139.620002499095,35.704302505674264
菅野_0,菅野,菅野,402272.7769796573,3954349.0451007234,139.91939500171577,35.72827500127008
菊名_0,菊名,Kikuna,375825.6869665128,3930472.7804671936,139.63070130343044,35.51007492528353
菊川_0,菊川,菊川,391974.7252589968,3950045.5521807843,139.8061255319457,35.68840514002454
萩山_0,萩山,萩山,362268.89333230606,3956269.6081513925,139.47684770323613,35.740800842659
落合_0,落合,落合,381134.66447343305,3952650.099355573,139.68596499622927,35.71063500491164
落合南長崎_0,落合南長崎,落合南長崎,380927.7730453888,3954065.344175325,139.6834685349468,35.723367006870376
葛西_0,葛西,葛西,397951.8626175468,3947225.037871968,139.87252963009723,35.66361605561144
葛西臨海公園_0,葛西臨海公園,葛西臨海公園,396927.1783188705,3945079.7003132603,139.86148500404073,35.64417000379409
葭川公園_0,葭川公園,葭川公園,420303.67654819053,3940923.616009577,140.12007500003284,35.60886500000854
蒔田_0,蒔田,蒔田,373871.818902635,3921651.194248524,139.61052999679748,35.43031000143326
蒲生_0,蒲生,蒲生,390919.3917783119,3969858.6960501196,139.79176500112004,35.86689000012753
蒲田_0,蒲田,Kamata,383552.54805646586,3936125.431528589,139.7150749688412,35.56196697985624
蓮根_0,蓮根,蓮根,380619.7209160499,3960802.1851540236,139.67905999944344,35.784055000045804
蓮沼_0,蓮沼,蓮沼,382968.61433667823,3936354.1632869113,139.70860000061083,35.563960000126045
蓮田_0,蓮田,蓮田,378562.5793673687,3982698.1589640807,139.652964989172,35.98116500196094
蔵前_0,蔵前,蔵前,390677.92270942865,3951827.8443743438,139.79155396058187,35.704328442342984
蕨_0,蕨,蕨,381711.0780349603,3965655.033324106,139.69041500676138,35.82793000249305
薬園台_0,薬園台,薬園台,412861.46393436356,3952111.7455733437,140.0367049984563,35.70910000056919
藤が丘_0,藤が丘,藤が丘,366528.73020325025,3934303.865300103,139.52757999955955,35.543400000906864
藤の牛島_0,藤の牛島,藤の牛島,389840.4095790204,3982457.509740612,139.77806999975442,35.980335000996725
藤代_0,藤代,藤代,420440.3278689447,3975496.107788191,140.11814998983203,35.92055501475319
蘇我_0,蘇我,蘇我,421243.23255940806,3937952.672062618,140.13073719713995,35.582155724985306
虎ノ門_0,虎ノ門,虎ノ門,386881.1746416789,3948084.910462521,139.75012000085874,35.670160000824005
虎ノ門ヒルズ_0,虎ノ門ヒルズ,虎ノ門ヒルズ,386664.9313638179,3947773.7179461005,139.74777499858538,35.66733000020264
行徳_0,行徳,行徳,401745.6658042224,3949290.2963118344,139.91418612070768,35.68261910286886
表参道_0,表参道,表参道,383430.19364048145,3947587.9624625836,139.71206965586873,35.66527862688456
袖ヶ浦_0,袖ヶ浦,袖ヶ浦,405344.66360606137,3921440.796143909,139.95720999503655,35.43190500449415
西ヶ原_0,西ヶ原,西ヶ原,386277.4943338172,3956499.895796324,139.7422600017454,35.74594500061574
西ヶ原四丁目_0,西ヶ原四丁目,西ヶ原四丁目,385409.24423796014,3956321.3720472273,139.7326849996509,35.74423500008326
西八王子_0,西八王子,西八王子,347200.4396046216,3947137.6929207006,139.31200499333488,35.65627500387349
西千葉_0,西千葉,西千葉,418800.24247543985,3942463.8472423237,140.10332244555048,35.62262847023995
西取手_0,西取手,西取手,415130.19203167513,3974218.404265168,140.0594350035145,35.908590001139395
西台_0,西台,西台,380047.6402704249,3961145.5126224104,139.67268000098716,35.78708000410116
西国分寺_0,西国分寺,Nishi-Kokubunji,361212.7776062614,3951739.110611071,139.46595509099672,35.69981850075216
西国立_0,西国立,西国立,357397.4057222965,3951130.6864406955,139.42390500092097,35.69379000012795
西大井_0,西大井,西大井,384201.7709389509,3940524.690153849,139.72160695585617,35.6016994469319
西大宮_0,西大宮,西大宮,371789.46139600984,3976225.5953483363,139.57890034782017,35.92195935435593
西大島_0,西大島,西大島,393803.3367043291,3950129.20703303,139.82632011459964,35.68935795810775
西太子堂_0,西太子堂,西太子堂,379260.6517541692,3945340.6676805853,139.6663500006312,35.64452000058403
西小山_0,西小山,西小山,382147.77485292504,3942075.3789354325,139.6987099990221,35.6154350002673
西川口_0,西川口,西川口,382952.5071860247,3964261.1910154354,139.70436000473154,35.815515001676715
西川越_0,西川越,西川越,361050.70481201087,3976070.630399164,139.45993500092263,35.91909500198032
西巣鴨_0,西巣鴨,西巣鴨,385049.98320603557,3956235.053747439,139.72872500460548,35.743415001548136
西府_0,西府,西府,360387.4920536042,3948547.4465768496,139.45739000044225,35.6709350002328
西所沢_0,西所沢,西所沢,360480.8804978392,3961627.174021784,139.45614766835638,35.7888367488183
西新井_0,西新井,西新井,390670.1594374378,3959920.7914982988,139.7903650043411,35.777280001583776
西新井大師西_0,西新井大師西,西新井大師西,388847.485854906,3960373.911684525,139.77014000002032,35.78116000000886
西新宿_0,西新宿,西新宿,381707.45608746924,3950854.126460599,139.6925600018351,35.69451500174604
西新宿五丁目_0,西新宿五丁目,西新宿五丁目,380986.246414316,3950351.779731418,139.68466499738986,35.68990000190226
西日暮里_0,西日暮里,Nishi-Nippori,388520.1811710138,3955002.9450854934,139.76726635928716,35.73270785956699
西早稲田_0,西早稲田,西早稲田,383224.2202898705,3952308.464595666,139.70910902506668,35.70780544815326
西横浜_0,西横浜,西横浜,373766.5684924495,3924235.844998831,139.60896999732327,35.453595001541885
西武園_0,西武園,西武園,359788.3440156279,3959296.8501700414,139.44889500095152,35.7677350008504
西武園ゆうえんち_0,西武園ゆうえんち,西武園ゆうえんち,359003.6826191065,3959452.9863155633,139.44019000062085,35.76903000015587
西武新宿_0,西武新宿,西武新宿,382387.57239990716,3951028.7874180125,139.7000497625095,35.69617081212094
西武柳沢_0,西武柳沢,西武柳沢,369081.18411568145,3954810.5737584196,139.55239999962038,35.72858000120449
西武球場前_0,西武球場前,西武球場前,357212.84574791585,3959719.942659539,139.42033749879423,35.77117750027775
西武立川_0,西武立川,西武立川,352548.21962237,3954803.667510638,139.36965499946476,35.72618000126816
西永福_0,西永福,西永福,376489.2340419264,3949190.040026131,139.63515500133897,35.6788750013596
西浦和_0,西浦和,西浦和,376077.1357266975,3967535.6061383374,139.6277649976897,35.84418500119502
西登戸_0,西登戸,西登戸,418754.2086395026,3941909.275967017,140.10287000151416,35.61762500038503
西白井_0,西白井,西白井,412495.2812618472,3960472.497025485,140.03174499971877,35.78444000296613
西立川_0,西立川,西立川,354632.88815951673,3952265.208683814,139.39315603800742,35.70361139312524
西船橋_0,西船橋,Nishi-Funabashi,405823.3663609782,3952002.2981314086,139.95892447319022,35.70746551847896
西荻窪_0,西荻窪,西荻窪,373297.3609537315,3951998.1709761783,139.59945029092322,35.703781706575626
西葛西_0,西葛西,西葛西,396782.8014718637,3947343.6300987373,139.85960042834975,35.66456350703575
西調布_0,西調布,西調布,366892.0657614789,3946937.164003917,139.5295050041451,35.657320003079015
西谷_0,西谷,西谷,369862.80306919693,3927006.352711379,139.56552083048894,35.47806482088183
西馬込_0,西馬込,西馬込,382795.9997209524,3938946.2087325533,139.70631999639394,35.58730500087142
西高島平_0,西高島平,西高島平,377615.2931426217,3961712.9886273835,139.64568500274913,35.79189500542556
要町_0,要町,要町,382300.03591756965,3955139.556737853,139.698480002715,35.733215005277984
見沼代親水公園_0,見沼代親水公園,見沼代親水公園,388944.663206882,3964082.962739959,139.77069999995993,35.81460500000353
誉田_0,誉田,誉田,428736.5536298229,3933990.2958456133,140.2137850029776,35.547000003441305
読売ランド前_0,読売ランド前,読売ランド前,366688.72733516817,3942215.6324435007,139.52804000114085,35.61473500401862
調布_0,調布,調布,368261.6524890991,3946301.0349359624,139.54473500480398,35.65177000586084
護国寺_0,護国寺,護国寺,384899.8186317468,3953548.441072,139.7274500043685,35.71918000081091
谷保_0,谷保,谷保,359445.48981118674,3949721.1573343743,139.44678000242553,35.68138000234373
谷在家_0,谷在家,谷在家,388854.34191544214,3961208.0663505625,139.77010000001167,35.78868000000509
谷塚_0,谷塚,谷塚,391724.4591951329,3964076.782879426,139.80146499632085,35.81486000062384
谷津_0,谷津,谷津,410211.17655064963,3949491.836633592,140.00770327586926,35.68524336210139
豊四季_0,豊四季,豊四季,404237.27424695605,3969664.7924978225,139.93928000181847,35.86653500153483
豊島園_0,豊島園,豊島園,377803.27504306566,3956155.284301891,139.6486125014429,35.74182250153369
豊春_0,豊春,豊春,385144.8094250101,3981153.025019828,139.7261849984192,35.96803500112178
豊洲_0,豊洲,豊洲,390986.31403782807,3946288.461767539,139.79571286317196,35.65442825443925
豊田_0,豊田,豊田,353493.2648934144,3947384.3945405744,139.38145234806063,35.65945271762528
豪徳寺_0,豪徳寺,豪徳寺,377533.06751437084,3946384.6795840748,139.64711367156792,35.653717890630666
赤土小学校前_0,赤土小学校前,赤土小学校前,388703.13399525266,3956149.067032237,139.76912999990148,35.74306000000925
赤坂_0,赤坂,赤坂,385641.0196725532,3948317.8826999376,139.7363870626106,35.67211706325753
赤坂見附_0,赤坂見附,Akasaka-Mitsuke,385732.3159084802,3948840.9617202533,139.7373213456943,35.67684280351753
赤羽_0,赤羽,Akabane,384405.42755421106,3960043.7989674457,139.72104875965326,35.77767170227759
赤羽岩淵_0,赤羽岩淵,赤羽岩淵,384509.5722462168,3960672.936045094,139.72211000409112,35.78335500767399
赤羽橋_0,赤羽橋,赤羽橋,386323.3793954379,3946406.920439617,139.7441950006981,35.65497000251062
越中島_0,越中島,越中島,390713.5134398362,3947797.3642479703,139.79249500691728,35.66800000293162
越谷_0,越谷,越谷,390448.54187001055,3972154.2729526823,139.7862350036275,35.887530000671596
越谷レイクタウン_0,越谷レイクタウン,越谷レイクタウン,393684.945173365,3970847.290273541,139.8222599750034,35.876105564229015
足立小台_0,足立小台,足立小台,388816.44395584834,3957431.725092333,139.7702049999003,35.75463500000817
踊場_0,踊場,踊場,365468.6942612025,3919039.2768266555,139.51841631856416,35.40566616694087
辰巳_0,辰巳,辰巳,392297.92233054194,3945312.5628773095,139.8103300040373,35.6457750021305
追浜_0,追浜,追浜,375003.17422513803,3908915.8920067754,139.62493919628278,35.315653214983946
逆井_0,逆井,逆井,408198.45995531924,3964823.8087826376,139.98370686688014,35.823274082703485
運河_0,運河,運河,401295.16925172484,3975003.6718787863,139.90603500089398,35.91437000009728
都庁前_0,都庁前,都庁前,381707.5402723026,3950418.6942158863,139.69262499847198,35.69059000279896
都立大学_0,都立大学,都立大学,380134.3654805779,3942370.153993885,139.676439996973,35.61785000091201
都立家政_0,都立家政,都立家政,377485.41479222506,3953981.6256677285,139.64543000125147,35.722190001577275
都筑ふれあいの丘_0,都筑ふれあいの丘,都筑ふれあいの丘,369574.58648658637,3933499.5909027876,139.56130099840388,35.53655600144036
都賀_0,都賀,都賀,422946.16217169375,3943883.2908694535,140.14896499164863,35.63575750373407
都電雑司ヶ谷_0,都電雑司ヶ谷,都電雑司ヶ谷,384036.1317001934,3954103.2611187263,139.71782305722468,35.72407985826805
野島公園_0,野島公園,野島公園,375627.49704234616,3910564.800219384,139.63155499929087,35.33059500042361
野方_0,野方,野方,378212.75468157564,3953682.1087115332,139.65351519885326,35.71958044056481
野田市_0,野田市,野田市,398150.3198447371,3978298.417043921,139.87076371565422,35.9437472137026
金子_0,金子,金子,348995.8142093912,3964254.3176182425,139.3286100015101,35.810815000297616
金沢八景_0,金沢八景,金沢八景,374617.51085882564,3910664.564016433,139.62042990669,35.331368020741785
金沢文庫_0,金沢文庫,金沢文庫,374758.1192913612,3911980.0764579577,139.62177523834558,35.34324411690849
金町_0,金町,金町,397893.39452426543,3958972.6271718973,139.87038999844154,35.76951000528473
鈴木町_0,鈴木町,鈴木町,384019.98215336085,3933169.945667852,139.72065499986755,35.53538000078252
鉄道博物館_0,鉄道博物館,鉄道博物館,375298.7709788998,3975987.2375775403,139.61782500051447,35.92026500008405
銀座_0,銀座,銀座,388179.52947037196,3948295.074281508,139.76443366525376,35.67220253481032
銀座一丁目_0,銀座一丁目,銀座一丁目,388396.2351549147,3948549.726338234,139.7667923532028,35.674522600784535
錦糸町_0,錦糸町,Kinshicho,392756.6305349236,3950998.368049471,139.814638236152,35.69707965363817
鎌ヶ谷_0,鎌ヶ谷,鎌ヶ谷,409359.72558991,3958212.8322790535,139.997309999723,35.76378500002484
鎌ヶ谷大仏_0,鎌ヶ谷大仏,鎌ヶ谷大仏,410856.4618007729,3957539.8537540743,140.0139400029536,35.75785500245703
鎌倉_0,鎌倉,鎌倉,368218.3410008834,3909362.049578983,139.55024979720824,35.31880321507163
鎌取_0,鎌取,鎌取,425574.60215869045,3935751.776542953,140.17874189287673,35.56264847828747
鐘ヶ淵_0,鐘ヶ淵,鐘ヶ淵,393324.1292243891,3955060.59253618,139.8203699983057,35.73376000048911
長原_0,長原,長原,382061.3696827424,3940611.6109396867,139.6979699992295,35.6022300004663
長後_0,長後,長後,360658.8372289439,3919843.0747647556,139.46532499969604,35.412250000027285
長沼_0,長沼,長沼,352052.8222247286,3945558.344194262,139.36588000009374,35.64278000273035
長津田_0,長津田,Nagatsuta,363514.145227531,3933062.3461246896,139.49454319131982,35.53179894480352
長浦_0,長浦,長浦,408834.3335550267,3923443.3857048745,139.99542499359885,35.45028500401826
門前仲町_0,門前仲町,門前仲町,391001.63570585346,3948273.7443319177,139.79561332155447,35.67232618298669
関内_0,関内,関内,376208.61835216265,3923244.5649521695,139.63602411302867,35.444966454278706
阪東橋_0,阪東橋,阪東橋,375209.5501224342,3922443.1431040326,139.6251417162941,35.437617438905846
阿佐ヶ谷_0,阿佐ヶ谷,阿佐ヶ谷,376592.6617917452,3952073.420251814,139.63585506593193,35.70487829472855
雑司が谷_0,雑司が谷,雑司が谷,383749.37621954014,3953676.591864464,139.71471498731268,35.72020000295787
雑色_0,雑色,雑色,383531.28733209777,3934773.1990333013,139.71503499942818,35.54977500010727
雪が谷大塚_0,雪が谷大塚,雪が谷大塚,380520.194763259,3939493.3716904526,139.68112499905138,35.59196500019901
霞ヶ関_0,霞ヶ関,霞ヶ関,387041.3340205558,3948459.6836536615,139.75183666623536,35.67355667053899
霞ヶ関_1,霞ヶ関,霞ヶ関,359627.198082841,3976792.9266273095,139.44403501255272,35.92540147042857
青井_0,青井,青井,393363.8610655307,3959302.2163083926,139.8202449997622,35.77200000005185
青山一丁目_0,青山一丁目,青山一丁目,384527.13735407917,3948417.904835679,139.724067554529,35.6728888996349
青梅街道_0,青梅街道,青梅街道,362226.8765389803,3955181.757017471,139.47656999989684,35.73099000001036
青海_0,青海,青海,389642.2016201108,3943018.27867332,139.78131499753096,35.624800001430174
青物横丁_0,青物横丁,青物横丁,386162.5196292491,3941330.391201049,139.74313500077514,35.609190000084986
青砥_0,青砥,青砥,396586.42892191187,3956365.3470502687,139.85626999714222,35.74587000070476
青葉台_0,青葉台,青葉台,365595.89601523214,3934257.38873466,139.51729999965428,35.542855001745785
面影橋_0,面影橋,面影橋,383735.08829393005,3952861.943745107,139.71467500013037,35.712855000252475
飛田給_0,飛田給,飛田給,366367.38481836184,3947240.700010946,139.52366000339129,35.65998500261982
飛鳥山_0,飛鳥山,飛鳥山,385836.6900998447,3956962.620806913,139.73731999976343,35.7500650000479
飯山満_0,飯山満,飯山満,411563.777582041,3952668.1111585363,140.02229999407578,35.71400000441866
飯田橋_0,飯田橋,Iidabashi,386421.80525955936,3951567.442359974,139.74455357868476,35.7014996133267
飯能_0,飯能,飯能,348187.8715149536,3968748.300065673,139.3188164093466,35.85119150420977
馬喰横山_0,馬喰横山,馬喰横山,389880.07711895375,3950470.9193918267,139.78292226206813,35.69200777186864
馬喰町_0,馬喰町,馬喰町,389837.20860426454,3950623.2590234987,139.7824276882288,35.693376226059996
馬来田_0,馬来田,馬来田,414471.8163158135,3914129.9920637184,140.05851499975054,35.36682000002228
馬橋_0,馬橋,馬橋,402174.68940964295,3963625.555354554,139.91717749892646,35.811890000235564
馬立_0,馬立,馬立,419635.2672858228,3920397.958906179,140.1147300005963,35.423760000134656
馬車道_0,馬車道,馬車道,376232.4062938644,3923810.958267889,139.6362000052084,35.450075004359846
馬込_0,馬込,馬込,383310.78132796264,3939953.3246630398,139.71185534179068,35.59644426781647
馬込沢_0,馬込沢,馬込沢,408873.0044582155,3955763.0041401098,139.99220499991233,35.741655000010105
駒場東大前_0,駒場東大前,駒場東大前,380886.4551370146,3946888.5250729043,139.6840750020428,35.65867000345025
駒沢大学_0,駒沢大学,駒沢大学,378755.7520762052,3944073.4055336015,139.66096499519384,35.63303500260542
駒込_0,駒込,駒込,386736.3721587748,3955433.6938731507,139.74748454271705,35.736387019220004
高井戸_0,高井戸,高井戸,374692.8793922644,3949701.6611132636,139.61523000017038,35.68326000140255
高円寺_0,高円寺,高円寺,377845.9029260951,3952105.5442460873,139.64970004835286,35.70532405549821
高尾_0,高尾,高尾,344472.0543414499,3945602.718090496,139.282172493259,35.64201500549322
高島平_0,高島平,高島平,379021.5093124274,3961365.271199198,139.66129500207742,35.788935003764514
高島町_0,高島町,高島町,375106.7211118154,3924782.8459989745,139.6236500036497,35.45869500110487
高幡不動_0,高幡不動,高幡不動,356458.9741477708,3947594.5285109305,139.41416750839036,35.66178250656724
高座渋谷_0,高座渋谷,高座渋谷,360637.2738049349,3922050.6381043606,139.46471000000307,35.43214500002331
高松_0,高松,高松,356464.68781314,3952949.2299518157,139.41327499950447,35.71004500014861
高柳_0,高柳,高柳,409561.14728127373,3963149.2721676,139.998980000017,35.808305000009206
高根公団_0,高根公団,高根公団,412227.1968694728,3954482.9223226653,140.02943500301294,35.73042000143583
高根木戸_0,高根木戸,高根木戸,412724.9629186555,3954054.8315094914,140.03498500274435,35.72660500157506
高津_0,高津,高津,374788.7671706389,3940847.2629463924,139.61766499536066,35.603460002946406
高田_0,高田,高田,374969.9593552947,3934863.994850697,139.6205900029806,35.54955000286516
高田馬場_0,高田馬場,Takadanobaba,382794.58437651634,3952876.7080752193,139.7042778141972,35.712876604623574
高輪ゲートウェイ_0,高輪ゲートウェイ,高輪ゲートウェイ,385974.1249191647,3944238.0324788196,139.74064445033335,35.63537872066407
高輪台_0,高輪台,高輪台,385038.6168233139,3943839.0974006373,139.7303713969636,35.6316741570873
高野_0,高野,高野,388881.9515071311,3958941.849292416,139.77072000018788,35.768255000020844
鬼子母神前_0,鬼子母神前,鬼子母神前,383789.72823140863,3953718.2192880493,139.71515499970022,35.72058000007208
鬼越_0,鬼越,鬼越,403933.0019013098,3953386.911182752,139.93786500115604,35.71976500081018
鮫洲_0,鮫洲,鮫洲,386094.18051839294,3940874.2157893567,139.74244499857318,35.60507000036832
鰭ヶ崎_0,鰭ヶ崎,鰭ヶ崎,401662.8496446333,3966857.118528136,139.91111500080027,35.8409700003109
鳥浜_0,鳥浜,鳥浜,376629.5669617233,3915718.870102334,139.64180000077417,35.37718000024201
鳩ヶ谷_0,鳩ヶ谷,鳩ヶ谷,385847.3456733435,3965919.045167706,139.7361600038202,35.83080000069699
鴨居_0,鴨居,鴨居,370045.2874822829,3930640.8925756533,139.56694999840335,35.510850003033205
鵜の木_0,鵜の木,鵜の木,380443.4540445929,3937655.074320537,139.68055000073537,35.57538500025956
鶯谷_0,鶯谷,鶯谷,389478.0713861647,3953742.624669278,139.77803000470908,35.72145500171983
鶴ヶ峰_0,鶴ヶ峰,鶴ヶ峰,368448.4330470049,3926696.992653849,139.5499849988173,35.4750900013453
鶴ヶ島_0,鶴ヶ島,鶴ヶ島,357841.7404618834,3978077.525436031,139.42402094251352,35.93672098677892
鶴川_0,鶴川,鶴川,362448.73302847333,3938771.4120186674,139.48182499711288,35.58311000446808
鶴瀬_0,鶴瀬,鶴瀬,368104.9319273205,3967809.3320395746,139.5394661097571,35.845611779285534
鶴見_0,鶴見,鶴見,379932.75243532564,3930210.349368791,139.6760187078898,35.50821482046453
鶴見小野_0,鶴見小野,鶴見小野,380392.8553903876,3928962.288582694,139.6812750011789,35.49702000041867
鶴見市場_0,鶴見市場,鶴見市場,380896.2620713587,3931237.501398541,139.6864899985657,35.51759000030802
鶴間_0,鶴間,鶴間,359461.68742482644,3928550.9622275406,139.45064000286575,35.4905700005846
鷹の台_0,鷹の台,鷹の台,360810.2182231326,3954318.493743954,139.46105999966605,35.723010000025866
鷺ノ宮_0,鷺ノ宮,鷺ノ宮,376980.90808631975,3954036.3098767614,139.63984500001274,35.72262000262918
鷺沼_0,鷺沼,鷺沼,370718.76721227064,3938272.0466333805,139.57315640153374,35.57972388025252
鹿島田_0,鹿島田,鹿島田,379903.0159623549,3935007.6266504927,139.67498000081628,35.551455000148366
麹町_0,麹町,麹町,385746.2345573518,3949721.8562204503,139.73735000377317,35.68478500066713
麻布十番_0,麻布十番,麻布十番,385634.54401155014,3946491.1850768887,139.73657500528552,35.65565000218738
黄金町_0,黄金町,黄金町,374978.43113923655,3922677.9489727668,139.62255999853596,35.43970500141293
黒川_0,黒川,黒川,361496.1556121264,3942117.70250421,139.47074081486215,35.61313835030342
龍ケ崎市_0,龍ケ崎市,龍ケ崎市,422248.1258328329,3976517.033370723,140.13808592711908,35.9299041888925
